Age,Gender,Department,Job_Role,Work_Experience,Work_Hours_per_Week,Remote_Work,Workload_Score,Job_Satisfaction,Sleep_Hours,Physical_Activity_Hrs,Caffeine_Intake,Stress_Level,Mental_Health_Score
50,Male,Finance,Intern,24,48,Yes,3,2,6.3,1.8,1,3.5,68.7
36,Male,IT,Team Lead,25,30,Yes,7,4,4.1,1.7,1,7.0,48.4
29,Male,Finance,Intern,29,69,Yes,7,4,5.9,0.7,4,5.1,61.2
42,Female,Finance,Team Lead,15,61,No,8,3,7.9,1.1,6,7.4,40.2
40,Female,Finance,Analyst,26,51,Yes,7,8,8.1,1.9,4,3.3,71.8
44,Female,HR,Analyst,8,58,No,3,7,7.5,0.5,5,1.0,91.5
32,Female,HR,Analyst,19,31,Yes,4,2,7.5,1.5,4,5.3,62.9
32,Male,IT,Team Lead,24,69,No,3,3,6.5,0.2,5,4.4,62.2
45,Male,Marketing,Developer,16,67,No,6,9,6.7,1.0,5,5.3,52.9
57,Female,Marketing,Analyst,6,40,No,9,5,7.7,1.8,2,6.7,48.4
45,Male,Marketing,Intern,29,46,Yes,5,2,5.2,1.1,2,5.3,60.6
24,Female,IT,Executive,6,37,No,5,3,5.2,1.2,2,5.2,62.8
43,Female,Marketing,Team Lead,22,51,Yes,6,8,8.7,1.8,2,7.2,41.3
23,Male,Marketing,Intern,3,33,Yes,6,4,4.1,1.4,0,5.3,56.6
45,Female,Finance,Manager,10,40,No,9,2,4.7,1.4,2,8.6,40.0
51,Female,HR,Manager,1,37,No,9,2,6.9,1.2,2,8.0,40.0
59,Female,HR,Executive,28,38,Yes,5,6,7.7,1.3,2,4.9,60.5
23,Male,Finance,Developer,14,55,Yes,9,8,6.7,1.6,5,6.4,50.3
42,Male,Finance,Analyst,4,31,No,9,7,5.8,2.0,1,6.2,49.1
54,Female,Finance,Team Lead,26,45,No,9,4,8.9,1.6,6,5.0,60.9
33,Male,HR,Intern,12,60,Yes,8,2,7.5,1.4,1,7.2,43.3
43,Male,Marketing,Analyst,6,35,No,4,9,8.2,0.3,1,3.0,78.5
46,Female,Finance,Intern,11,50,Yes,9,4,4.2,1.6,3,7.7,40.0
48,Male,IT,Team Lead,12,55,No,4,9,5.2,1.5,0,4.1,68.3
49,Female,Finance,Manager,10,48,No,4,5,5.9,1.5,5,4.2,62.9
37,Female,Sales,Analyst,18,57,Yes,6,7,4.9,0.5,4,4.6,68.8
36,Female,Finance,Executive,7,37,No,9,5,4.4,1.8,5,8.1,40.0
24,Male,HR,Developer,7,43,Yes,5,2,5.1,0.2,2,5.8,48.6
58,Female,Finance,Executive,11,53,No,8,6,6.7,0.5,1,5.6,63.5
28,Male,Sales,Developer,4,66,No,5,7,7.5,1.3,5,3.6,69.6
42,Male,IT,Intern,20,55,No,9,6,7.9,1.3,0,6.9,45.1
30,Female,Marketing,Analyst,1,60,Yes,5,3,4.2,0.6,2,5.8,48.5
39,Male,Finance,Analyst,13,61,Yes,9,8,6.1,1.4,3,8.2,40.0
25,Male,Sales,Developer,18,31,Yes,8,3,4.6,0.8,4,7.4,45.8
46,Female,Sales,Manager,9,54,No,3,5,6.2,0.0,2,2.9,78.9
35,Male,IT,Team Lead,26,31,No,8,9,6.2,0.3,6,4.9,55.7
30,Male,HR,Executive,24,30,No,3,5,6.5,1.8,4,4.6,60.9
47,Female,Finance,Intern,24,65,Yes,7,7,8.5,0.4,5,4.4,67.6
23,Female,Sales,Executive,9,41,No,3,7,8.0,0.2,2,3.1,77.1
41,Female,IT,Executive,23,38,No,4,5,7.2,1.4,3,5.3,56.1
49,Male,Marketing,Intern,29,65,No,4,2,8.4,0.9,5,6.0,53.2
28,Male,Sales,Intern,9,57,Yes,8,5,7.4,1.6,0,5.7,50.8
29,Male,IT,Analyst,10,67,Yes,4,7,8.1,1.7,4,3.3,69.7
56,Male,HR,Executive,28,62,No,4,7,6.8,1.7,4,3.9,61.3
35,Female,HR,Team Lead,2,51,No,7,4,6.6,0.6,0,7.5,42.8
38,Male,Sales,Team Lead,6,54,Yes,4,1,7.6,1.0,6,4.3,65.3
57,Male,Sales,Developer,15,47,No,6,6,4.1,1.3,4,5.9,52.8
25,Female,Finance,Intern,3,35,Yes,6,3,7.5,0.6,5,5.9,43.6
23,Female,IT,Analyst,11,47,No,6,5,8.7,0.1,1,4.1,67.1
27,Female,Sales,Team Lead,6,45,No,3,4,7.6,1.0,6,5.2,60.1
25,Male,Finance,Manager,3,44,Yes,8,2,4.2,0.0,0,8.6,40.0
50,Male,Finance,Analyst,24,37,No,8,7,5.9,1.9,3,7.4,40.9
39,Male,Sales,Analyst,11,42,Yes,5,5,8.0,1.6,6,5.8,53.4
47,Male,HR,Team Lead,15,36,Yes,7,7,8.8,0.4,2,4.9,59.4
55,Female,IT,Manager,13,46,No,6,9,5.9,0.6,2,5.0,63.9
31,Female,IT,Developer,20,61,Yes,6,4,8.2,2.0,0,5.7,57.6
57,Female,HR,Team Lead,28,51,Yes,4,5,8.3,0.7,1,3.2,84.4
35,Female,Sales,Manager,10,42,Yes,6,9,4.6,1.6,5,3.4,69.2
52,Male,IT,Analyst,6,52,Yes,4,4,8.2,0.9,3,4.8,62.9
36,Female,Sales,Manager,15,58,Yes,4,5,5.6,1.7,2,4.7,66.9
29,Male,Sales,Analyst,25,51,Yes,5,5,7.0,1.4,2,4.5,61.9
35,Female,Finance,Team Lead,18,30,No,3,8,6.7,0.0,5,3.0,81.1
44,Female,HR,Intern,18,58,Yes,4,4,7.3,0.6,1,6.3,50.7
42,Male,Sales,Team Lead,7,34,No,4,4,7.7,1.1,4,2.4,75.6
37,Male,Marketing,Executive,15,64,Yes,8,7,6.2,1.9,6,6.5,44.1
39,Other,HR,Executive,18,39,Yes,5,5,8.4,0.2,0,5.4,55.1
45,Male,IT,Executive,18,48,Yes,4,6,8.0,1.2,1,4.8,61.3
47,Male,Finance,Team Lead,20,66,No,7,6,7.9,0.6,1,4.0,71.7
46,Male,IT,Developer,9,36,No,3,6,6.3,1.8,1,3.5,71.7
50,Female,IT,Team Lead,24,64,No,7,5,4.2,1.5,1,6.0,55.6
36,Female,HR,Intern,2,42,Yes,6,5,6.5,0.7,4,5.7,54.7
22,Female,IT,Manager,8,39,No,3,9,8.5,0.3,5,1.4,88.8
46,Male,Sales,Team Lead,20,31,Yes,6,8,5.0,0.0,3,5.2,57.5
28,Female,IT,Team Lead,2,35,Yes,8,4,8.9,1.2,6,5.4,59.7
30,Male,Finance,Analyst,11,37,No,9,7,8.0,0.8,1,5.7,54.8
45,Female,Finance,Analyst,26,65,Yes,9,8,7.5,0.6,6,7.1,41.0
22,Female,Marketing,Analyst,7,54,No,9,9,7.4,2.0,1,6.3,50.6
29,Male,Finance,Team Lead,6,69,Yes,4,5,6.9,0.9,0,4.5,62.6
45,Male,IT,Developer,10,36,No,5,3,7.6,1.5,2,4.0,66.5
32,Male,Finance,Manager,5,52,No,7,4,6.1,0.4,4,6.6,50.7
38,Male,HR,Manager,11,48,No,6,6,8.2,0.0,1,5.2,57.9
29,Male,Finance,Intern,1,51,Yes,4,5,7.5,0.8,3,2.3,88.0
56,Female,Sales,Developer,2,42,Yes,9,9,7.9,1.3,3,5.8,55.8
56,Female,HR,Developer,24,50,No,7,3,8.0,1.0,3,5.2,56.1
54,Male,Marketing,Manager,1,30,Yes,7,2,4.5,1.8,0,5.7,51.9
26,Male,Sales,Executive,19,48,No,8,6,4.3,0.9,3,5.4,53.1
49,Male,IT,Analyst,2,62,No,8,7,8.0,0.6,5,3.4,74.6
28,Female,IT,Analyst,21,33,Yes,9,5,5.3,1.8,0,6.7,43.8
30,Male,IT,Manager,20,32,No,6,1,6.9,0.8,4,5.5,49.2
29,Female,Sales,Developer,29,56,No,9,3,6.2,0.5,3,8.6,40.0
33,Female,Sales,Intern,23,64,Yes,9,3,4.1,0.2,2,7.5,40.0
55,Female,Sales,Executive,21,57,Yes,4,4,4.2,1.6,1,4.5,65.0
54,Female,HR,Manager,24,35,Yes,5,6,8.1,1.7,4,2.8,77.4
44,Male,HR,Analyst,4,35,Yes,9,5,7.0,0.1,5,6.4,51.6
45,Female,IT,Team Lead,12,52,No,6,1,6.6,0.7,2,7.8,40.0
58,Male,Finance,Developer,22,62,Yes,7,6,8.7,1.5,4,6.7,45.4
56,Male,IT,Team Lead,20,45,No,7,9,4.9,1.9,5,4.7,67.6
43,Female,Marketing,Intern,18,53,Yes,3,1,5.3,0.8,3,5.3,56.6
48,Female,HR,Manager,1,34,No,9,8,7.8,1.7,4,6.4,49.5
56,Female,Sales,Analyst,1,42,No,4,8,7.9,0.8,4,2.3,79.6
22,Male,HR,Executive,24,41,Yes,3,3,6.0,0.4,4,5.0,59.3
56,Male,Sales,Team Lead,14,34,Yes,8,9,8.8,0.0,0,7.1,44.6
58,Female,Marketing,Executive,4,66,No,5,8,8.7,0.7,2,4.4,66.8
35,Male,Marketing,Intern,5,60,No,6,3,4.1,0.8,6,7.2,42.8
24,Female,HR,Analyst,11,57,Yes,9,5,4.9,1.9,5,8.5,40.0
22,Female,Sales,Team Lead,24,57,Yes,7,3,8.1,0.4,3,7.0,44.4
26,Female,Marketing,Intern,28,59,Yes,4,5,5.7,0.8,1,4.4,62.6
47,Male,IT,Executive,23,47,Yes,7,9,4.5,0.1,3,4.0,67.4
35,Male,IT,Executive,13,56,No,9,4,7.9,1.5,3,6.7,47.4
48,Male,Sales,Team Lead,16,64,No,8,6,6.3,1.8,0,5.2,61.4
30,Female,HR,Analyst,24,55,Yes,3,3,6.5,0.5,0,4.3,62.9
36,Male,Marketing,Executive,13,68,No,9,3,4.9,0.9,4,6.9,44.3
36,Female,HR,Manager,24,47,Yes,3,5,7.3,0.2,3,3.5,69.0
47,Male,IT,Intern,22,62,No,6,8,6.8,0.9,2,3.1,73.9
34,Other,Marketing,Team Lead,26,54,Yes,4,8,5.0,0.3,0,3.2,77.4
53,Male,HR,Developer,2,60,Yes,8,3,5.7,1.0,5,7.5,40.0
53,Male,Finance,Developer,16,66,Yes,4,8,7.0,1.5,0,4.1,66.9
25,Male,Sales,Analyst,6,31,Yes,6,8,8.6,1.1,2,4.6,59.5
51,Female,Sales,Manager,14,62,No,8,3,8.6,0.5,0,6.2,48.7
58,Female,Finance,Executive,1,68,No,8,2,5.4,0.7,6,7.6,40.0
44,Female,IT,Developer,17,61,Yes,3,2,7.7,1.3,2,6.5,48.8
36,Male,Marketing,Analyst,11,47,No,3,9,7.9,1.2,6,1.9,85.9
50,Male,Sales,Intern,19,46,Yes,3,7,8.0,0.3,6,4.7,63.4
57,Female,Finance,Manager,3,63,No,7,6,6.9,1.7,1,4.2,67.6
34,Male,Finance,Manager,11,68,Yes,5,7,4.1,1.0,2,3.2,75.4
53,Male,IT,Analyst,29,36,Yes,9,8,7.8,0.3,1,5.6,50.6
28,Other,IT,Analyst,5,64,Yes,3,1,4.5,0.2,5,5.5,53.6
43,Other,HR,Executive,17,59,No,5,8,4.6,1.9,4,3.4,66.1
49,Female,Sales,Analyst,26,41,No,5,3,7.0,0.6,4,5.1,57.8
23,Female,HR,Executive,22,64,Yes,4,3,8.9,1.8,6,5.0,57.4
27,Male,Finance,Executive,7,40,Yes,6,6,5.2,0.8,0,4.4,64.7
49,Male,Marketing,Team Lead,10,33,Yes,7,4,7.2,0.8,2,7.0,51.4
49,Female,Marketing,Manager,28,54,No,5,4,5.5,1.4,0,6.5,50.3
41,Female,IT,Intern,29,61,No,9,4,8.5,0.0,2,8.0,40.6
51,Male,Marketing,Manager,11,49,Yes,7,9,7.0,0.7,0,3.8,72.1
32,Male,Marketing,Manager,3,60,Yes,4,8,5.0,0.6,4,3.1,74.9
49,Male,Marketing,Team Lead,20,33,No,3,3,5.3,1.7,5,4.6,63.2
46,Female,Finance,Executive,10,67,Yes,8,1,6.2,1.1,4,7.3,44.2
54,Female,Marketing,Executive,27,30,Yes,5,1,4.6,0.7,0,6.1,51.9
22,Female,Marketing,Analyst,10,32,Yes,6,1,4.4,0.5,2,7.7,40.0
48,Male,Marketing,Team Lead,14,66,Yes,8,4,7.4,1.2,3,7.1,47.5
34,Other,HR,Analyst,12,51,No,4,6,6.0,0.3,5,3.4,74.1
24,Female,Finance,Team Lead,15,46,No,7,4,7.6,0.5,2,4.9,56.5
27,Male,IT,Analyst,10,43,Yes,9,3,4.6,0.6,0,6.6,46.7
29,Male,HR,Developer,10,64,No,3,8,7.0,1.2,2,2.2,82.6
48,Male,Sales,Manager,26,42,Yes,7,8,6.2,0.7,1,5.9,51.6
30,Male,Finance,Manager,19,64,No,6,6,4.3,1.0,2,5.7,53.2
58,Female,Finance,Intern,1,31,No,5,9,6.7,1.3,4,4.6,61.9
54,Male,Sales,Executive,24,42,No,6,1,4.4,1.9,6,5.3,52.2
45,Female,Sales,Intern,29,45,Yes,7,8,8.1,1.5,4,5.0,54.1
36,Male,Sales,Developer,26,47,Yes,7,6,7.2,0.8,1,5.7,52.4
53,Male,IT,Intern,10,36,Yes,8,1,6.8,1.5,5,8.6,40.0
53,Male,Marketing,Manager,2,65,No,6,4,4.7,1.9,2,5.7,50.4
45,Male,Finance,Executive,17,59,Yes,6,5,5.4,1.0,5,5.2,55.3
33,Female,Marketing,Developer,24,36,No,6,7,6.5,0.8,3,6.3,48.8
23,Female,Marketing,Manager,7,44,No,3,8,7.2,0.2,2,2.8,80.7
24,Female,Sales,Analyst,7,69,No,9,9,4.9,1.8,4,6.2,53.3
58,Female,IT,Team Lead,20,48,No,7,6,4.0,0.5,6,6.5,51.0
38,Male,HR,Developer,27,66,Yes,4,9,5.7,0.1,4,1.9,81.8
23,Male,IT,Executive,9,31,Yes,3,4,6.4,1.1,5,4.3,64.9
23,Male,Marketing,Intern,22,42,Yes,3,8,4.9,1.7,0,2.2,86.1
49,Female,IT,Intern,2,69,No,3,3,6.5,0.8,4,4.5,58.7
44,Male,Sales,Developer,14,60,Yes,8,4,5.7,1.6,0,6.5,46.6
58,Male,HR,Executive,17,45,No,9,4,6.3,1.7,4,6.7,47.1
53,Female,Sales,Developer,1,35,Yes,9,6,5.7,0.9,4,7.3,40.0
54,Male,HR,Executive,9,57,Yes,4,9,7.1,1.2,6,3.3,74.9
22,Male,Marketing,Intern,20,61,No,6,6,4.2,1.1,3,4.6,67.8
40,Male,HR,Manager,21,39,Yes,8,1,4.9,1.9,0,6.8,49.3
23,Female,HR,Analyst,19,47,Yes,7,5,6.2,1.5,0,6.8,45.1
47,Female,HR,Manager,4,33,No,5,9,5.8,1.9,4,3.9,71.2
53,Female,IT,Analyst,28,38,Yes,8,5,6.0,0.4,0,5.1,54.1
27,Male,IT,Intern,8,36,Yes,5,6,8.0,0.6,4,4.0,68.8
53,Other,Marketing,Manager,13,37,Yes,7,3,8.4,0.1,4,6.0,51.1
25,Female,HR,Manager,4,36,Yes,4,8,5.2,1.0,5,2.7,78.0
32,Male,Finance,Developer,9,69,No,9,4,8.2,1.7,2,6.2,50.7
38,Female,Marketing,Team Lead,9,32,No,5,4,6.3,0.7,0,6.1,52.4
59,Male,HR,Intern,22,46,Yes,3,5,5.4,0.3,6,6.6,42.8
45,Female,HR,Executive,18,31,Yes,8,9,8.9,0.1,1,5.1,56.3
26,Female,IT,Intern,12,44,Yes,5,8,8.1,0.9,5,2.5,79.2
55,Male,Marketing,Executive,10,58,No,7,7,9.0,0.3,0,4.6,57.9
27,Other,HR,Executive,11,51,Yes,9,5,4.8,0.7,6,7.3,42.0
43,Female,HR,Analyst,7,33,Yes,3,9,4.7,1.6,0,3.9,71.3
32,Female,Marketing,Executive,9,35,No,5,9,6.5,0.8,3,4.6,67.4
37,Male,Finance,Executive,6,67,No,9,2,7.2,1.2,1,8.9,40.0
54,Male,Marketing,Developer,19,55,Yes,7,4,4.9,1.0,1,6.5,53.7
30,Male,Marketing,Manager,16,40,Yes,4,8,8.3,1.4,6,3.3,73.5
27,Female,Finance,Intern,15,55,Yes,7,1,6.7,0.3,3,5.2,54.6
37,Male,Marketing,Intern,7,46,Yes,4,5,6.1,1.8,3,3.6,71.0
50,Female,HR,Executive,16,53,No,9,8,7.0,1.3,0,4.6,62.6
24,Female,Marketing,Team Lead,5,57,No,9,2,7.2,0.5,2,6.8,47.1
41,Male,Finance,Intern,16,64,No,3,2,4.2,0.2,6,4.2,67.2
57,Female,Sales,Executive,1,60,Yes,7,8,9.0,0.3,3,3.5,72.6
40,Male,Marketing,Analyst,19,42,Yes,6,9,5.8,1.6,1,5.4,59.7
47,Other,IT,Analyst,5,64,Yes,8,7,4.3,1.2,6,4.4,63.5
24,Female,HR,Analyst,7,45,Yes,6,8,8.3,0.8,1,4.0,69.6
40,Male,HR,Executive,19,44,No,6,5,9.0,0.7,0,5.8,54.4
41,Male,IT,Developer,22,47,Yes,6,1,8.1,1.7,6,6.0,52.3
53,Male,IT,Team Lead,5,66,Yes,8,4,8.3,1.7,2,7.6,40.0
28,Female,Marketing,Executive,29,56,Yes,6,2,7.1,1.2,4,5.6,51.4
54,Female,IT,Developer,17,64,Yes,4,3,8.6,1.0,6,6.3,48.8
39,Female,Sales,Developer,26,64,Yes,7,3,4.2,1.6,3,5.4,56.2
22,Male,Finance,Intern,22,57,No,9,9,7.8,1.5,3,6.7,44.2
32,Male,IT,Executive,8,68,Yes,3,4,7.4,0.8,0,3.2,70.3
49,Male,IT,Executive,29,67,No,6,2,4.2,0.2,5,8.1,40.0
46,Female,Sales,Developer,29,38,Yes,9,3,6.7,1.5,5,6.9,43.4
44,Female,HR,Developer,1,41,Yes,6,3,6.6,0.3,2,7.0,40.0
52,Male,HR,Developer,2,44,No,3,7,7.5,0.0,1,4.4,60.8
51,Male,Marketing,Intern,15,50,Yes,3,8,4.4,1.7,1,3.0,69.7
56,Female,Sales,Executive,20,64,No,6,6,8.0,1.2,4,5.8,54.5
28,Female,Finance,Developer,28,62,Yes,4,4,4.7,1.8,1,5.1,62.1
37,Female,Finance,Analyst,18,48,No,9,6,6.1,1.0,5,5.2,58.4
47,Female,Sales,Executive,11,52,No,3,1,8.4,1.9,5,5.3,56.4
23,Male,Finance,Intern,25,42,No,7,8,6.8,0.7,3,4.0,63.8
22,Male,HR,Analyst,10,30,No,9,1,5.9,1.4,4,7.5,40.0
33,Female,Finance,Manager,24,58,No,7,5,4.2,0.6,2,5.5,55.9
26,Female,Finance,Executive,24,53,Yes,9,2,7.4,0.0,4,7.9,40.0
58,Male,Sales,Manager,4,45,No,4,6,8.9,0.8,6,2.8,75.1
53,Female,Sales,Developer,5,54,No,8,9,8.6,1.5,2,3.7,73.6
30,Female,Finance,Intern,4,52,Yes,5,5,7.6,0.3,5,3.7,68.3
56,Female,IT,Developer,13,57,Yes,4,4,4.5,1.0,1,4.5,67.3
40,Female,Sales,Intern,25,45,No,6,2,5.2,0.4,0,7.0,41.7
37,Male,Marketing,Team Lead,13,67,Yes,5,3,4.9,0.1,4,6.7,40.0
24,Female,Marketing,Developer,18,40,Yes,6,6,5.8,1.2,4,6.1,53.1
41,Female,HR,Manager,29,32,No,7,8,5.2,1.9,3,5.3,54.8
45,Female,Finance,Intern,27,44,Yes,3,8,5.2,0.6,3,3.3,69.0
54,Female,IT,Developer,24,30,Yes,9,5,7.1,1.2,5,6.6,48.6
45,Female,HR,Executive,2,36,No,6,5,5.6,1.9,2,6.0,49.3
32,Male,Finance,Intern,16,30,Yes,7,3,7.4,1.3,0,7.4,40.0
29,Female,Sales,Intern,1,61,No,4,7,8.7,1.3,6,3.3,77.5
57,Female,Marketing,Developer,26,38,Yes,6,6,7.2,0.4,3,5.5,55.4
59,Female,IT,Team Lead,19,58,Yes,7,1,7.8,1.0,3,5.6,50.9
41,Female,Marketing,Developer,9,55,Yes,3,4,7.8,0.7,1,4.8,60.2
56,Female,Sales,Manager,28,52,No,9,6,5.7,0.9,1,6.9,51.2
46,Male,Finance,Manager,3,58,Yes,6,6,4.1,1.6,5,4.6,63.5
56,Female,Sales,Intern,25,67,Yes,8,3,4.3,0.9,5,8.4,40.0
46,Male,Sales,Intern,7,62,Yes,7,6,5.4,0.1,3,4.6,64.7
50,Male,Marketing,Developer,29,36,Yes,6,6,7.4,1.8,2,2.8,76.2
39,Female,IT,Manager,10,41,Yes,3,9,8.5,1.1,6,3.3,72.1
39,Female,Sales,Manager,1,60,Yes,9,9,8.8,1.8,0,5.6,53.2
23,Male,Marketing,Team Lead,10,61,No,6,2,4.1,1.1,3,5.6,57.8
56,Male,IT,Executive,21,49,Yes,6,4,9.0,0.1,2,5.6,55.8
37,Female,Finance,Team Lead,9,46,No,9,9,5.6,1.1,2,7.0,48.3
57,Male,Finance,Analyst,28,65,No,8,4,8.2,1.2,3,6.6,48.1
54,Male,HR,Team Lead,15,32,Yes,7,8,4.9,0.4,2,7.7,43.0
25,Male,Marketing,Developer,15,30,Yes,5,3,4.3,0.9,4,5.1,61.2
54,Male,IT,Executive,3,56,No,9,3,5.9,0.9,2,5.4,56.0
35,Male,Sales,Developer,25,69,No,6,9,8.3,1.2,3,2.6,78.8
42,Male,Finance,Analyst,5,62,Yes,5,8,5.1,0.5,2,2.1,88.7
41,Male,IT,Executive,9,49,No,4,1,4.8,1.2,6,8.0,40.0
29,Female,Marketing,Intern,26,43,Yes,6,2,8.5,0.5,3,5.9,57.4
28,Female,HR,Manager,22,65,Yes,5,3,8.7,0.9,1,7.0,41.0
24,Female,Finance,Team Lead,9,34,Yes,4,2,4.1,0.2,3,5.4,51.2
38,Male,IT,Developer,23,52,No,8,3,7.6,0.1,2,5.9,50.3
54,Male,IT,Analyst,7,44,No,7,8,5.5,0.6,3,3.6,71.7
33,Female,IT,Manager,24,35,No,6,6,5.9,0.5,0,4.9,58.9
43,Male,Marketing,Team Lead,23,62,Yes,7,7,6.3,0.8,3,6.2,50.5
43,Female,Marketing,Manager,12,48,Yes,4,6,6.1,1.9,3,4.0,66.6
51,Female,Marketing,Team Lead,25,42,Yes,7,1,6.6,1.0,0,5.5,50.7
59,Female,Sales,Intern,27,58,No,7,3,6.9,1.1,0,7.0,45.3
59,Male,IT,Executive,9,35,Yes,9,1,6.3,1.9,0,8.8,40.0
29,Male,Finance,Manager,6,44,Yes,3,9,7.5,1.8,5,2.1,87.2
48,Female,Marketing,Manager,23,45,Yes,4,9,7.6,1.8,4,2.5,80.5
48,Male,Marketing,Manager,2,53,No,7,5,6.2,0.2,5,4.3,67.9
55,Female,IT,Executive,9,52,Yes,5,4,4.7,1.3,3,6.2,47.9
42,Female,Marketing,Analyst,28,39,Yes,4,9,7.2,1.6,5,2.7,79.4
51,Other,Sales,Team Lead,29,46,Yes,3,9,7.9,1.7,5,1.0,94.4
54,Male,Sales,Intern,17,59,No,6,3,7.2,1.2,0,4.4,66.5
49,Female,Marketing,Manager,1,39,No,8,5,6.9,0.0,0,6.8,44.9
54,Female,IT,Executive,19,48,No,7,3,5.1,1.9,1,6.4,49.9
26,Male,IT,Analyst,28,58,Yes,5,2,7.2,0.9,5,4.6,65.1
40,Male,IT,Team Lead,6,31,Yes,3,1,5.7,0.8,4,5.3,61.2
25,Female,HR,Executive,5,65,No,4,2,8.6,0.8,3,4.1,65.5
56,Male,Marketing,Intern,2,48,Yes,8,8,7.3,0.8,6,4.7,59.0
38,Male,IT,Intern,9,36,Yes,8,8,5.4,0.5,6,5.5,53.5
49,Male,Sales,Team Lead,29,55,Yes,7,3,6.4,0.7,2,8.1,40.0
51,Female,Finance,Manager,26,44,No,3,7,8.2,2.0,4,4.7,62.4
50,Female,Finance,Intern,14,67,Yes,3,7,5.7,0.7,4,1.7,88.3
27,Female,IT,Analyst,4,32,No,5,2,6.6,1.1,1,5.7,56.9
56,Male,Finance,Executive,4,67,No,6,9,7.4,1.7,3,2.7,72.7
58,Male,Finance,Analyst,21,45,Yes,6,3,7.8,1.1,3,4.7,61.0
45,Female,HR,Manager,15,31,Yes,9,2,4.9,0.6,0,6.2,51.0
50,Female,Sales,Analyst,8,60,No,6,3,6.8,1.0,0,5.1,62.5
52,Male,Sales,Analyst,26,57,No,9,2,8.6,0.2,4,6.2,50.2
56,Female,HR,Developer,4,36,No,8,8,8.8,0.3,1,6.1,55.3
54,Other,HR,Analyst,16,59,No,8,5,7.3,1.4,3,5.4,58.5
42,Female,Finance,Team Lead,21,36,Yes,4,3,8.9,1.8,1,2.7,79.5
53,Female,Marketing,Executive,28,65,No,8,5,6.9,1.5,2,6.3,49.3
44,Female,Finance,Developer,4,58,Yes,8,8,6.2,0.1,6,5.4,56.7
54,Male,HR,Executive,16,53,No,3,7,6.8,0.8,3,3.1,76.2
24,Female,Sales,Executive,22,68,No,4,6,4.6,0.0,0,5.1,58.6
39,Other,Finance,Manager,12,33,No,3,1,6.0,1.0,4,6.4,52.1
46,Male,Marketing,Manager,16,58,No,5,1,6.3,0.4,1,5.9,55.4
52,Female,Finance,Developer,19,34,No,9,1,8.2,1.7,6,7.9,40.4
24,Female,IT,Intern,8,58,Yes,9,8,7.8,0.2,6,5.5,52.9
45,Female,Finance,Manager,6,59,No,5,8,7.0,0.0,6,4.5,60.8
53,Female,HR,Manager,10,58,Yes,9,7,5.7,0.9,0,5.0,61.5
43,Female,Sales,Manager,5,55,No,4,6,4.9,0.3,4,5.1,59.0
44,Female,Sales,Executive,29,48,Yes,4,4,5.7,1.5,0,5.2,59.2
23,Male,HR,Developer,18,55,Yes,8,1,7.4,1.8,3,6.4,45.4
48,Female,IT,Executive,10,66,No,9,9,5.3,0.1,1,8.1,40.0
23,Male,HR,Team Lead,10,56,No,5,1,6.1,0.8,2,4.9,61.5
47,Male,Finance,Executive,7,59,Yes,7,4,5.9,2.0,5,6.6,44.9
38,Male,HR,Team Lead,18,59,No,6,3,7.8,1.5,6,4.8,63.7
54,Female,HR,Analyst,1,32,No,8,7,8.4,1.9,0,6.0,50.2
30,Male,IT,Analyst,7,36,No,6,5,7.5,0.3,5,7.1,40.5
50,Female,Finance,Team Lead,21,38,Yes,5,5,5.7,0.4,1,5.8,46.8
47,Female,Marketing,Team Lead,1,42,No,9,4,6.2,0.3,3,7.1,46.9
56,Female,Marketing,Executive,15,44,No,9,1,4.7,0.6,0,9.2,40.0
46,Male,Sales,Team Lead,4,34,Yes,6,5,4.8,1.4,3,5.2,53.9
45,Female,HR,Developer,28,58,No,7,4,4.8,0.3,2,7.0,40.0
34,Female,Sales,Analyst,29,64,No,9,8,4.7,1.0,6,6.4,47.0
28,Female,IT,Analyst,20,56,No,7,2,4.9,0.5,2,5.9,55.6
57,Male,Marketing,Intern,10,56,Yes,3,8,5.0,1.7,6,5.0,58.4
41,Male,HR,Team Lead,23,37,Yes,4,1,4.6,0.0,4,7.2,41.8
22,Male,IT,Manager,9,61,No,6,4,7.2,0.4,4,4.8,64.6
29,Male,IT,Manager,2,49,Yes,9,3,9.0,1.2,4,7.9,40.0
37,Male,HR,Team Lead,28,39,No,7,5,8.4,0.2,3,4.4,62.8
35,Female,IT,Developer,14,42,Yes,9,5,4.2,0.9,4,7.7,40.0
33,Male,HR,Manager,16,58,Yes,4,5,6.1,0.9,1,4.6,62.4
44,Male,HR,Intern,1,64,Yes,4,4,8.3,1.7,5,6.0,49.4
36,Male,Finance,Team Lead,2,37,No,3,8,4.7,1.3,5,3.8,71.7
49,Male,Sales,Developer,7,58,Yes,4,3,8.2,1.3,3,3.2,76.0
55,Male,IT,Developer,29,60,No,4,4,7.0,1.9,3,5.6,57.7
23,Male,IT,Executive,10,59,No,8,1,8.7,2.0,4,6.7,45.9
53,Male,Finance,Developer,22,51,No,5,7,8.4,1.3,6,3.5,66.7
44,Female,Finance,Manager,20,50,No,9,1,7.4,1.0,5,7.9,40.0
43,Other,Finance,Manager,1,41,Yes,3,2,7.3,1.2,5,4.1,63.7
46,Male,Marketing,Team Lead,13,40,Yes,3,7,5.1,0.8,4,5.4,50.7
43,Male,Marketing,Team Lead,1,31,Yes,6,1,4.6,2.0,3,7.7,40.0
43,Female,Marketing,Developer,5,31,No,4,3,6.1,1.4,2,4.0,68.3
27,Male,HR,Intern,16,63,No,6,6,4.9,0.6,6,4.7,67.2
36,Male,IT,Analyst,15,32,Yes,8,6,4.5,0.1,2,5.2,54.8
58,Female,Sales,Executive,17,45,Yes,7,6,5.5,0.1,4,6.7,48.4
54,Male,HR,Analyst,28,33,No,4,2,8.3,0.4,2,4.9,56.0
29,Female,IT,Developer,23,52,Yes,7,2,4.1,0.5,1,6.3,53.4
26,Female,IT,Developer,16,49,No,5,6,5.5,0.8,1,6.4,46.7
25,Male,Finance,Analyst,13,54,Yes,8,5,6.1,0.4,1,6.9,43.8
27,Male,Finance,Executive,11,59,No,4,7,6.6,1.3,3,4.0,67.0
53,Female,HR,Analyst,17,47,Yes,6,7,4.9,0.4,3,5.3,59.9
51,Male,Finance,Team Lead,17,40,Yes,6,5,8.8,0.4,3,3.7,66.0
56,Male,IT,Manager,2,58,Yes,4,8,6.9,0.9,3,4.1,66.7
37,Female,Finance,Intern,13,46,Yes,9,6,6.6,1.8,3,6.1,49.3
34,Female,Marketing,Team Lead,14,55,Yes,6,5,4.0,0.9,4,6.7,53.0
51,Male,Finance,Manager,11,52,Yes,9,4,6.4,0.8,2,7.8,40.0
40,Female,IT,Intern,28,49,No,4,7,8.2,1.2,4,3.5,64.3
38,Male,HR,Intern,10,31,Yes,3,4,5.1,0.5,2,4.4,69.9
40,Female,Sales,Intern,3,53,No,6,5,5.8,0.7,4,7.1,44.7
49,Female,Finance,Developer,29,60,Yes,9,5,4.1,0.4,1,6.0,49.6
47,Female,IT,Intern,27,56,No,4,1,8.9,1.1,0,4.6,63.1
58,Female,Sales,Executive,17,31,No,4,1,4.3,1.4,3,7.1,40.8
47,Other,Sales,Analyst,15,43,Yes,9,3,8.5,1.3,0,8.5,40.0
44,Male,Marketing,Executive,9,33,Yes,6,3,5.6,0.5,0,6.0,51.5
30,Female,Sales,Analyst,10,42,Yes,3,2,6.9,1.6,1,4.1,66.7
33,Male,IT,Team Lead,8,65,Yes,6,2,7.4,0.5,0,5.5,57.0
22,Male,IT,Team Lead,21,64,No,4,6,4.7,0.3,0,3.1,72.3
22,Male,Finance,Analyst,13,37,No,3,1,6.2,0.7,1,7.1,40.9
55,Female,Finance,Executive,27,31,No,7,6,5.6,1.2,2,5.6,54.1
53,Other,Finance,Analyst,18,35,No,5,5,4.3,0.3,4,5.8,50.7
46,Male,Sales,Intern,5,60,No,6,6,8.2,1.3,5,5.3,61.0
22,Male,Sales,Developer,6,39,No,8,5,4.2,1.7,0,8.2,40.0
37,Female,Marketing,Team Lead,17,50,No,4,7,7.3,0.6,3,3.3,72.1
26,Male,Finance,Developer,11,39,Yes,3,1,5.6,0.9,1,5.0,61.6
43,Male,HR,Intern,20,52,Yes,9,3,5.0,0.5,6,8.5,40.0
50,Female,Marketing,Intern,16,32,Yes,9,6,7.3,0.7,6,4.7,61.0
24,Female,HR,Team Lead,9,61,No,9,1,6.9,0.0,0,9.4,40.0
33,Other,Sales,Team Lead,2,49,Yes,3,7,5.6,1.9,5,5.2,60.3
47,Male,Marketing,Intern,5,39,Yes,7,4,6.6,0.8,2,6.4,49.7
37,Male,Marketing,Manager,1,58,Yes,6,3,5.2,1.6,2,5.3,56.5
58,Female,IT,Developer,4,63,Yes,8,9,8.3,0.3,5,5.7,54.3
43,Female,Sales,Developer,4,66,No,9,1,5.6,1.6,3,8.0,40.0
50,Female,Sales,Manager,22,49,Yes,3,8,5.2,1.7,0,3.5,71.0
35,Female,Marketing,Executive,26,37,No,9,1,7.8,1.4,3,8.0,40.0
49,Male,Sales,Developer,25,36,No,7,5,4.1,1.8,2,5.7,54.3
26,Female,Marketing,Analyst,3,35,Yes,4,8,5.3,0.3,6,4.2,66.3
51,Male,IT,Intern,9,40,No,9,6,5.9,1.0,2,5.3,55.6
26,Male,Marketing,Intern,22,47,No,7,7,8.4,1.2,4,2.9,74.1
33,Female,Sales,Manager,23,58,Yes,6,8,8.8,1.2,2,4.5,61.0
37,Male,Sales,Developer,12,54,Yes,9,6,7.6,1.7,1,7.4,40.0
47,Male,Marketing,Executive,10,50,Yes,7,6,6.5,0.4,4,5.1,61.4
47,Female,Marketing,Developer,2,32,No,3,6,7.2,0.4,3,3.0,73.4
42,Male,Marketing,Intern,11,47,No,3,5,6.1,0.5,2,4.7,62.5
57,Female,Finance,Team Lead,10,53,Yes,5,8,5.5,1.8,5,4.3,65.6
54,Male,Sales,Analyst,22,67,Yes,7,2,8.8,1.9,1,5.8,56.4
51,Female,Sales,Manager,6,39,Yes,4,7,4.6,1.1,4,4.5,64.0
58,Male,Finance,Team Lead,18,56,No,9,4,5.7,1.0,1,7.3,40.0
44,Male,Marketing,Executive,2,41,Yes,8,1,8.5,1.2,4,5.9,59.2
31,Other,IT,Team Lead,2,36,No,8,5,7.6,1.2,4,6.1,54.1
26,Female,Marketing,Team Lead,10,46,Yes,6,3,4.1,0.3,4,6.6,48.6
57,Female,Marketing,Executive,16,30,No,5,4,4.1,1.4,5,5.2,56.7
55,Male,Finance,Team Lead,12,55,No,7,7,6.6,0.9,3,6.2,49.4
52,Female,Sales,Manager,1,44,No,4,5,6.4,1.0,4,4.9,56.5
31,Female,Marketing,Intern,21,62,Yes,5,4,6.2,0.1,4,5.0,59.0
40,Female,Sales,Developer,8,66,No,3,1,5.5,1.5,1,5.5,56.5
53,Female,HR,Team Lead,16,60,Yes,6,6,8.9,1.7,4,4.3,65.5
22,Male,Sales,Manager,18,64,Yes,9,6,5.4,1.2,3,6.6,52.5
26,Male,IT,Developer,13,30,No,9,7,6.5,1.5,6,6.1,53.2
25,Female,IT,Developer,15,37,No,9,1,6.0,1.0,5,6.4,51.7
37,Male,Marketing,Team Lead,21,41,No,7,4,4.9,1.2,5,6.5,49.6
45,Male,Sales,Manager,12,48,Yes,8,9,5.0,0.8,1,5.8,54.1
37,Female,Marketing,Intern,8,54,No,4,6,8.6,1.6,6,6.1,52.6
23,Female,Finance,Team Lead,10,61,No,9,2,8.3,0.9,4,7.8,40.0
49,Female,IT,Executive,14,41,No,9,4,5.0,1.4,1,6.8,44.8
53,Female,Marketing,Developer,5,42,No,3,6,8.4,1.2,5,1.8,81.4
48,Female,Finance,Team Lead,18,57,No,5,4,5.0,1.4,3,4.5,60.5
41,Male,Marketing,Developer,19,30,Yes,9,7,7.1,1.6,1,5.7,58.0
45,Male,Sales,Manager,15,35,No,6,3,4.4,1.0,3,5.9,49.6
33,Male,Sales,Analyst,6,37,No,5,6,8.4,1.6,6,4.1,63.2
56,Male,Sales,Team Lead,27,33,No,8,4,4.3,1.0,6,6.7,47.6
54,Female,Sales,Intern,11,34,Yes,5,3,6.8,1.9,2,5.2,58.2
54,Male,HR,Team Lead,21,54,Yes,4,3,7.9,1.5,4,4.4,66.1
58,Male,Finance,Developer,11,51,Yes,3,2,4.6,0.3,3,5.2,63.7
33,Male,Finance,Manager,20,57,No,7,3,6.0,1.7,4,5.7,56.1
24,Male,Sales,Executive,20,68,No,4,1,4.2,1.1,6,4.8,56.9
22,Male,HR,Intern,21,52,Yes,8,3,7.4,2.0,3,6.6,50.0
54,Male,Sales,Manager,18,33,No,6,9,5.5,1.4,0,4.9,60.1
31,Male,HR,Team Lead,25,33,No,8,4,6.8,0.2,6,5.5,56.5
50,Male,Sales,Executive,18,50,No,8,3,8.7,0.8,0,6.0,47.0
34,Male,IT,Manager,10,66,Yes,5,8,5.5,1.0,0,4.1,68.7
33,Female,IT,Analyst,2,31,No,6,1,4.2,1.7,6,6.8,41.7
52,Male,Marketing,Intern,26,36,Yes,4,5,7.4,1.5,3,5.0,61.6
23,Male,Sales,Developer,9,45,No,8,1,7.9,0.7,5,8.2,40.0
56,Female,Finance,Manager,14,46,Yes,4,7,8.8,1.3,5,3.7,72.6
44,Male,Marketing,Manager,19,49,Yes,9,5,4.8,1.2,4,8.3,40.0
38,Female,IT,Analyst,10,52,No,9,2,6.0,0.3,0,7.5,40.0
47,Female,Sales,Team Lead,23,63,Yes,9,1,8.2,0.5,4,8.5,40.0
29,Male,Marketing,Intern,4,40,Yes,7,7,8.0,0.7,3,4.4,65.6
50,Female,Sales,Intern,29,63,No,5,1,7.1,0.4,4,6.3,46.2
47,Male,IT,Developer,29,62,No,4,3,5.3,0.3,4,5.9,53.4
31,Female,Marketing,Manager,6,55,No,9,6,5.4,0.1,0,6.8,48.2
47,Male,IT,Executive,14,31,Yes,9,6,4.6,1.7,6,6.0,48.0
55,Female,HR,Manager,4,52,Yes,6,7,8.6,0.6,5,2.8,78.2
28,Male,IT,Developer,26,51,Yes,8,1,4.9,0.6,1,8.4,40.0
25,Female,Sales,Manager,15,63,Yes,9,7,6.9,0.4,2,5.9,52.2
32,Female,Finance,Analyst,16,44,No,7,2,6.9,1.0,3,6.5,47.8
50,Male,IT,Manager,7,39,Yes,6,6,5.8,1.0,3,6.7,42.2
57,Male,Finance,Manager,17,44,Yes,5,8,5.8,0.4,3,3.3,74.9
46,Female,HR,Executive,19,58,Yes,7,5,7.3,1.2,2,6.5,48.2
42,Female,Marketing,Analyst,29,52,Yes,7,3,5.9,1.4,1,5.9,53.3
57,Male,Marketing,Analyst,19,46,No,7,8,5.3,0.7,5,5.1,65.4
31,Female,Finance,Manager,17,38,No,8,8,6.0,1.2,4,4.6,62.6
58,Other,Marketing,Intern,6,65,Yes,9,4,8.0,1.0,5,6.1,52.2
30,Female,IT,Executive,29,38,Yes,3,8,8.8,0.4,3,3.1,79.1
45,Male,Finance,Manager,11,45,Yes,7,5,7.2,1.5,4,7.0,43.9
56,Female,Sales,Manager,16,65,No,6,5,7.9,1.6,0,5.6,53.1
56,Male,IT,Developer,25,62,No,6,3,6.7,1.3,5,6.2,51.6
57,Other,IT,Developer,8,60,Yes,5,7,7.1,0.6,0,6.7,44.3
39,Female,IT,Intern,11,35,Yes,4,9,8.9,1.9,0,3.4,76.4
53,Male,Sales,Executive,7,39,No,4,9,6.2,0.9,6,2.5,81.5
45,Female,HR,Team Lead,26,45,No,3,1,4.3,0.5,5,3.9,66.2
44,Male,Marketing,Developer,24,33,No,8,1,8.8,0.8,3,7.4,40.0
53,Other,Finance,Team Lead,22,51,Yes,9,5,8.0,1.4,2,5.2,58.9
58,Other,HR,Analyst,25,42,Yes,8,1,6.0,1.7,3,6.7,47.2
33,Female,Finance,Developer,19,45,Yes,9,4,8.9,0.7,0,7.0,40.3
34,Male,Marketing,Developer,26,58,No,7,1,5.7,0.5,0,8.2,40.0
44,Female,Sales,Executive,10,35,No,9,2,5.9,1.3,3,7.6,41.2
46,Male,IT,Intern,9,55,Yes,3,2,7.0,1.8,2,3.6,72.2
56,Male,IT,Team Lead,4,40,Yes,5,4,5.4,0.4,2,5.3,59.9
51,Female,Sales,Developer,23,53,Yes,5,8,7.5,1.6,6,3.6,68.2
38,Male,HR,Developer,15,58,Yes,4,2,4.8,1.0,4,5.8,50.8
41,Male,HR,Executive,13,32,Yes,5,9,4.5,1.6,1,3.0,75.2
46,Other,Finance,Executive,25,39,No,7,9,6.7,1.0,0,3.9,66.9
43,Male,Sales,Intern,2,30,Yes,6,2,6.8,0.8,2,7.2,43.9
34,Male,HR,Team Lead,2,55,Yes,5,1,4.5,1.4,5,7.2,44.8
40,Female,Sales,Analyst,16,41,No,3,9,8.8,1.8,6,3.5,69.9
57,Male,Marketing,Intern,9,43,Yes,7,2,6.9,0.6,0,4.9,58.2
33,Female,IT,Analyst,28,54,Yes,5,8,4.8,0.9,1,3.6,73.8
40,Other,IT,Manager,13,37,Yes,8,3,5.6,0.5,5,8.1,40.0
33,Female,IT,Developer,3,33,No,9,1,8.0,0.4,0,8.3,40.0
30,Female,Sales,Team Lead,9,57,No,5,1,6.6,1.6,6,6.5,45.0
28,Male,Sales,Intern,13,36,Yes,8,2,4.9,0.4,6,7.2,40.6
49,Male,Finance,Developer,21,39,No,7,7,4.5,1.6,2,5.1,54.7
35,Female,IT,Team Lead,22,65,Yes,5,6,6.2,0.9,4,4.7,66.2
52,Female,Finance,Team Lead,2,31,No,8,2,5.7,2.0,3,7.0,47.0
40,Female,IT,Team Lead,8,55,No,6,4,7.3,0.4,6,6.1,48.8
37,Male,Finance,Developer,27,43,No,4,2,8.6,0.2,5,5.0,61.4
26,Male,Finance,Intern,9,45,Yes,7,1,5.2,0.2,3,6.4,44.5
56,Male,Marketing,Executive,16,46,No,8,3,8.3,1.7,2,7.2,44.3
33,Female,Finance,Developer,2,51,No,3,4,8.6,0.9,2,5.1,56.5
46,Male,Sales,Team Lead,6,33,No,5,5,8.5,0.0,5,5.8,57.3
42,Female,Finance,Intern,22,48,No,8,5,8.8,1.7,1,6.6,48.7
57,Female,IT,Manager,8,31,Yes,9,7,8.2,1.8,6,6.6,46.1
44,Male,Finance,Analyst,26,68,Yes,8,8,7.0,1.6,5,4.3,64.4
37,Female,HR,Team Lead,28,38,Yes,8,9,6.0,0.5,0,4.7,62.8
35,Male,IT,Manager,5,48,Yes,9,7,6.5,0.7,1,6.1,48.4
52,Female,HR,Executive,9,45,No,4,5,8.4,1.5,3,4.7,65.8
26,Female,IT,Team Lead,1,54,No,9,9,5.5,1.0,0,5.3,58.5
56,Female,Sales,Manager,9,47,No,9,8,4.8,0.3,1,6.0,54.9
44,Female,Sales,Team Lead,10,52,Yes,3,9,4.7,0.5,3,3.7,63.1
50,Male,Sales,Developer,23,50,Yes,9,8,8.1,1.9,0,5.8,53.6
32,Male,HR,Intern,4,40,No,3,6,7.8,0.3,4,3.8,70.3
39,Female,Marketing,Manager,3,68,Yes,6,4,6.5,1.5,6,5.0,60.0
33,Male,IT,Intern,10,33,Yes,9,9,5.4,1.0,5,5.6,55.3
30,Male,Sales,Developer,15,54,No,4,9,7.4,1.5,5,2.7,77.4
31,Male,IT,Developer,11,61,No,9,9,4.2,1.3,5,6.1,58.0
38,Female,HR,Intern,14,59,Yes,8,3,6.8,0.9,4,6.5,48.7
59,Male,Marketing,Manager,6,55,No,7,3,6.0,0.7,6,6.0,52.4
28,Female,HR,Intern,12,65,No,4,6,8.9,1.5,1,3.8,72.4
34,Other,IT,Intern,13,63,No,9,6,6.5,0.6,6,8.6,40.0
30,Male,Marketing,Analyst,17,38,No,4,6,6.8,1.6,2,4.7,58.5
48,Male,Marketing,Manager,16,41,Yes,3,5,7.6,1.4,0,2.1,85.9
23,Male,HR,Analyst,3,31,No,6,5,6.4,1.2,1,5.8,52.6
26,Female,Sales,Team Lead,2,67,Yes,6,2,5.1,0.7,2,6.1,55.3
50,Male,IT,Intern,11,34,Yes,4,7,6.7,0.4,5,2.9,80.7
58,Male,Finance,Team Lead,29,34,No,4,4,8.7,1.4,5,5.0,53.0
59,Male,Finance,Manager,9,51,No,9,3,6.0,0.2,5,7.6,40.0
40,Female,HR,Intern,3,34,No,5,8,7.4,1.9,2,6.3,52.8
29,Male,IT,Team Lead,29,33,No,8,4,8.9,2.0,0,6.1,45.9
22,Female,IT,Executive,18,38,No,3,4,8.1,0.3,0,3.7,71.5
43,Female,HR,Developer,20,58,No,8,8,7.3,0.2,2,6.5,50.0
38,Male,IT,Intern,15,51,Yes,7,1,7.7,0.8,3,6.8,45.4
28,Female,Sales,Developer,14,56,Yes,7,9,8.7,1.9,5,3.3,73.5
46,Male,HR,Analyst,2,39,Yes,6,7,8.8,0.8,1,3.6,74.8
25,Female,Sales,Team Lead,17,45,Yes,3,2,8.8,0.7,0,4.1,62.7
57,Female,IT,Analyst,22,39,Yes,8,6,7.1,1.4,6,6.6,49.7
27,Female,HR,Intern,26,35,No,6,8,5.9,0.4,2,5.9,54.2
52,Male,IT,Developer,8,34,No,7,5,4.7,0.7,3,7.0,47.9
40,Male,HR,Developer,10,35,No,4,6,5.9,0.6,4,4.8,58.8
48,Male,IT,Team Lead,26,54,No,3,8,8.7,1.2,2,3.8,74.0
31,Male,Sales,Intern,18,33,No,3,6,8.4,0.3,6,3.9,64.6
47,Male,Sales,Executive,25,69,Yes,8,9,6.6,1.1,3,4.3,64.6
40,Male,IT,Executive,29,61,Yes,9,9,6.7,1.7,4,5.5,52.5
24,Male,HR,Team Lead,19,64,Yes,5,9,5.5,1.0,3,3.5,74.2
34,Male,Finance,Intern,8,39,No,8,6,6.3,1.4,0,7.3,40.0
49,Female,Sales,Team Lead,28,63,Yes,4,9,7.6,0.2,2,2.2,85.8
41,Male,Sales,Intern,8,65,No,9,3,6.0,0.9,6,6.6,42.1
49,Male,Finance,Analyst,3,35,No,9,5,4.9,0.2,4,7.3,40.3
29,Male,IT,Team Lead,3,45,Yes,9,2,6.7,1.2,3,9.5,40.0
22,Male,HR,Intern,12,48,Yes,4,8,5.1,0.6,4,4.6,60.9
24,Other,IT,Executive,22,63,Yes,6,4,8.9,0.6,1,6.2,53.6
34,Male,Marketing,Intern,17,54,Yes,3,6,6.0,0.2,6,2.7,80.5
49,Female,Sales,Intern,4,60,No,6,6,8.5,0.6,2,5.4,52.9
46,Other,Marketing,Team Lead,17,46,No,4,5,5.1,1.0,0,3.7,71.0
54,Female,Sales,Analyst,14,59,No,5,1,4.9,1.2,4,7.1,47.8
59,Female,Sales,Analyst,19,68,No,3,7,7.1,0.1,5,1.8,84.4
27,Female,Marketing,Analyst,9,60,No,4,8,7.9,1.3,3,3.0,73.9
53,Other,Marketing,Analyst,21,48,No,5,1,6.8,1.0,5,4.1,68.2
42,Female,IT,Manager,12,64,Yes,8,7,5.1,1.1,4,5.2,57.8
37,Female,Marketing,Team Lead,5,58,No,7,4,4.2,1.7,6,5.3,53.1
42,Female,IT,Developer,11,30,Yes,9,6,7.1,0.7,5,7.1,42.5
32,Female,IT,Team Lead,20,33,Yes,4,9,4.7,0.3,3,3.7,68.9
58,Female,IT,Manager,3,57,Yes,7,5,5.7,1.1,4,5.6,54.8
57,Male,Sales,Analyst,21,47,No,6,8,7.4,1.9,0,4.5,56.8
56,Male,Sales,Manager,15,55,Yes,7,5,4.5,1.0,0,5.5,57.1
40,Male,Marketing,Executive,14,69,Yes,4,2,4.6,1.7,2,6.0,47.1
41,Male,Sales,Executive,11,48,No,7,4,4.3,1.5,0,6.5,50.2
39,Male,Marketing,Team Lead,20,35,No,9,2,9.0,1.0,4,9.4,40.0
35,Male,Sales,Team Lead,8,30,No,3,7,5.9,1.3,6,5.1,53.2
36,Female,HR,Developer,4,37,No,4,7,8.5,0.8,4,4.4,68.7
52,Male,HR,Developer,27,62,No,5,3,5.5,1.1,0,6.0,51.6
22,Female,Marketing,Executive,12,50,No,7,7,7.8,1.0,1,5.5,59.2
24,Male,Sales,Analyst,8,53,Yes,3,1,5.1,1.4,4,6.6,50.0
37,Male,Sales,Manager,6,54,No,9,1,6.5,0.8,2,8.3,40.0
44,Female,IT,Developer,15,48,No,6,9,8.1,0.2,1,4.3,63.0
32,Female,Finance,Intern,12,58,Yes,6,6,8.1,1.6,0,4.3,70.4
33,Male,Marketing,Developer,16,39,Yes,9,5,8.0,1.4,6,5.9,49.1
31,Female,Finance,Analyst,16,41,Yes,7,6,8.1,1.9,3,5.2,59.5
53,Female,Finance,Analyst,27,62,No,6,6,5.1,0.9,4,2.9,74.5
37,Male,Marketing,Team Lead,21,36,Yes,5,1,6.4,0.2,3,6.1,48.5
29,Male,Sales,Manager,20,46,No,4,5,6.4,0.2,5,4.2,66.3
59,Other,Marketing,Analyst,20,39,No,3,9,8.5,1.5,2,3.3,80.2
33,Female,Finance,Developer,28,60,No,8,4,5.5,0.1,1,8.0,40.0
45,Female,Sales,Developer,4,35,No,7,3,8.7,1.8,3,8.5,40.0
49,Female,HR,Executive,11,46,Yes,6,1,6.3,0.6,2,7.2,43.0
29,Male,Marketing,Analyst,13,66,Yes,4,2,7.3,1.8,3,5.3,52.0
49,Male,Marketing,Intern,29,47,Yes,8,3,5.3,1.5,3,6.6,40.4
57,Male,Sales,Team Lead,9,55,No,5,4,6.1,1.7,2,4.3,66.1
47,Female,HR,Manager,4,45,Yes,6,7,7.5,0.4,4,5.5,58.1
29,Female,HR,Intern,12,37,Yes,6,6,6.6,1.2,3,5.1,63.9
49,Female,Sales,Team Lead,9,53,Yes,3,8,8.7,0.2,2,3.1,76.3
49,Male,IT,Developer,13,42,No,5,9,7.7,0.4,3,3.6,71.2
58,Male,Marketing,Intern,16,58,Yes,5,6,6.8,0.6,6,4.6,62.2
57,Female,Marketing,Team Lead,26,61,No,7,7,8.4,1.5,4,5.2,60.0
48,Female,Finance,Developer,6,53,Yes,8,4,7.3,0.0,6,6.9,41.2
38,Female,Sales,Developer,10,45,No,3,2,7.2,1.8,6,5.6,53.2
30,Male,Finance,Developer,13,40,Yes,7,9,5.2,0.1,2,3.8,66.1
54,Female,Finance,Developer,7,61,No,3,9,6.0,0.8,6,3.5,70.4
41,Male,HR,Developer,28,35,No,5,4,7.4,0.2,3,3.8,67.4
34,Female,Marketing,Executive,26,64,Yes,3,3,8.5,1.5,0,4.8,59.2
49,Male,Finance,Intern,19,62,No,3,6,5.6,0.3,4,4.2,64.5
50,Female,HR,Team Lead,24,47,No,3,3,5.1,1.8,3,4.8,62.2
34,Male,Sales,Executive,19,66,No,4,1,7.0,1.1,1,5.5,59.8
56,Female,Finance,Executive,17,42,No,4,4,4.3,1.9,2,5.3,58.5
27,Male,Marketing,Analyst,13,39,Yes,8,1,7.6,0.6,3,8.4,40.0
39,Male,Finance,Analyst,13,66,No,8,2,7.5,0.9,4,8.0,40.0
26,Male,Sales,Analyst,26,55,No,9,3,5.8,1.4,6,8.4,40.0
46,Male,Finance,Manager,28,46,No,5,8,8.5,1.7,4,2.4,81.3
23,Male,Marketing,Analyst,21,30,No,3,4,6.5,0.8,1,4.8,61.5
31,Female,HR,Team Lead,2,54,Yes,5,4,7.2,1.8,6,2.8,82.8
51,Male,Marketing,Executive,10,63,No,4,9,5.0,0.2,1,1.6,87.5
26,Female,HR,Team Lead,22,68,No,3,7,6.1,1.4,5,4.6,61.5
54,Female,IT,Intern,13,39,Yes,7,2,8.3,0.7,5,5.0,57.7
22,Female,Marketing,Analyst,26,49,No,4,3,5.1,0.2,3,5.1,61.9
39,Male,Marketing,Manager,9,36,No,4,4,6.0,0.8,0,6.2,46.8
53,Male,Sales,Intern,1,45,Yes,4,4,5.6,1.8,6,5.5,60.1
32,Female,Finance,Manager,14,66,Yes,9,8,4.8,2.0,4,6.7,40.7
42,Other,HR,Intern,29,58,No,3,6,5.4,0.8,0,3.9,72.5
47,Male,HR,Executive,16,41,Yes,8,3,5.2,1.8,6,7.3,44.0
46,Male,Sales,Team Lead,20,46,Yes,6,9,8.6,1.0,6,3.3,72.3
43,Male,Sales,Developer,15,49,Yes,7,8,7.7,1.4,6,4.3,63.3
48,Other,Finance,Team Lead,1,55,Yes,7,9,5.6,0.1,6,5.0,63.7
34,Male,Finance,Analyst,17,48,No,5,5,7.8,1.1,0,4.9,66.2
54,Male,Marketing,Developer,24,41,Yes,3,3,4.1,0.1,3,4.9,59.0
55,Female,IT,Manager,13,50,No,8,4,6.6,0.5,2,4.5,65.7
56,Male,Finance,Executive,27,63,No,4,5,5.3,1.1,2,6.2,53.3
22,Male,Sales,Executive,15,36,No,6,9,4.6,1.6,2,5.5,57.8
42,Female,Finance,Manager,16,64,Yes,3,9,8.4,1.1,1,2.3,81.8
27,Female,HR,Analyst,16,44,No,3,3,5.0,1.9,6,5.8,52.4
49,Male,IT,Manager,2,30,Yes,9,7,8.1,1.6,6,5.6,56.0
38,Male,Marketing,Intern,17,55,Yes,8,6,6.1,0.3,4,6.5,41.7
26,Male,HR,Analyst,11,64,No,6,4,4.1,0.8,1,4.3,69.6
52,Male,HR,Developer,8,54,No,4,5,7.7,1.3,4,4.5,58.9
26,Female,IT,Manager,20,44,No,3,2,7.0,1.9,5,4.5,61.5
59,Male,Marketing,Analyst,3,51,No,7,7,5.7,2.0,4,5.7,53.4
24,Male,Sales,Developer,29,35,No,7,4,5.4,1.5,4,8.0,40.0
44,Male,Marketing,Manager,12,44,No,6,2,4.4,1.1,3,6.7,43.0
58,Female,Finance,Executive,20,53,No,4,6,8.7,1.5,2,3.3,77.8
58,Female,HR,Manager,16,50,Yes,6,2,6.5,0.5,6,5.9,58.2
31,Female,Finance,Team Lead,14,36,Yes,3,2,4.4,0.6,1,3.9,73.4
31,Male,Sales,Manager,16,58,No,9,7,8.3,1.3,5,6.3,52.1
40,Female,Finance,Team Lead,27,61,No,9,1,5.4,1.7,1,8.7,40.0
38,Female,Marketing,Developer,21,61,Yes,7,7,5.0,1.9,6,5.7,53.6
42,Male,Finance,Manager,17,34,Yes,9,5,5.4,0.7,3,7.9,40.0
35,Male,Sales,Developer,11,33,Yes,5,1,6.8,1.6,4,6.9,44.8
30,Male,Sales,Developer,17,51,No,6,6,4.4,1.7,5,5.6,59.5
22,Male,Sales,Analyst,19,47,No,9,7,6.4,1.2,2,6.9,46.6
34,Male,Marketing,Developer,22,64,No,5,1,8.5,0.7,6,7.8,42.8
25,Male,Sales,Developer,1,46,No,5,9,4.9,1.2,0,3.3,73.8
22,Male,HR,Manager,27,53,No,8,7,5.7,1.2,0,6.7,41.9
53,Female,Sales,Manager,12,31,Yes,7,1,6.0,1.2,3,7.2,40.4
55,Male,Finance,Executive,15,42,Yes,6,3,6.9,1.2,2,6.9,47.9
49,Female,Finance,Analyst,18,44,Yes,5,5,8.6,1.7,0,3.8,68.1
52,Female,Finance,Developer,28,34,No,3,4,6.0,0.3,0,4.6,63.5
29,Female,Marketing,Analyst,23,32,Yes,9,2,4.3,0.7,6,7.5,40.7
47,Female,Finance,Team Lead,14,66,No,8,1,5.7,1.2,5,6.0,57.4
55,Male,Marketing,Developer,1,66,No,4,4,5.0,0.6,5,6.4,51.4
24,Female,Marketing,Analyst,13,66,Yes,9,7,7.3,2.0,6,5.7,56.4
33,Male,Sales,Executive,15,32,No,9,4,4.1,0.5,1,6.8,46.1
22,Male,HR,Executive,7,64,No,9,9,5.5,0.9,6,5.3,55.1
26,Female,Sales,Developer,15,52,Yes,8,8,6.7,1.8,2,7.2,43.1
51,Male,Sales,Team Lead,20,57,Yes,4,8,5.4,0.2,0,5.1,65.7
51,Male,Marketing,Executive,10,59,No,7,5,6.8,1.6,5,5.6,56.7
38,Female,Marketing,Executive,14,47,Yes,6,1,4.6,1.1,6,7.8,40.0
44,Female,Finance,Team Lead,6,65,Yes,6,9,8.7,0.1,5,2.8,76.3
36,Female,Finance,Analyst,14,62,No,4,2,5.5,1.8,5,6.0,56.3
58,Male,Sales,Executive,24,55,No,9,6,8.6,0.1,1,5.8,52.0
42,Female,IT,Manager,25,69,Yes,3,5,5.6,1.0,2,4.6,62.6
35,Male,IT,Intern,22,46,No,4,8,7.9,0.1,4,2.0,80.6
23,Female,Finance,Intern,12,69,No,4,3,5.2,0.1,5,4.7,61.6
32,Female,IT,Executive,11,36,Yes,6,6,7.3,1.8,2,5.2,59.8
59,Female,Finance,Analyst,29,37,No,5,6,5.6,1.5,3,5.0,59.1
55,Female,Marketing,Analyst,25,60,Yes,3,3,6.5,0.4,1,3.2,74.5
59,Male,Sales,Developer,20,41,Yes,6,7,7.4,1.2,4,3.7,66.9
55,Female,HR,Manager,22,60,No,8,4,6.9,1.6,5,7.0,42.3
39,Female,Sales,Analyst,24,48,No,4,5,6.9,1.8,6,4.7,68.8
51,Male,Finance,Team Lead,25,39,Yes,5,9,4.3,0.9,5,4.8,61.2
36,Female,Finance,Manager,19,68,No,3,6,5.2,1.8,1,4.1,68.3
48,Male,Sales,Intern,2,41,No,7,4,6.9,1.0,1,5.1,56.8
55,Female,Finance,Manager,22,49,No,3,8,4.1,1.4,0,3.2,74.6
59,Female,IT,Team Lead,20,66,Yes,3,9,5.3,2.0,5,3.6,70.4
54,Female,IT,Executive,1,36,No,9,5,5.1,0.5,2,6.2,53.7
45,Male,Finance,Team Lead,8,43,Yes,4,2,5.2,0.3,1,4.5,67.2
36,Female,Finance,Team Lead,25,40,Yes,4,6,6.7,0.7,1,3.8,73.1
51,Female,IT,Executive,14,36,No,7,8,6.9,0.3,3,5.2,58.6
38,Female,Finance,Executive,9,58,No,7,5,8.5,0.6,3,3.8,75.7
26,Male,Finance,Executive,2,39,No,7,1,5.9,1.5,3,6.9,47.2
50,Male,Sales,Executive,25,58,Yes,6,8,8.6,1.0,1,4.7,58.1
25,Female,HR,Executive,23,38,Yes,6,9,7.3,0.8,4,4.8,66.2
31,Male,IT,Team Lead,5,65,No,4,1,8.6,0.7,2,4.2,66.4
38,Female,Sales,Developer,23,39,Yes,4,8,8.2,0.4,1,3.6,74.6
31,Female,HR,Developer,29,48,No,7,2,7.4,0.9,6,7.5,40.0
38,Female,Finance,Analyst,25,60,Yes,6,4,5.8,1.2,6,6.4,48.6
41,Female,Finance,Developer,8,46,No,5,2,5.2,0.3,0,5.7,56.6
45,Female,Sales,Intern,16,38,No,6,2,5.1,1.9,6,4.3,66.3
26,Male,Finance,Developer,22,62,No,4,3,8.8,0.9,5,4.8,61.2
55,Male,Marketing,Team Lead,16,63,No,6,8,8.8,1.9,4,5.6,47.8
27,Male,Sales,Executive,13,53,No,4,4,7.6,0.3,4,5.3,55.4
23,Male,HR,Executive,20,38,Yes,7,7,8.4,1.5,2,5.7,51.5
34,Female,Sales,Team Lead,29,36,Yes,9,3,8.6,1.2,4,7.2,40.0
32,Female,IT,Intern,15,45,No,7,3,6.6,1.6,2,7.3,40.0
44,Female,Sales,Developer,1,48,Yes,7,2,7.1,1.2,6,6.9,50.4
37,Female,Finance,Team Lead,22,68,No,5,6,6.1,1.9,4,3.1,78.7
52,Other,Finance,Analyst,3,35,Yes,9,6,6.1,1.3,5,7.5,40.0
32,Female,Marketing,Executive,6,40,Yes,5,1,4.2,1.6,2,5.7,52.6
37,Female,Marketing,Manager,22,41,No,4,7,6.2,1.8,3,4.0,66.2
29,Female,Marketing,Analyst,14,42,No,3,4,7.4,1.4,3,4.8,63.9
25,Male,HR,Intern,4,41,No,8,3,6.1,1.0,4,6.3,50.8
25,Male,Marketing,Analyst,18,50,No,5,8,8.4,0.5,4,2.8,75.5
46,Male,HR,Team Lead,15,39,No,4,2,5.7,1.7,6,5.9,51.0
24,Female,Marketing,Developer,9,49,Yes,9,9,4.7,1.0,2,5.0,63.2
53,Female,HR,Executive,18,65,Yes,6,8,8.1,1.2,6,4.1,71.8
24,Male,Sales,Intern,3,57,No,9,8,7.4,0.2,2,6.9,42.1
48,Male,Sales,Intern,10,53,No,7,3,5.2,1.0,5,8.3,40.0
50,Female,Finance,Manager,17,34,No,7,4,6.7,1.4,1,4.4,65.2
53,Male,HR,Analyst,7,66,No,7,2,6.0,1.2,3,6.6,46.6
40,Male,IT,Manager,15,41,Yes,4,2,8.7,0.9,1,6.1,54.6
42,Female,Finance,Developer,1,64,Yes,7,4,7.0,0.4,1,5.7,53.9
26,Male,Sales,Developer,27,69,No,5,6,4.8,0.6,0,5.7,60.1
39,Male,HR,Manager,25,31,Yes,6,5,6.5,1.4,2,6.3,53.2
49,Female,Marketing,Executive,27,68,Yes,7,1,8.3,0.4,0,6.1,49.1
43,Female,IT,Developer,11,38,Yes,4,1,7.4,1.2,0,5.8,53.8
42,Female,Sales,Manager,17,51,Yes,6,6,8.2,1.2,1,5.3,54.7
27,Male,Finance,Analyst,5,34,No,7,3,5.3,1.9,0,7.6,40.0
22,Male,HR,Manager,7,41,No,3,3,8.4,0.1,5,2.6,81.8
26,Male,IT,Manager,19,30,No,7,7,7.8,0.2,2,6.3,50.3
33,Female,HR,Team Lead,25,51,No,8,1,7.6,1.0,1,8.0,42.3
47,Female,Marketing,Developer,24,67,Yes,9,1,5.7,1.1,2,7.1,40.0
55,Male,Finance,Executive,29,48,No,5,3,8.4,0.1,5,5.0,59.9
35,Female,HR,Executive,15,45,Yes,6,8,7.2,1.7,4,5.2,56.9
47,Male,Sales,Team Lead,3,60,Yes,5,1,8.3,1.0,0,4.7,61.5
48,Male,Finance,Intern,15,32,Yes,3,4,5.8,0.7,1,3.5,72.1
30,Male,Sales,Executive,5,52,No,3,9,4.7,0.6,3,3.2,72.4
47,Male,HR,Manager,23,47,No,8,4,5.7,1.7,2,6.4,51.7
43,Female,Finance,Team Lead,12,55,No,5,8,6.3,0.4,6,4.4,70.1
51,Female,Sales,Analyst,20,42,No,6,7,6.7,0.3,5,5.6,48.2
38,Male,Marketing,Developer,5,47,Yes,3,3,6.6,0.4,0,4.8,65.8
47,Female,Marketing,Developer,3,32,No,3,7,6.7,1.3,2,3.4,80.4
57,Male,HR,Developer,9,52,No,7,7,8.2,1.6,5,5.8,54.2
22,Female,Finance,Manager,26,32,Yes,8,3,4.9,0.7,2,7.2,40.6
29,Female,IT,Analyst,9,54,Yes,9,2,5.6,0.3,4,7.2,40.7
56,Male,Finance,Team Lead,7,56,No,4,9,8.4,0.4,6,4.1,66.3
36,Female,Marketing,Team Lead,26,56,No,9,1,6.8,1.2,5,5.6,56.5
43,Male,Sales,Developer,2,68,No,9,7,6.9,0.5,2,6.3,48.3
35,Male,IT,Analyst,23,54,No,3,4,6.4,1.8,6,3.9,68.6
47,Male,HR,Analyst,23,53,No,6,2,6.7,0.2,4,5.4,53.9
49,Female,IT,Analyst,27,37,Yes,6,2,5.0,0.1,4,6.9,43.4
44,Female,HR,Executive,21,38,Yes,7,8,6.7,0.2,4,5.4,55.6
35,Male,IT,Executive,16,66,Yes,6,7,9.0,1.7,0,3.6,71.1
45,Female,HR,Developer,9,59,Yes,7,7,6.8,1.3,5,3.9,64.4
23,Female,HR,Analyst,13,48,No,3,5,4.2,1.9,2,3.2,73.4
47,Female,IT,Intern,28,45,No,3,8,8.0,0.7,2,4.6,62.6
35,Female,IT,Analyst,27,53,No,9,2,6.0,0.4,6,9.7,40.0
28,Female,HR,Team Lead,19,50,Yes,3,2,4.8,1.1,6,5.2,62.6
24,Male,Marketing,Team Lead,20,65,No,3,5,8.3,1.1,5,2.3,81.3
44,Male,IT,Developer,17,69,Yes,4,1,5.0,1.2,4,5.8,49.9
39,Other,Finance,Intern,6,68,Yes,8,6,8.6,0.7,2,3.6,71.6
59,Male,Sales,Analyst,4,35,No,9,4,6.2,0.0,2,7.5,40.0
56,Other,HR,Intern,1,34,No,9,6,7.7,0.1,4,5.4,54.6
36,Female,HR,Developer,18,43,Yes,8,7,6.7,1.3,3,4.6,62.3
46,Male,Sales,Team Lead,19,33,Yes,4,3,5.3,1.0,3,6.2,48.8
58,Male,Marketing,Team Lead,9,37,No,3,8,7.4,1.6,4,2.8,74.4
49,Male,Sales,Executive,13,53,Yes,6,7,8.8,0.6,6,5.2,56.9
31,Female,IT,Developer,8,40,Yes,7,1,7.8,1.6,0,8.0,40.0
38,Male,Sales,Developer,23,46,No,9,6,7.0,0.9,6,6.4,48.9
43,Male,HR,Analyst,13,50,Yes,8,7,9.0,0.2,6,5.3,54.6
47,Male,Sales,Analyst,15,55,Yes,5,4,5.3,2.0,2,6.5,45.4
46,Male,Finance,Executive,11,56,Yes,7,2,4.3,1.0,6,6.7,46.8
38,Female,IT,Manager,12,45,No,5,9,4.2,1.3,2,5.3,54.6
34,Male,Sales,Intern,14,55,No,5,7,7.6,1.3,3,2.2,79.7
41,Female,HR,Manager,4,62,Yes,9,1,8.2,0.7,6,7.3,40.0
46,Male,IT,Manager,1,60,Yes,3,8,7.2,1.5,4,3.2,71.5
25,Male,HR,Developer,24,35,Yes,5,3,8.5,1.7,5,4.0,68.3
31,Male,Marketing,Intern,4,37,Yes,3,4,7.5,0.8,5,4.4,63.9
24,Male,Finance,Developer,19,36,No,4,5,5.9,1.3,6,4.7,66.6
39,Other,Marketing,Intern,9,63,No,6,1,4.9,1.5,0,6.2,46.9
57,Female,Finance,Team Lead,10,43,Yes,5,6,8.6,0.4,6,3.5,75.5
43,Male,Sales,Developer,4,45,Yes,9,6,4.5,0.7,4,6.1,51.9
55,Female,IT,Developer,20,38,Yes,6,2,6.7,0.2,3,4.7,66.9
29,Male,Sales,Developer,9,39,Yes,3,6,5.6,1.2,3,5.4,60.9
40,Male,Finance,Executive,13,46,Yes,5,8,5.4,1.6,6,4.1,65.9
58,Other,Finance,Developer,12,41,No,7,6,7.2,1.2,2,4.2,62.2
27,Female,Finance,Analyst,11,35,No,9,4,5.2,0.4,1,7.3,41.2
47,Other,HR,Analyst,12,48,No,4,4,8.6,1.1,0,4.6,57.3
55,Male,IT,Intern,18,58,Yes,8,9,6.0,1.7,0,4.5,66.0
27,Female,Sales,Team Lead,12,35,No,4,6,7.4,0.6,1,3.7,70.9
58,Male,Sales,Executive,16,54,Yes,5,8,7.6,1.7,5,5.1,57.4
54,Male,Marketing,Intern,5,53,Yes,9,8,7.4,1.6,5,4.7,61.1
43,Female,Finance,Analyst,20,54,No,4,7,8.5,0.0,5,2.9,73.7
42,Male,Finance,Executive,25,45,Yes,8,3,5.2,0.5,3,5.3,57.5
27,Female,Finance,Executive,12,45,No,7,1,4.4,1.1,4,9.2,40.0
27,Female,Sales,Team Lead,21,35,No,6,5,4.3,1.4,0,6.5,47.9
25,Male,Marketing,Executive,25,66,No,7,2,8.4,1.8,1,6.3,50.7
51,Female,HR,Developer,11,50,No,4,2,8.9,1.3,2,4.2,68.4
32,Female,IT,Executive,9,33,Yes,8,7,5.5,0.8,6,5.3,58.9
51,Male,HR,Team Lead,18,63,No,6,3,7.5,0.4,2,5.5,55.1
52,Female,Sales,Intern,25,57,No,9,8,4.0,1.5,6,6.9,46.1
45,Female,Finance,Team Lead,3,67,No,8,9,4.9,0.4,3,4.5,64.4
30,Male,IT,Team Lead,20,57,Yes,7,8,7.4,1.4,0,4.4,65.2
24,Female,Sales,Analyst,17,46,No,3,6,4.3,0.4,4,4.9,57.7
52,Other,Sales,Developer,14,43,Yes,3,5,6.3,0.2,0,5.6,51.5
58,Male,Sales,Analyst,1,36,No,6,3,7.3,0.5,6,6.4,49.6
57,Female,IT,Intern,17,51,Yes,6,3,7.8,0.6,5,5.1,60.7
45,Male,IT,Manager,25,30,No,6,7,6.3,1.3,2,4.7,60.5
52,Female,Marketing,Intern,27,58,Yes,3,5,7.2,0.3,0,4.2,69.9
27,Female,Marketing,Developer,8,60,Yes,7,6,6.7,1.9,2,5.3,64.2
23,Male,HR,Executive,5,59,Yes,6,6,4.3,1.1,1,6.2,55.7
41,Male,IT,Team Lead,5,44,Yes,3,9,7.7,1.0,1,1.9,84.0
49,Female,IT,Manager,9,47,Yes,6,1,4.9,0.9,2,8.4,40.0
32,Male,IT,Developer,3,64,Yes,6,8,4.2,1.1,4,4.9,63.2
25,Female,Marketing,Analyst,19,59,No,8,5,6.3,0.0,4,5.8,55.6
36,Male,Sales,Team Lead,23,63,No,6,6,8.3,2.0,0,5.4,53.5
27,Female,Finance,Intern,9,40,No,3,6,4.8,1.1,2,3.1,74.5
51,Female,Marketing,Analyst,22,56,Yes,7,1,4.1,0.1,3,7.6,41.2
59,Female,IT,Developer,18,53,Yes,3,3,4.5,1.2,4,6.3,46.9
23,Male,Marketing,Developer,16,64,Yes,3,6,5.8,0.9,6,2.7,76.2
36,Female,HR,Intern,1,68,No,6,9,6.9,0.0,4,5.3,55.8
32,Female,IT,Manager,2,37,No,8,6,5.0,1.8,5,5.1,58.0
29,Male,HR,Intern,14,47,Yes,5,6,8.0,0.0,1,5.2,53.7
47,Male,IT,Executive,14,42,Yes,9,1,7.8,1.2,4,6.9,46.9
26,Male,Marketing,Analyst,1,53,No,5,9,7.5,1.9,6,4.7,60.2
27,Female,Sales,Manager,26,52,No,5,4,6.4,0.5,4,4.7,63.0
47,Female,Finance,Team Lead,26,41,No,3,2,5.8,0.5,6,4.6,63.5
25,Male,HR,Executive,25,59,No,6,1,5.9,0.0,5,5.8,50.6
40,Female,Marketing,Manager,16,60,Yes,9,3,6.5,0.1,6,5.1,53.9
41,Male,Sales,Analyst,15,57,Yes,5,3,4.4,0.1,4,4.8,61.9
54,Male,Marketing,Developer,26,51,Yes,4,5,7.4,1.6,5,2.7,77.1
41,Other,HR,Team Lead,15,57,Yes,4,1,5.8,1.7,2,3.8,71.0
33,Female,Finance,Intern,12,42,Yes,4,7,5.1,1.5,2,4.4,67.2
22,Female,Marketing,Analyst,16,54,No,7,1,5.4,0.7,1,8.7,40.0
47,Male,IT,Executive,14,36,Yes,6,4,4.9,1.6,0,7.7,40.0
35,Female,Sales,Executive,29,35,Yes,3,6,8.5,1.1,5,2.2,85.5
59,Female,Marketing,Developer,24,53,Yes,3,1,4.8,0.6,4,5.4,61.1
58,Male,Sales,Developer,15,48,Yes,6,7,8.4,0.9,0,5.6,49.7
32,Female,IT,Team Lead,23,48,Yes,8,7,6.9,0.1,2,4.5,67.5
57,Female,Finance,Intern,15,65,No,9,3,8.3,1.9,4,8.2,40.0
34,Female,Finance,Team Lead,19,38,No,8,4,6.4,1.2,0,7.9,40.0
24,Male,IT,Developer,8,65,Yes,7,6,8.6,1.5,5,3.3,72.0
54,Female,Sales,Developer,2,67,No,6,7,5.1,1.4,5,2.9,79.0
27,Female,Marketing,Executive,2,69,Yes,8,4,6.8,1.3,0,6.2,49.3
31,Male,IT,Developer,27,58,No,9,9,4.6,0.0,6,7.0,40.0
26,Female,HR,Manager,10,53,Yes,7,9,6.2,1.1,5,3.4,71.1
44,Female,Sales,Analyst,3,34,Yes,5,9,6.8,1.6,3,1.8,87.2
31,Male,Finance,Developer,23,55,No,5,6,7.0,0.1,2,4.6,61.9
23,Male,IT,Team Lead,17,43,Yes,7,2,5.8,1.9,1,7.5,40.0
34,Female,Finance,Intern,8,68,Yes,6,2,4.4,0.8,1,6.0,48.2
23,Female,Sales,Intern,28,58,Yes,5,4,7.3,0.6,3,4.5,61.6
41,Female,Finance,Intern,23,35,Yes,6,9,6.4,1.1,0,4.9,58.3
22,Male,IT,Manager,4,36,Yes,8,3,4.7,1.6,5,6.5,49.7
58,Other,Sales,Team Lead,14,66,No,5,6,8.7,0.9,3,3.5,70.8
30,Male,HR,Manager,21,47,No,9,2,8.8,1.3,3,7.5,40.0
38,Male,IT,Developer,10,52,No,9,1,8.3,1.0,5,8.0,40.0
30,Female,Marketing,Analyst,29,67,Yes,8,5,8.2,1.3,2,5.8,55.2
32,Male,IT,Intern,1,30,Yes,9,8,4.5,0.3,5,7.8,40.0
36,Male,Sales,Team Lead,4,33,Yes,6,2,9.0,0.1,5,6.5,46.4
45,Male,IT,Intern,1,64,Yes,6,9,6.0,0.3,6,4.0,67.2
59,Male,HR,Manager,17,52,No,9,8,4.8,0.6,4,5.1,61.1
56,Male,HR,Executive,26,56,Yes,4,3,8.1,0.5,0,5.7,52.3
51,Other,Marketing,Developer,17,55,No,7,1,5.1,1.2,1,8.3,40.0
52,Male,Finance,Analyst,7,37,Yes,3,4,6.6,0.9,1,4.2,68.3
26,Female,Sales,Developer,23,45,Yes,7,8,4.6,0.1,3,5.7,52.7
35,Female,Sales,Executive,20,32,Yes,9,3,6.4,0.1,6,8.1,40.0
32,Female,Finance,Analyst,15,61,Yes,6,2,6.8,0.2,3,7.8,40.0
30,Male,HR,Executive,13,34,Yes,6,7,6.2,0.7,3,5.8,55.4
55,Female,HR,Developer,28,49,Yes,7,4,4.3,0.0,0,7.0,43.4
33,Female,IT,Manager,2,43,Yes,6,6,6.4,1.0,3,6.0,53.2
56,Female,Marketing,Developer,28,61,No,8,5,6.3,0.7,3,7.5,43.4
56,Female,Marketing,Developer,19,55,No,5,2,5.3,1.1,4,6.3,48.6
22,Female,Marketing,Developer,24,35,Yes,6,2,8.6,1.4,0,6.8,41.0
43,Male,IT,Team Lead,13,65,Yes,9,9,6.1,0.5,2,5.1,58.1
50,Female,Marketing,Executive,24,69,No,9,2,8.3,0.3,6,8.4,40.0
29,Female,Finance,Executive,11,34,No,7,8,4.5,0.6,2,4.8,62.1
32,Female,IT,Intern,27,42,No,7,8,5.6,0.0,5,4.2,63.2
58,Other,Finance,Executive,22,61,Yes,7,1,4.9,0.2,4,7.2,41.8
35,Male,IT,Intern,15,45,No,9,1,6.0,1.5,1,6.8,47.1
51,Other,Marketing,Team Lead,10,30,No,4,4,4.6,0.4,5,4.5,63.6
56,Male,Finance,Manager,9,42,Yes,9,2,6.2,2.0,2,8.1,40.0
42,Male,Finance,Intern,27,40,No,8,1,5.8,0.3,0,7.9,40.0
58,Male,Finance,Developer,28,37,Yes,9,9,5.1,1.6,1,6.6,45.3
26,Male,IT,Manager,9,54,No,8,3,7.2,1.4,3,7.4,41.5
40,Female,Sales,Team Lead,20,69,No,9,1,8.8,0.6,0,7.9,40.0
35,Male,Marketing,Executive,28,61,No,9,2,5.0,0.7,1,7.2,41.9
47,Male,Finance,Intern,1,53,No,4,8,7.6,1.1,2,4.3,64.1
25,Female,Sales,Developer,17,57,Yes,8,5,7.7,1.7,5,6.0,54.3
46,Female,Marketing,Analyst,12,43,No,4,7,6.5,0.8,3,4.1,65.9
46,Female,Marketing,Analyst,10,32,No,8,6,8.5,0.1,3,5.8,54.5
39,Female,Finance,Manager,5,65,No,4,1,8.8,0.7,6,6.7,48.0
29,Female,Finance,Executive,29,56,No,4,6,5.8,0.4,0,3.2,70.6
35,Male,IT,Analyst,18,49,No,8,7,7.3,1.9,5,5.3,58.0
53,Male,Sales,Manager,15,44,No,4,4,7.3,1.4,3,5.1,51.1
59,Female,Sales,Team Lead,6,56,No,9,8,6.0,0.1,1,6.1,50.9
54,Male,Finance,Manager,7,57,No,8,8,5.6,0.6,6,5.2,60.1
44,Female,Marketing,Manager,17,54,Yes,4,7,8.7,0.1,6,1.6,88.2
36,Male,Finance,Manager,6,62,No,9,2,7.9,1.7,4,7.2,44.8
54,Male,Marketing,Developer,8,43,Yes,9,6,4.6,1.8,2,7.3,42.7
46,Female,Marketing,Manager,12,37,Yes,7,6,4.6,0.2,0,6.5,46.4
38,Female,Finance,Intern,21,43,Yes,3,7,8.6,0.9,5,2.8,73.0
54,Female,HR,Manager,14,30,No,8,6,4.4,1.9,4,6.7,46.7
23,Female,Sales,Developer,12,45,No,4,2,7.4,0.3,4,4.1,68.6
35,Male,Marketing,Developer,23,47,No,7,8,5.1,0.6,0,5.7,49.1
27,Male,Marketing,Team Lead,10,36,Yes,3,4,4.2,0.6,1,4.7,63.6
27,Female,HR,Executive,22,44,No,4,9,4.3,0.1,5,3.9,69.1
24,Female,IT,Analyst,20,53,No,3,8,5.9,0.1,2,3.0,74.9
28,Male,HR,Analyst,15,42,Yes,8,3,4.4,1.9,0,7.6,40.5
29,Female,HR,Manager,7,38,Yes,9,3,7.0,1.1,5,7.9,40.0
36,Male,Marketing,Team Lead,26,44,Yes,9,8,7.2,0.6,4,6.1,50.2
50,Male,Sales,Manager,9,64,No,3,2,5.9,0.8,4,3.2,70.6
54,Male,HR,Analyst,10,53,No,9,9,7.7,1.4,0,5.7,55.6
51,Female,IT,Developer,10,62,Yes,5,4,6.5,0.7,5,4.9,56.9
48,Female,Finance,Executive,16,45,No,6,6,6.2,0.5,4,4.5,61.9
57,Male,HR,Team Lead,29,37,Yes,9,3,6.0,0.2,0,8.8,40.0
50,Female,HR,Developer,7,58,Yes,5,3,6.2,1.5,6,4.7,61.9
59,Male,IT,Executive,28,52,Yes,8,3,8.8,0.4,0,5.7,59.5
54,Male,Sales,Team Lead,5,60,Yes,8,2,7.4,0.1,2,4.9,62.6
58,Male,HR,Team Lead,23,69,Yes,3,8,5.6,0.9,0,4.7,64.7
48,Male,HR,Analyst,3,43,Yes,9,9,7.7,0.1,6,6.3,52.2
54,Male,Sales,Developer,18,59,No,9,8,5.7,1.9,5,5.8,52.9
25,Female,IT,Team Lead,11,68,Yes,9,3,4.6,1.3,5,8.4,40.0
43,Female,HR,Intern,15,56,No,7,7,6.4,0.3,4,3.2,70.8
23,Female,Sales,Team Lead,21,45,No,4,2,7.8,0.3,3,5.5,51.6
31,Male,HR,Executive,20,35,Yes,6,4,5.9,1.1,2,5.0,63.4
26,Male,Finance,Analyst,5,62,No,9,6,8.3,0.7,5,7.8,40.0
31,Male,Marketing,Manager,24,47,Yes,4,5,5.9,1.5,4,4.9,63.5
54,Male,Finance,Analyst,12,45,No,7,9,5.7,1.1,4,5.0,55.6
59,Female,HR,Manager,4,41,No,8,4,9.0,0.9,2,5.4,56.3
34,Male,IT,Developer,15,49,Yes,6,5,6.4,1.9,2,4.7,66.2
52,Female,Marketing,Developer,9,69,No,5,4,8.0,0.8,4,5.5,56.8
57,Female,Finance,Team Lead,7,58,No,8,8,8.0,0.8,6,4.4,65.7
45,Male,Sales,Intern,10,59,No,8,8,8.6,1.3,3,4.3,63.8
36,Female,IT,Developer,29,55,No,3,3,4.4,1.6,6,6.3,46.9
50,Female,Finance,Team Lead,28,51,Yes,7,1,5.4,1.3,1,7.5,40.0
29,Female,Sales,Analyst,23,62,No,3,6,7.8,1.4,6,2.4,77.4
26,Female,HR,Developer,13,68,Yes,3,2,6.8,0.7,4,5.3,57.3
50,Male,Sales,Analyst,29,58,Yes,4,2,6.8,1.0,2,5.0,62.9
25,Male,Finance,Analyst,8,51,Yes,8,3,4.8,0.4,0,5.6,51.4
33,Male,Finance,Intern,12,42,Yes,7,8,5.4,1.4,0,4.8,63.5
23,Male,HR,Developer,22,38,No,3,3,6.6,0.4,2,3.5,75.0
48,Female,Sales,Analyst,24,53,No,5,7,5.4,0.0,6,4.8,60.8
52,Male,Sales,Intern,19,44,No,6,9,5.1,1.9,2,3.9,68.9
57,Female,HR,Intern,26,65,Yes,9,8,4.4,0.6,1,6.5,46.6
57,Female,Sales,Developer,26,42,No,7,1,4.8,0.4,5,8.0,40.0
47,Male,HR,Intern,1,56,No,4,7,7.8,0.5,2,5.9,55.3
48,Male,IT,Developer,16,66,Yes,7,7,7.6,0.7,0,7.0,46.2
26,Female,Finance,Developer,22,36,Yes,8,8,4.2,0.9,3,6.2,51.6
41,Female,IT,Manager,17,37,No,4,5,5.0,0.1,2,4.7,64.2
32,Female,Marketing,Analyst,25,66,No,6,9,6.8,0.1,1,3.6,71.8
31,Male,Marketing,Executive,18,43,No,5,9,5.6,0.6,3,2.4,77.1
59,Male,Marketing,Developer,11,41,No,3,8,8.1,0.6,1,1.0,95.2
27,Male,HR,Analyst,18,65,Yes,7,6,7.9,0.2,3,4.5,61.3
29,Male,Sales,Intern,7,69,Yes,4,6,8.5,0.8,2,5.4,56.5
44,Female,IT,Team Lead,18,46,No,6,1,6.8,0.6,0,8.0,40.0
47,Female,IT,Developer,26,69,Yes,3,6,5.8,0.1,3,3.9,64.6
33,Female,IT,Intern,8,58,No,9,4,7.0,1.8,4,7.5,41.9
47,Female,IT,Intern,6,56,No,6,4,4.4,1.8,5,5.5,52.4
34,Female,Marketing,Intern,7,30,No,5,2,4.0,0.4,1,6.3,51.4
39,Male,IT,Intern,23,63,No,3,4,4.1,0.3,3,4.0,71.6
46,Male,Sales,Intern,22,33,Yes,3,5,6.0,1.1,1,3.3,71.4
54,Female,Marketing,Developer,10,53,No,9,5,5.1,1.3,0,7.7,40.0
33,Male,IT,Executive,11,50,No,3,5,4.8,1.9,1,3.7,70.6
57,Female,HR,Manager,25,62,No,4,4,7.1,0.8,1,5.1,56.5
25,Female,Finance,Intern,13,36,No,3,1,9.0,1.2,4,4.5,57.5
26,Male,Finance,Intern,9,30,Yes,6,8,4.9,1.8,1,6.2,50.3
58,Female,Finance,Manager,7,32,No,4,3,6.7,0.9,3,5.5,57.0
29,Female,Marketing,Developer,9,44,No,3,2,4.6,0.2,1,5.4,55.8
49,Female,IT,Analyst,13,60,Yes,6,9,8.7,0.8,2,2.5,80.3
52,Female,Marketing,Team Lead,26,45,No,6,7,5.5,0.3,1,4.6,66.3
30,Female,Sales,Team Lead,3,39,No,7,9,8.4,0.0,2,4.3,64.5
50,Male,HR,Analyst,3,58,No,6,2,5.4,1.5,5,6.5,47.3
35,Male,HR,Developer,1,35,Yes,9,9,8.0,0.5,1,6.1,51.1
43,Female,Finance,Team Lead,21,58,No,8,9,5.0,0.0,6,5.7,53.5
32,Female,Finance,Manager,20,46,No,5,9,5.5,1.7,5,3.0,75.1
44,Male,Finance,Analyst,2,51,No,3,4,5.0,0.9,6,5.1,64.3
22,Male,IT,Executive,25,53,Yes,9,3,5.3,0.5,1,7.2,42.8
58,Female,Sales,Developer,3,46,Yes,3,6,8.2,0.5,3,2.8,76.7
42,Female,Sales,Analyst,15,50,No,3,3,7.2,0.5,6,3.4,77.0
47,Female,Sales,Team Lead,24,40,No,6,9,6.0,0.4,2,4.0,71.3
57,Female,Sales,Developer,6,36,Yes,6,3,8.9,1.7,5,5.0,61.9
44,Male,Finance,Manager,13,68,Yes,3,2,6.3,0.3,5,6.0,50.2
22,Male,HR,Developer,21,34,Yes,8,8,8.8,1.1,2,4.8,69.8
36,Female,Finance,Developer,1,50,No,4,6,5.0,0.2,4,5.0,55.3
42,Male,Sales,Manager,20,47,Yes,4,8,8.5,1.9,1,1.5,82.7
30,Male,Finance,Intern,19,64,Yes,5,7,4.1,1.2,1,5.5,57.1
30,Male,Sales,Manager,1,49,Yes,7,3,6.7,1.8,3,7.0,42.9
31,Female,Marketing,Developer,28,44,No,9,8,6.1,0.8,4,4.7,55.0
47,Female,HR,Manager,21,34,Yes,5,1,6.6,1.6,4,5.2,58.0
56,Male,Marketing,Intern,22,42,Yes,3,1,6.8,1.7,6,4.4,65.0
46,Male,IT,Analyst,2,41,No,9,8,5.9,1.4,3,5.9,52.3
47,Female,Finance,Manager,15,50,Yes,3,9,9.0,0.2,5,1.7,87.3
32,Other,IT,Manager,14,66,Yes,3,6,8.9,0.0,2,3.0,74.6
59,Male,Finance,Developer,19,35,No,7,5,8.8,0.3,5,6.1,50.8
23,Female,Marketing,Analyst,11,36,Yes,6,2,8.9,0.2,0,5.3,61.5
28,Male,Sales,Executive,15,55,No,7,9,8.0,1.5,3,4.7,65.3
39,Female,Sales,Executive,6,37,Yes,5,6,8.9,1.1,2,4.4,64.2
48,Male,Finance,Team Lead,20,38,No,6,8,8.5,1.1,5,1.3,91.2
55,Male,Sales,Manager,9,56,Yes,6,9,6.1,0.5,5,3.6,73.8
48,Female,Marketing,Manager,5,33,No,5,9,7.9,0.3,4,4.5,61.2
38,Female,Sales,Analyst,20,50,Yes,6,8,8.6,0.4,3,3.3,74.6
45,Male,Marketing,Intern,2,60,Yes,9,8,7.6,0.8,0,4.8,62.1
46,Female,IT,Executive,6,50,No,4,3,6.1,1.5,1,6.1,53.2
28,Male,Marketing,Team Lead,26,69,No,5,3,4.3,0.5,3,6.1,48.4
27,Female,HR,Analyst,18,54,Yes,5,2,8.0,1.4,0,6.9,44.7
45,Male,HR,Manager,28,68,No,4,1,8.8,1.0,0,4.7,60.1
54,Female,HR,Executive,29,44,Yes,7,4,5.8,1.8,3,7.5,41.0
50,Male,Finance,Team Lead,23,64,No,7,2,4.8,0.5,2,6.2,47.9
43,Female,Finance,Developer,19,66,Yes,7,2,5.6,0.9,3,4.5,62.4
47,Female,Finance,Executive,9,57,No,6,5,6.9,0.2,5,6.0,52.4
49,Female,Marketing,Team Lead,27,43,Yes,4,4,5.6,0.7,6,5.5,53.2
42,Female,Finance,Analyst,21,33,Yes,9,1,7.1,1.0,4,8.5,40.0
28,Female,IT,Developer,24,49,Yes,5,9,8.8,1.5,5,3.2,77.5
38,Male,HR,Team Lead,27,63,Yes,5,4,7.4,0.4,0,6.5,46.1
41,Male,Marketing,Team Lead,6,41,No,5,5,5.8,0.4,0,5.9,48.6
41,Female,HR,Manager,14,62,No,6,7,8.7,1.3,1,5.2,55.1
43,Male,Finance,Intern,28,53,No,6,2,6.8,0.8,0,6.3,49.3
49,Female,Marketing,Executive,26,49,Yes,8,8,4.6,1.0,6,4.6,67.9
28,Other,Sales,Manager,24,34,Yes,9,2,6.5,1.7,1,7.8,40.0
22,Male,IT,Developer,29,67,No,7,5,7.3,1.0,0,6.1,52.9
53,Female,Finance,Intern,13,59,No,8,2,8.2,1.3,0,8.9,40.0
34,Male,Finance,Team Lead,11,53,Yes,8,2,8.7,1.3,3,7.1,43.8
51,Female,IT,Manager,12,69,No,6,4,5.6,1.6,3,4.9,60.2
44,Male,IT,Intern,19,36,No,7,4,4.8,1.3,4,7.0,45.7
40,Male,Sales,Executive,19,65,No,7,8,4.4,0.1,5,6.6,43.8
53,Female,Finance,Developer,21,67,Yes,5,6,7.7,0.7,2,6.1,51.4
51,Female,Finance,Analyst,27,45,Yes,6,8,8.0,2.0,4,4.2,66.9
50,Female,HR,Manager,26,44,Yes,7,7,6.0,0.4,0,5.2,59.6
50,Female,Marketing,Developer,19,52,No,8,4,6.0,1.2,4,5.4,52.8
51,Male,Marketing,Analyst,24,41,Yes,4,2,8.8,1.7,3,4.3,64.2
37,Female,HR,Manager,26,58,Yes,4,9,8.6,1.2,5,3.3,75.4
40,Male,Marketing,Developer,13,44,No,6,2,5.2,0.7,0,5.1,59.9
39,Female,IT,Developer,28,58,Yes,5,1,7.9,0.2,0,7.8,42.8
22,Female,Marketing,Intern,14,50,Yes,5,8,7.1,0.7,4,3.6,69.6
35,Female,Marketing,Manager,24,44,No,7,9,4.8,0.4,5,5.2,52.4
23,Female,HR,Developer,18,43,No,9,1,5.8,1.9,6,8.5,40.0
49,Male,Sales,Team Lead,12,45,No,6,7,4.9,1.4,1,6.2,42.4
51,Female,Marketing,Manager,4,44,Yes,9,2,5.5,1.5,6,8.2,40.0
59,Male,Marketing,Developer,10,33,No,4,6,7.1,0.9,2,3.0,76.0
25,Female,Sales,Intern,29,56,No,8,5,5.9,0.2,5,6.9,46.0
22,Male,HR,Analyst,17,52,Yes,7,1,6.0,0.5,4,8.2,40.0
29,Female,Sales,Analyst,4,58,No,8,2,6.7,0.5,6,6.3,52.7
50,Female,HR,Team Lead,12,38,Yes,9,2,4.4,1.0,4,8.9,40.0
24,Male,IT,Manager,13,36,Yes,7,6,7.7,0.9,2,5.6,49.1
53,Male,HR,Intern,29,33,Yes,3,1,6.0,0.9,0,5.3,55.3
31,Female,IT,Developer,27,34,Yes,8,4,6.4,1.0,0,6.1,50.3
31,Male,IT,Developer,29,34,Yes,6,5,8.9,2.0,1,4.7,63.0
40,Male,HR,Analyst,4,40,No,8,2,5.7,0.6,4,7.8,40.0
55,Male,Finance,Intern,10,57,Yes,8,2,7.2,1.2,2,6.7,46.9
54,Male,HR,Team Lead,25,45,No,7,7,6.0,0.5,4,4.5,59.3
44,Female,Marketing,Analyst,3,59,No,4,7,8.5,0.9,3,2.5,77.6
49,Female,Marketing,Analyst,15,33,Yes,9,6,8.2,0.4,4,6.5,47.0
53,Male,Finance,Team Lead,2,31,Yes,3,1,5.2,1.1,4,5.9,52.3
28,Male,IT,Manager,25,32,No,8,3,7.5,0.5,3,6.7,44.9
50,Male,Finance,Developer,25,50,No,9,9,4.3,0.1,3,7.9,40.0
29,Male,Marketing,Manager,17,35,Yes,9,1,8.8,1.6,6,5.9,49.4
22,Male,Finance,Intern,6,47,Yes,4,2,5.7,0.3,2,5.8,52.2
24,Male,HR,Executive,26,34,No,5,8,8.2,0.7,6,2.0,85.5
45,Male,Finance,Executive,8,38,Yes,3,7,5.6,1.0,0,3.5,72.6
44,Female,IT,Executive,3,49,No,3,9,7.2,0.9,1,2.9,75.7
29,Male,HR,Team Lead,27,57,No,9,4,8.9,1.5,6,6.5,46.9
58,Female,Sales,Analyst,25,55,Yes,7,4,8.4,1.2,3,4.0,66.6
24,Female,Marketing,Manager,18,47,Yes,8,7,4.8,0.6,0,6.0,51.0
54,Female,Marketing,Developer,22,48,Yes,5,1,6.7,0.1,2,6.1,49.7
49,Female,Finance,Executive,1,32,No,7,9,5.7,1.5,5,5.8,52.5
29,Female,HR,Manager,29,38,Yes,6,2,6.2,0.7,4,5.0,60.9
55,Female,Sales,Executive,16,65,Yes,4,1,5.7,1.8,2,7.1,44.0
56,Female,HR,Executive,7,60,No,4,7,5.7,0.8,2,1.6,83.3
53,Female,Marketing,Developer,3,46,Yes,7,6,6.7,1.4,3,4.3,71.0
45,Female,HR,Intern,23,52,Yes,9,3,5.0,1.9,1,7.9,40.0
35,Female,Sales,Intern,4,63,No,4,1,6.7,1.3,6,5.9,54.2
53,Male,Finance,Intern,9,34,Yes,8,5,5.4,0.8,3,8.0,40.0
37,Male,IT,Team Lead,5,44,No,4,4,5.4,1.1,4,5.1,63.6
25,Male,HR,Analyst,19,32,No,8,5,7.7,1.1,3,6.1,52.8
58,Female,IT,Team Lead,15,48,Yes,6,1,4.1,1.2,4,7.5,41.1
42,Female,Marketing,Manager,8,57,Yes,5,1,5.9,0.3,3,4.0,67.5
35,Female,Finance,Team Lead,6,32,Yes,3,5,6.0,1.4,5,3.1,69.7
52,Female,Finance,Manager,18,67,No,7,6,6.4,0.3,1,4.5,69.0
39,Male,HR,Manager,19,33,Yes,7,5,7.3,0.0,5,6.7,49.0
28,Male,Finance,Analyst,24,53,No,8,2,5.8,1.2,0,8.6,40.0
31,Female,HR,Developer,15,60,No,6,9,5.1,0.2,1,6.3,51.0
28,Female,HR,Analyst,26,40,Yes,6,5,8.4,1.5,6,5.6,51.3
54,Other,IT,Intern,7,66,No,9,5,8.9,1.7,3,7.3,40.0
44,Male,Finance,Intern,10,30,Yes,3,9,4.1,1.9,2,3.4,72.8
42,Female,HR,Team Lead,6,38,No,5,3,6.7,1.3,0,5.0,57.6
40,Female,IT,Manager,14,46,No,7,5,5.7,1.0,2,5.0,58.6
40,Female,Sales,Executive,17,30,Yes,8,5,5.4,0.7,5,5.5,55.8
57,Female,IT,Executive,9,32,Yes,6,2,5.7,1.0,6,5.1,55.6
50,Female,IT,Manager,19,55,No,7,4,7.2,0.4,1,6.8,45.4
39,Male,HR,Analyst,5,60,No,8,2,5.0,0.7,6,7.1,40.0
23,Female,Marketing,Developer,23,55,No,4,5,8.6,1.4,0,3.4,75.8
22,Female,Marketing,Analyst,7,52,Yes,7,2,6.3,0.4,5,4.9,60.5
26,Female,Marketing,Manager,19,59,Yes,5,9,5.6,0.5,3,3.1,76.8
41,Female,IT,Manager,20,39,Yes,8,6,7.8,1.5,2,5.6,49.9
32,Male,HR,Developer,26,37,No,5,8,4.1,0.4,3,3.1,77.0
23,Male,Finance,Team Lead,7,54,Yes,7,9,6.2,0.5,4,7.4,45.3
24,Other,IT,Team Lead,24,51,Yes,4,8,5.8,0.0,6,2.5,80.4
44,Female,IT,Developer,2,44,No,5,5,5.7,1.4,0,6.2,52.0
33,Female,HR,Team Lead,25,39,No,6,5,5.7,1.2,2,5.5,55.3
41,Male,Sales,Executive,23,49,Yes,8,6,4.2,1.4,1,6.0,53.1
26,Female,IT,Team Lead,16,52,Yes,7,1,4.8,0.4,1,7.1,48.0
58,Female,Sales,Team Lead,13,30,No,4,8,4.7,1.4,1,4.0,74.7
59,Female,Sales,Team Lead,8,31,Yes,6,2,8.9,1.2,5,6.0,53.0
51,Male,Marketing,Executive,6,48,Yes,7,6,4.1,0.7,1,5.1,56.1
30,Female,HR,Team Lead,6,43,Yes,9,9,4.8,0.9,2,6.6,49.1
55,Female,Sales,Intern,9,37,No,4,3,8.9,1.1,6,4.3,61.9
56,Male,HR,Executive,4,67,No,6,2,7.1,1.0,6,4.9,58.9
43,Female,Marketing,Developer,27,41,Yes,5,5,6.3,1.3,6,4.6,61.7
45,Female,HR,Analyst,11,55,Yes,7,9,4.4,0.4,5,6.5,54.1
38,Female,IT,Developer,5,56,No,7,6,7.3,1.1,4,5.7,58.7
31,Female,Sales,Analyst,25,58,No,5,8,4.7,0.9,1,4.4,68.5
51,Male,HR,Developer,17,44,No,9,8,7.4,0.9,6,5.4,59.3
44,Male,Finance,Intern,20,30,No,3,7,8.9,0.9,1,2.6,76.5
53,Male,HR,Analyst,7,57,No,6,5,6.7,1.8,5,5.6,55.9
38,Male,Sales,Analyst,27,32,No,5,2,5.1,1.6,1,5.8,59.1
38,Female,Marketing,Manager,15,47,Yes,7,5,7.1,1.3,4,6.2,51.7
35,Male,Marketing,Analyst,25,63,Yes,6,7,6.6,1.4,5,5.1,62.3
30,Female,Sales,Analyst,15,61,Yes,9,7,6.7,0.1,5,5.1,54.4
23,Other,IT,Manager,14,58,No,6,2,6.4,1.5,0,6.8,47.8
46,Female,IT,Team Lead,13,54,No,3,7,7.4,1.0,5,2.3,78.4
30,Female,Marketing,Team Lead,11,55,No,7,6,6.9,0.6,1,4.6,62.5
43,Female,Marketing,Manager,28,68,Yes,4,7,8.9,0.3,5,3.4,77.1
25,Female,Sales,Executive,13,37,Yes,3,8,8.1,0.2,1,3.1,76.2
47,Male,IT,Analyst,26,48,Yes,3,4,5.3,0.1,1,5.1,61.6
50,Male,Marketing,Analyst,22,51,Yes,4,1,7.6,0.3,6,3.3,73.0
55,Female,IT,Manager,28,58,No,4,8,5.1,0.1,5,4.6,57.4
44,Female,Marketing,Manager,24,62,No,9,8,7.9,1.5,0,6.1,48.4
58,Female,HR,Executive,29,67,Yes,9,3,4.7,0.5,1,7.1,45.2
32,Female,Finance,Intern,9,64,Yes,3,3,6.4,0.7,6,4.4,65.8
27,Female,HR,Team Lead,10,32,No,6,5,8.0,1.6,0,5.3,62.6
39,Male,Marketing,Developer,4,48,Yes,5,3,5.4,0.2,0,2.4,81.2
42,Other,Finance,Intern,17,39,No,5,5,8.2,1.7,5,3.4,70.1
57,Female,Finance,Team Lead,14,56,Yes,3,8,7.2,1.3,3,4.1,67.1
59,Male,Marketing,Analyst,24,44,Yes,6,1,6.0,0.7,6,6.1,54.2
55,Female,Marketing,Intern,18,40,Yes,4,2,6.1,0.2,3,5.3,52.3
38,Male,IT,Manager,11,55,Yes,8,2,8.6,0.2,1,6.7,47.4
58,Female,Marketing,Executive,16,53,No,3,4,5.1,0.7,2,5.2,54.6
46,Female,Sales,Team Lead,1,42,Yes,7,9,7.5,0.3,3,4.2,66.9
59,Male,Marketing,Executive,29,61,Yes,6,2,7.5,0.5,6,5.8,55.8
33,Female,Sales,Team Lead,7,66,Yes,7,9,8.6,0.1,5,4.5,65.7
44,Female,Marketing,Intern,28,33,Yes,7,7,7.6,1.2,6,5.9,56.8
43,Male,IT,Analyst,10,42,Yes,3,8,6.9,0.3,5,4.2,67.2
42,Male,Sales,Developer,9,38,No,6,1,8.5,1.5,3,5.9,54.3
48,Female,HR,Executive,27,63,No,7,5,8.1,0.4,2,5.1,60.8
52,Male,Sales,Executive,28,66,No,9,9,7.6,1.6,4,5.4,53.9
27,Male,IT,Developer,28,36,Yes,9,4,4.2,0.4,1,8.9,40.0
48,Male,Sales,Executive,25,30,Yes,6,2,5.9,1.4,6,7.1,40.0
55,Male,Marketing,Executive,3,41,Yes,5,6,7.2,0.7,4,4.1,68.3
33,Female,Marketing,Team Lead,22,50,Yes,8,2,6.6,1.2,4,5.7,46.1
28,Female,IT,Team Lead,23,40,No,7,3,5.6,0.1,0,7.7,40.9
31,Male,Finance,Developer,14,43,No,7,8,4.7,1.0,0,6.5,53.0
38,Female,Marketing,Analyst,26,63,No,6,3,6.8,0.3,1,4.9,62.3
47,Male,HR,Intern,25,63,Yes,9,2,5.4,1.0,2,7.5,42.0
42,Female,IT,Intern,15,54,Yes,8,6,5.2,0.3,0,7.2,46.0
49,Other,Sales,Executive,2,33,No,5,3,6.0,0.9,6,6.0,50.7
23,Male,Sales,Analyst,24,55,Yes,7,1,7.9,0.2,6,4.9,57.0
22,Female,HR,Developer,14,45,Yes,3,3,6.4,0.4,3,3.5,71.7
57,Female,Marketing,Developer,16,39,No,9,6,5.1,1.2,6,7.4,40.0
47,Male,IT,Team Lead,7,31,No,6,3,4.6,2.0,1,6.6,47.4
50,Male,HR,Executive,4,64,No,6,9,6.5,0.9,5,4.9,61.6
42,Male,Marketing,Manager,18,48,Yes,9,7,8.0,1.4,4,6.7,45.0
32,Female,IT,Developer,24,35,Yes,7,5,7.3,1.1,6,6.0,49.9
32,Other,Sales,Executive,27,48,Yes,5,2,5.2,1.0,1,6.5,41.5
57,Female,IT,Analyst,5,37,No,7,9,6.2,0.1,5,4.3,65.1
56,Female,Finance,Team Lead,6,43,Yes,9,5,8.3,0.3,5,6.6,45.9
55,Female,IT,Intern,27,39,No,4,7,4.9,1.8,0,4.5,62.9
45,Female,Finance,Analyst,7,32,No,7,9,6.7,0.8,5,6.3,51.8
43,Female,IT,Developer,15,67,No,8,4,5.8,1.2,2,6.0,57.9
26,Male,Finance,Developer,26,58,Yes,9,9,4.6,1.1,5,6.8,44.5
54,Female,Sales,Analyst,1,44,Yes,8,1,4.2,0.8,5,7.9,40.0
57,Female,Marketing,Developer,24,52,No,9,6,6.8,0.8,4,7.2,43.2
41,Male,Finance,Executive,4,52,No,4,2,4.1,1.1,2,5.7,57.8
40,Female,Finance,Developer,29,47,No,8,8,4.5,0.3,1,7.0,41.3
56,Male,Sales,Team Lead,25,48,Yes,8,5,5.7,0.8,2,5.8,50.8
38,Female,Finance,Executive,1,57,No,3,3,4.2,0.9,2,5.1,56.7
55,Female,HR,Manager,11,55,No,6,2,6.0,2.0,1,6.8,40.0
30,Male,Sales,Developer,18,39,Yes,8,8,4.7,0.7,4,5.2,58.3
47,Male,HR,Developer,14,33,No,6,7,5.7,1.3,6,5.3,54.4
23,Male,Sales,Team Lead,22,31,No,9,9,8.0,0.3,5,6.4,49.6
30,Female,Finance,Team Lead,11,32,Yes,5,8,7.1,0.1,2,3.9,61.6
30,Male,HR,Intern,10,36,Yes,7,4,6.2,1.7,2,7.0,43.8
38,Female,Finance,Analyst,27,45,No,3,2,4.5,1.5,6,4.6,62.4
22,Male,Sales,Analyst,17,60,Yes,9,2,7.1,0.6,1,6.6,45.6
46,Other,Finance,Analyst,4,39,No,4,2,4.8,1.0,3,6.3,52.6
46,Female,HR,Team Lead,24,48,No,5,6,4.4,0.3,6,4.5,61.6
56,Female,HR,Analyst,15,57,No,3,7,7.3,1.4,2,1.6,88.1
24,Female,Finance,Analyst,26,46,No,3,6,8.6,0.1,0,2.6,77.3
58,Female,IT,Manager,16,57,Yes,9,2,6.3,1.5,5,9.0,40.0
51,Female,Sales,Analyst,21,48,Yes,4,4,4.2,1.1,5,6.2,50.0
59,Male,Sales,Developer,13,66,No,4,3,8.4,0.6,6,3.6,73.2
55,Male,Finance,Intern,9,52,Yes,6,4,4.3,1.7,4,4.7,64.2
33,Male,IT,Team Lead,11,49,No,7,5,8.3,2.0,6,5.2,61.8
40,Male,HR,Executive,11,42,No,9,7,6.0,0.5,2,7.4,41.2
58,Male,Marketing,Intern,6,42,Yes,5,9,5.8,1.6,1,3.7,66.4
38,Female,Marketing,Manager,1,40,Yes,7,2,6.7,1.5,0,6.5,49.3
31,Other,Finance,Team Lead,22,44,No,5,8,8.8,1.5,6,3.1,76.0
33,Male,IT,Team Lead,6,46,No,3,3,8.5,1.9,1,3.9,59.7
37,Female,IT,Developer,13,57,Yes,8,9,6.4,1.0,6,6.1,46.2
45,Male,Sales,Intern,22,48,No,8,4,7.5,1.3,2,6.6,49.3
40,Female,HR,Intern,24,33,No,9,3,6.9,1.6,0,7.2,46.7
29,Female,IT,Analyst,22,51,No,4,6,7.5,1.0,4,4.6,63.0
52,Female,Marketing,Developer,5,51,Yes,4,9,8.1,1.0,4,3.1,77.6
42,Other,HR,Analyst,15,66,Yes,3,7,4.2,0.6,6,4.8,61.9
38,Male,HR,Analyst,27,68,No,3,4,5.6,1.6,4,3.8,69.7
44,Female,Finance,Team Lead,18,63,No,5,3,8.8,1.4,3,5.3,57.2
58,Female,IT,Intern,20,62,Yes,3,4,8.7,0.9,1,4.7,62.6
37,Male,Finance,Analyst,14,69,No,9,3,4.1,0.8,2,9.4,40.0
27,Female,IT,Manager,15,62,No,5,3,5.0,0.1,0,4.8,60.4
29,Male,Sales,Manager,26,41,Yes,7,9,9.0,0.0,6,4.1,70.9
46,Female,Finance,Intern,5,31,No,4,4,6.5,1.1,6,3.5,69.0
39,Male,Finance,Manager,26,57,No,4,9,6.9,0.8,5,2.3,86.7
46,Male,Marketing,Team Lead,4,39,Yes,8,5,4.8,1.6,5,6.7,45.8
33,Female,Finance,Developer,2,51,Yes,8,7,8.5,1.1,1,3.5,71.8
36,Female,IT,Executive,7,46,No,9,5,5.2,1.9,2,7.5,40.0
47,Male,Marketing,Analyst,10,55,Yes,4,1,4.9,0.4,3,6.5,49.2
47,Male,Finance,Executive,16,32,Yes,9,2,5.1,2.0,2,7.9,40.0
53,Female,Finance,Developer,10,36,No,7,5,8.6,0.6,1,4.7,61.0
31,Male,Sales,Developer,18,37,No,7,6,7.5,1.3,2,5.2,60.2
37,Male,Finance,Team Lead,17,49,No,6,7,7.8,1.0,5,6.6,50.7
28,Female,HR,Manager,21,41,No,5,2,5.9,0.7,5,5.4,53.7
38,Female,Marketing,Manager,28,64,Yes,8,9,8.5,0.3,0,4.1,69.7
44,Male,HR,Developer,13,46,Yes,5,6,7.9,0.3,3,2.2,86.1
47,Female,Marketing,Team Lead,1,57,Yes,8,2,7.8,1.4,5,8.0,40.0
42,Female,Sales,Team Lead,1,39,Yes,6,2,8.9,0.8,0,4.6,60.7
43,Female,Finance,Intern,15,51,No,4,3,5.8,1.9,3,5.3,61.3
28,Female,Finance,Analyst,1,67,No,9,1,7.1,0.7,5,9.9,40.0
35,Male,Finance,Manager,6,62,Yes,5,9,8.5,2.0,3,3.8,74.7
36,Male,Marketing,Developer,25,51,Yes,8,4,8.0,0.4,2,6.7,45.9
28,Male,Finance,Intern,26,66,Yes,5,5,6.8,0.2,0,4.6,61.6
30,Female,HR,Executive,13,42,No,4,7,4.4,0.6,3,4.6,67.3
29,Male,Finance,Manager,27,56,Yes,9,1,7.3,1.8,6,7.9,40.0
44,Female,Sales,Analyst,28,44,Yes,3,3,6.6,1.0,3,5.1,58.5
50,Male,HR,Team Lead,1,51,No,8,3,4.9,0.3,2,4.9,62.5
39,Male,Finance,Developer,5,59,Yes,3,2,8.4,0.4,5,4.8,63.6
52,Female,Finance,Manager,9,69,Yes,6,8,5.7,0.6,5,5.1,56.8
51,Male,IT,Executive,25,66,No,9,5,5.9,1.2,6,9.4,40.0
56,Male,Marketing,Analyst,17,63,Yes,7,1,7.4,0.7,1,6.9,43.9
39,Female,HR,Analyst,16,63,No,5,2,6.4,1.5,1,6.0,47.0
38,Male,IT,Intern,8,64,Yes,8,1,4.4,1.2,5,8.3,40.0
35,Female,Sales,Manager,17,48,Yes,5,6,5.9,1.7,6,5.2,53.5
52,Female,Marketing,Executive,15,37,Yes,6,9,4.5,1.0,4,3.5,70.0
45,Male,HR,Analyst,24,68,No,6,7,5.0,0.7,4,5.9,49.2
56,Female,Finance,Developer,1,62,No,5,5,4.0,2.0,6,4.5,66.3
55,Female,HR,Analyst,12,57,No,8,3,4.9,0.7,3,7.6,40.1
24,Male,Finance,Executive,5,66,No,9,8,5.7,0.9,5,5.3,62.2
58,Male,Marketing,Team Lead,24,54,No,4,4,6.7,1.6,1,4.5,61.2
47,Male,Finance,Team Lead,6,65,Yes,9,9,8.6,0.2,3,4.9,61.2
44,Female,Sales,Intern,25,46,Yes,4,5,6.7,0.8,0,4.2,63.1
36,Male,Finance,Manager,1,53,Yes,7,6,7.5,0.2,6,5.3,55.7
25,Female,Sales,Executive,25,50,Yes,9,5,5.8,0.3,6,7.3,40.4
50,Female,Marketing,Intern,1,31,Yes,5,7,7.8,0.0,1,4.0,73.9
43,Female,Marketing,Analyst,10,60,Yes,5,7,7.1,0.0,1,5.1,60.3
46,Male,HR,Analyst,10,62,Yes,8,1,6.3,0.8,1,7.1,42.8
34,Male,Sales,Team Lead,3,59,Yes,5,2,5.0,1.6,6,6.5,51.2
39,Female,Sales,Intern,17,41,Yes,8,7,5.5,1.2,4,5.2,60.4
54,Male,IT,Team Lead,19,41,No,5,8,7.1,1.3,2,5.7,54.2
37,Male,IT,Developer,28,53,No,6,4,6.1,1.0,2,6.2,52.4
23,Male,IT,Team Lead,11,53,Yes,3,6,8.4,1.6,6,2.7,77.5
56,Male,Finance,Developer,29,40,Yes,5,3,5.2,1.8,4,7.4,49.8
55,Female,IT,Analyst,18,42,Yes,3,7,4.4,1.7,5,4.3,69.3
51,Male,Sales,Intern,2,56,No,4,3,6.9,1.6,5,4.3,64.4
34,Male,Finance,Developer,9,37,Yes,7,7,8.4,0.4,6,4.8,63.9
34,Male,Marketing,Intern,24,39,No,9,8,5.8,1.2,6,5.0,61.6
39,Female,HR,Intern,17,37,Yes,9,3,7.2,1.2,4,6.2,51.2
53,Female,IT,Developer,28,49,Yes,4,2,5.2,1.1,4,6.7,47.9
53,Male,Marketing,Manager,14,37,Yes,5,6,6.8,1.0,5,3.7,68.0
56,Female,Sales,Team Lead,4,38,Yes,9,4,7.9,0.2,2,5.6,53.9
50,Female,HR,Developer,29,36,No,8,8,8.3,0.2,3,5.8,58.6
50,Female,Marketing,Analyst,17,43,Yes,4,2,4.5,1.8,4,7.3,42.2
37,Female,HR,Intern,17,57,No,6,4,5.8,1.3,3,7.0,41.9
31,Male,IT,Executive,12,31,No,3,2,7.2,0.5,3,6.9,44.4
51,Male,Sales,Developer,28,37,No,8,2,4.2,0.6,0,10.0,40.0
46,Male,HR,Team Lead,20,42,Yes,9,2,7.5,1.2,2,6.7,49.1
41,Male,Marketing,Intern,18,50,Yes,8,1,6.6,0.8,6,7.2,40.7
26,Other,IT,Manager,3,57,Yes,5,4,5.4,0.9,3,3.9,68.9
22,Male,IT,Analyst,11,64,Yes,6,2,8.1,0.1,6,4.9,58.8
51,Male,Marketing,Manager,25,52,No,3,9,5.5,0.3,6,4.1,73.8
24,Female,Marketing,Executive,18,44,Yes,6,9,9.0,0.8,2,4.1,69.1
35,Female,HR,Developer,4,31,No,4,7,8.1,1.4,2,5.0,61.8
51,Male,Finance,Intern,17,41,Yes,5,6,7.5,0.1,0,3.6,73.3
25,Male,IT,Developer,18,65,No,8,3,4.3,0.7,6,6.8,44.4
39,Male,HR,Team Lead,5,32,Yes,8,7,8.5,1.4,5,6.0,56.6
58,Female,Marketing,Developer,14,34,Yes,4,1,8.0,1.6,2,6.3,49.4
46,Male,HR,Analyst,10,32,No,8,9,5.1,0.4,3,3.9,74.1
22,Male,Marketing,Executive,15,48,Yes,7,4,6.0,1.5,5,6.1,50.2
36,Female,Sales,Manager,1,31,No,5,6,5.3,1.9,5,5.3,59.7
30,Male,Marketing,Executive,16,66,Yes,4,6,8.9,1.8,1,4.5,64.5
36,Female,Marketing,Intern,11,46,Yes,5,3,8.3,1.6,3,6.1,52.0
45,Female,Marketing,Developer,23,43,No,3,4,8.7,1.4,3,3.8,64.6
25,Male,Finance,Intern,20,57,No,5,3,7.9,0.5,2,4.1,64.3
33,Female,Marketing,Manager,6,56,Yes,5,6,6.3,1.3,3,2.8,82.1
58,Female,IT,Intern,24,39,No,3,1,5.0,1.3,6,5.2,54.5
58,Male,IT,Team Lead,29,32,No,4,8,5.0,0.8,1,3.6,73.9
27,Female,HR,Executive,22,65,No,5,8,4.8,1.0,2,3.6,79.0
45,Female,Finance,Manager,16,67,Yes,6,9,6.7,1.4,4,5.1,60.9
32,Female,HR,Manager,2,54,Yes,5,6,8.6,1.9,3,3.2,80.8
34,Male,IT,Manager,1,51,No,4,1,9.0,0.6,3,4.5,66.1
55,Other,IT,Analyst,24,68,No,8,3,5.4,0.5,0,8.3,40.0
46,Male,Sales,Executive,24,59,Yes,9,1,7.5,1.2,4,7.1,44.3
28,Male,Marketing,Intern,9,50,Yes,3,5,7.0,0.3,4,4.2,65.9
25,Male,IT,Manager,22,59,Yes,8,3,6.4,1.2,6,7.0,43.4
29,Male,HR,Executive,12,57,No,4,2,7.3,0.2,1,5.4,55.2
41,Female,HR,Manager,17,60,Yes,7,3,5.9,1.0,6,7.4,42.1
50,Male,Marketing,Team Lead,25,55,Yes,9,9,8.7,1.2,4,5.6,61.8
31,Male,Marketing,Team Lead,28,51,Yes,8,8,7.5,0.1,6,4.0,72.3
55,Female,Sales,Team Lead,29,50,No,5,3,7.8,0.4,6,4.1,67.8
47,Male,Finance,Developer,15,30,Yes,9,2,5.2,0.7,0,8.3,40.0
24,Male,HR,Manager,19,66,Yes,5,5,4.8,0.7,1,4.4,64.5
27,Male,Marketing,Developer,27,42,No,3,1,6.0,1.4,6,6.1,55.5
26,Male,HR,Executive,22,50,No,5,4,7.8,1.1,6,5.3,52.7
26,Male,Marketing,Developer,10,38,Yes,9,8,8.7,0.8,4,3.9,74.6
44,Female,IT,Executive,29,46,Yes,6,1,6.1,0.9,1,8.5,40.0
30,Male,HR,Executive,26,50,No,6,5,7.9,0.0,4,4.8,60.4
56,Male,IT,Executive,27,60,No,8,4,6.4,1.5,4,6.5,44.3
41,Female,HR,Intern,12,68,No,4,6,5.5,0.1,6,4.8,62.1
56,Female,Finance,Developer,14,51,No,3,7,7.7,1.7,5,3.1,73.2
39,Male,Sales,Intern,9,41,No,7,9,8.0,1.1,4,5.4,60.3
38,Female,IT,Manager,27,35,No,8,1,5.0,1.1,6,6.8,47.6
45,Male,Marketing,Developer,13,45,Yes,4,4,5.5,1.4,3,6.0,49.9
24,Female,Finance,Manager,3,55,Yes,3,6,6.5,1.7,4,4.3,63.0
53,Female,HR,Manager,21,34,Yes,9,7,4.9,1.9,3,5.8,51.7
56,Male,IT,Executive,29,38,Yes,3,7,8.6,1.1,2,3.2,71.6
59,Female,HR,Developer,14,69,No,9,8,7.0,0.3,5,7.1,42.4
34,Male,HR,Manager,21,43,Yes,8,8,4.6,1.8,0,6.4,46.3
46,Female,HR,Team Lead,10,59,No,4,8,4.9,0.1,1,4.0,71.5
30,Male,Sales,Manager,16,55,Yes,4,8,8.8,1.6,1,3.8,68.1
25,Female,Sales,Team Lead,7,58,Yes,5,8,7.7,1.4,2,4.5,65.7
35,Female,Marketing,Developer,4,48,No,7,6,7.7,1.8,4,4.9,62.6
58,Female,IT,Intern,27,37,Yes,6,9,4.4,1.8,0,4.8,56.0
55,Male,Finance,Developer,20,52,Yes,5,3,8.5,0.1,2,5.9,54.9
32,Female,Finance,Intern,23,64,Yes,3,6,6.2,1.2,2,3.9,63.7
24,Female,Finance,Intern,25,60,No,7,5,7.3,0.2,1,5.1,56.7
49,Female,HR,Developer,11,64,Yes,7,8,8.8,0.2,3,4.9,62.8
50,Female,Sales,Manager,16,61,No,4,4,4.5,0.9,3,4.8,62.0
30,Female,IT,Analyst,20,34,Yes,7,4,6.4,0.2,4,6.8,44.6
24,Male,HR,Manager,4,45,No,8,5,4.2,1.5,4,8.2,40.0
46,Male,Sales,Manager,22,46,Yes,7,6,6.5,1.9,6,6.3,52.5
55,Female,Sales,Executive,22,61,No,3,4,5.3,1.1,6,3.7,71.7
33,Male,IT,Executive,23,67,No,8,2,8.6,0.5,2,7.1,40.6
30,Other,IT,Manager,17,61,No,8,2,6.0,1.7,4,4.9,57.9
36,Female,IT,Team Lead,13,49,No,5,3,7.2,1.7,3,5.3,60.7
46,Female,HR,Intern,11,31,No,7,2,8.3,1.5,0,7.3,42.5
26,Male,Marketing,Executive,3,49,No,4,1,8.9,1.2,1,5.5,51.9
32,Female,IT,Manager,9,47,Yes,9,8,6.5,1.7,3,6.1,49.0
55,Female,Marketing,Analyst,6,30,No,5,5,6.3,0.3,6,7.0,49.9
45,Female,HR,Team Lead,22,58,Yes,4,1,4.4,1.9,5,4.4,67.8
36,Female,Marketing,Developer,21,58,Yes,7,9,4.1,1.9,4,3.8,69.6
59,Male,Finance,Manager,11,48,Yes,5,8,7.0,1.7,1,4.4,64.9
29,Female,Marketing,Manager,16,69,Yes,7,4,4.3,0.5,5,7.5,40.0
26,Female,IT,Intern,19,35,Yes,3,8,5.9,1.7,1,4.1,71.1
47,Male,HR,Team Lead,27,68,No,5,7,4.0,1.0,2,4.3,64.2
39,Male,IT,Executive,5,37,Yes,4,7,7.1,1.2,4,3.0,73.6
27,Female,Finance,Executive,14,53,Yes,3,1,6.1,1.7,2,4.3,67.8
58,Female,IT,Executive,17,49,No,6,6,4.6,0.1,1,5.8,51.7
34,Other,IT,Developer,3,43,Yes,4,4,5.5,0.7,2,4.0,62.5
49,Female,IT,Team Lead,4,34,No,9,2,6.8,1.6,4,8.7,40.0
26,Male,Sales,Team Lead,16,69,No,7,7,7.3,1.6,3,5.2,53.9
34,Male,Finance,Executive,16,63,No,4,9,6.3,1.7,0,2.7,78.2
38,Male,IT,Executive,21,45,No,6,5,8.0,0.3,5,4.5,65.0
53,Male,IT,Intern,26,36,Yes,4,8,4.6,1.4,3,2.5,79.2
50,Male,IT,Analyst,25,45,Yes,3,5,4.4,0.3,1,3.6,70.4
24,Male,HR,Analyst,4,36,Yes,8,7,4.2,1.6,3,5.7,59.1
55,Male,Sales,Manager,19,56,No,4,7,6.7,0.5,2,4.2,71.1
48,Female,HR,Manager,26,43,Yes,5,9,7.5,1.5,4,3.5,69.2
34,Male,Sales,Team Lead,17,43,Yes,9,3,4.7,0.9,3,7.0,42.2
54,Female,IT,Team Lead,13,62,Yes,6,1,7.2,2.0,3,5.3,56.0
27,Female,Finance,Developer,26,62,No,4,2,6.4,1.2,4,5.1,59.1
45,Male,Marketing,Developer,22,49,Yes,6,6,8.9,1.3,2,2.7,78.2
40,Male,Marketing,Analyst,23,65,No,8,9,7.6,0.7,0,4.7,67.6
37,Male,IT,Manager,26,36,Yes,3,3,7.3,1.5,3,5.5,55.4
49,Male,HR,Analyst,24,61,Yes,5,2,6.9,1.0,5,5.5,52.9
54,Female,Finance,Analyst,28,32,Yes,7,1,9.0,0.0,1,6.7,44.6
34,Male,Sales,Manager,1,68,No,4,2,8.9,1.2,6,4.9,61.9
46,Male,IT,Developer,12,58,No,3,3,6.7,1.7,2,3.2,73.6
57,Male,Finance,Intern,4,53,Yes,6,7,6.3,0.5,2,6.6,48.1
48,Other,Finance,Intern,11,51,Yes,8,2,6.3,0.4,3,6.9,44.1
59,Female,Sales,Intern,5,35,No,9,5,6.1,1.2,5,6.9,47.0
28,Female,Finance,Manager,2,53,Yes,6,2,6.7,1.6,6,5.6,54.9
26,Male,HR,Executive,17,69,Yes,9,7,5.4,0.5,4,7.6,40.0
52,Female,HR,Executive,8,52,Yes,8,8,8.6,1.9,6,3.7,69.4
44,Female,HR,Executive,6,67,Yes,9,8,6.5,1.9,3,7.2,49.0
31,Female,Finance,Team Lead,21,39,Yes,8,8,8.2,0.4,3,4.9,64.5
53,Other,HR,Developer,29,45,Yes,3,9,6.4,0.5,4,2.3,78.1
51,Male,Sales,Developer,9,40,Yes,4,1,7.6,1.4,1,4.8,66.9
52,Female,Finance,Team Lead,13,61,No,7,1,5.7,1.9,4,8.9,40.0
39,Female,Marketing,Analyst,11,35,Yes,4,2,7.1,1.4,3,3.7,68.9
57,Male,Finance,Intern,29,53,No,5,6,6.5,0.9,0,4.1,66.4
23,Male,Sales,Executive,16,62,Yes,4,1,5.8,0.3,4,4.5,64.2
35,Other,Marketing,Intern,16,41,No,8,5,8.4,0.9,1,4.3,68.9
34,Male,Finance,Executive,27,56,Yes,8,5,4.6,1.2,4,8.0,40.0
50,Female,HR,Intern,2,67,No,5,4,6.4,0.7,4,5.2,59.4
33,Other,IT,Analyst,10,47,Yes,6,5,5.0,1.0,2,4.6,66.8
23,Female,IT,Intern,12,68,No,8,1,8.3,0.3,2,8.0,40.0
53,Male,HR,Intern,8,42,Yes,5,6,5.3,0.9,3,4.5,64.9
34,Female,IT,Manager,11,69,Yes,8,7,7.2,0.2,3,5.0,61.3
48,Male,IT,Intern,10,59,No,7,8,4.8,0.1,6,5.9,53.2
38,Female,HR,Manager,13,42,No,8,2,6.0,1.7,4,6.9,46.3
52,Male,HR,Developer,25,63,Yes,3,7,8.5,0.4,0,2.1,81.1
55,Female,Finance,Team Lead,17,65,No,5,6,4.8,1.2,5,5.6,58.1
45,Female,Finance,Intern,7,59,Yes,9,9,7.3,0.3,3,5.4,55.1
56,Female,HR,Developer,24,54,Yes,4,8,5.0,0.5,4,4.6,64.6
27,Female,Sales,Manager,3,31,No,5,4,6.1,0.7,4,4.9,61.4
40,Female,IT,Intern,20,65,Yes,6,9,6.7,0.3,5,5.2,56.3
51,Female,Finance,Intern,13,47,No,8,1,6.9,0.1,4,7.5,44.9
28,Male,IT,Analyst,19,34,Yes,5,6,7.0,1.8,5,5.6,60.3
31,Female,Marketing,Developer,7,48,No,7,8,7.2,0.0,5,5.9,50.0
53,Male,HR,Executive,9,47,No,5,4,5.4,0.1,6,6.6,49.6
55,Female,Sales,Executive,19,61,No,7,2,6.0,1.6,4,6.9,44.4
49,Male,Marketing,Analyst,13,50,No,8,2,4.2,0.6,6,8.0,40.0
36,Male,Marketing,Manager,22,39,Yes,4,1,7.8,1.4,4,5.1,60.3
51,Female,Marketing,Executive,8,66,No,8,5,8.2,0.3,2,5.2,60.9
58,Male,HR,Executive,22,51,Yes,6,6,5.0,0.5,5,7.3,42.1
50,Male,Finance,Team Lead,18,42,No,3,4,5.0,1.1,1,3.8,68.5
43,Female,HR,Developer,29,46,No,4,4,4.2,2.0,5,6.1,55.2
25,Female,Finance,Manager,23,38,Yes,4,5,8.9,0.1,1,4.7,66.5
41,Female,Marketing,Intern,2,53,No,3,5,8.0,0.8,4,3.9,66.8
53,Male,Marketing,Developer,18,43,Yes,5,9,5.8,0.1,3,3.8,69.9
57,Female,Sales,Manager,18,37,Yes,8,8,6.4,0.4,0,5.4,52.1
25,Male,Finance,Executive,11,66,Yes,5,9,5.5,1.8,6,3.4,75.3
48,Female,Marketing,Team Lead,1,48,No,5,3,7.0,0.2,4,5.5,60.0
38,Female,IT,Developer,14,57,Yes,8,3,7.6,1.7,0,5.6,56.4
33,Female,Sales,Executive,16,59,No,6,1,6.2,0.4,2,7.3,40.0
43,Male,HR,Manager,11,36,Yes,4,6,8.4,1.7,1,3.6,76.0
38,Male,Sales,Developer,1,55,No,7,4,6.6,1.1,6,5.2,64.5
31,Male,IT,Intern,7,69,Yes,3,8,4.7,1.8,2,2.2,81.1
22,Male,Finance,Developer,29,40,No,4,2,7.1,0.3,3,5.1,60.5
43,Male,HR,Executive,16,43,Yes,5,2,6.3,1.5,3,5.7,56.9
47,Female,HR,Developer,14,50,No,3,7,8.7,1.4,5,2.5,82.4
39,Male,Finance,Intern,15,37,Yes,7,5,6.0,1.1,6,6.5,48.1
35,Female,Sales,Team Lead,14,32,No,4,1,6.0,1.6,6,6.0,57.4
50,Male,Marketing,Team Lead,28,57,Yes,4,7,7.3,1.3,6,3.8,64.9
33,Female,Sales,Executive,21,58,No,6,7,6.6,1.8,4,3.9,64.1
57,Female,IT,Manager,11,52,Yes,4,6,5.9,0.8,5,3.6,71.2
56,Male,Marketing,Executive,16,47,No,4,4,8.9,1.2,3,3.0,81.2
33,Male,Sales,Team Lead,19,64,Yes,7,8,5.5,1.7,3,5.0,63.5
28,Female,Finance,Analyst,17,42,Yes,7,2,5.4,0.4,5,7.5,40.0
50,Male,IT,Analyst,27,41,Yes,3,2,8.3,1.0,2,3.3,82.1
32,Female,IT,Developer,26,34,Yes,5,2,4.0,1.9,0,5.7,56.1
54,Female,IT,Intern,6,68,Yes,7,3,5.0,0.9,1,6.7,42.9
27,Female,Marketing,Developer,11,40,No,3,6,7.0,0.5,3,4.1,66.9
36,Male,HR,Analyst,17,40,No,4,1,4.8,0.7,5,4.5,66.9
53,Female,Marketing,Team Lead,9,60,No,3,2,8.9,1.8,3,6.5,51.8
32,Female,Sales,Developer,18,60,Yes,3,2,6.3,1.9,2,5.6,55.0
44,Female,HR,Executive,17,42,Yes,3,1,7.0,1.9,6,4.5,65.6
47,Male,Sales,Intern,12,43,No,8,3,4.8,1.4,6,6.3,49.2
55,Female,HR,Executive,23,54,Yes,3,7,5.4,1.0,1,3.9,68.6
55,Female,Marketing,Intern,22,62,No,7,1,7.1,0.4,6,7.4,43.0
50,Female,IT,Team Lead,22,62,Yes,9,7,6.7,0.2,6,5.3,61.9
25,Male,Finance,Developer,5,44,No,9,5,7.9,0.1,2,5.5,52.6
38,Female,IT,Intern,11,45,Yes,9,9,5.3,0.0,0,5.1,58.5
56,Male,Marketing,Executive,4,67,No,9,2,7.3,1.8,2,7.6,40.0
34,Female,HR,Developer,27,35,Yes,8,1,5.5,1.6,1,7.8,40.0
36,Female,IT,Developer,4,54,No,5,9,6.9,1.1,6,5.8,50.4
50,Female,Marketing,Executive,3,44,Yes,3,8,7.0,2.0,1,1.0,92.1
50,Female,Sales,Analyst,26,33,No,6,6,4.6,1.9,3,4.9,57.6
32,Male,Finance,Intern,24,33,No,9,5,6.7,1.3,0,6.3,46.3
53,Other,IT,Executive,23,59,Yes,4,8,4.1,0.9,4,4.5,63.5
23,Male,HR,Team Lead,25,63,Yes,9,8,6.5,0.3,3,6.5,45.1
35,Female,Sales,Manager,17,56,Yes,9,5,7.5,1.0,6,6.5,49.5
41,Female,Marketing,Executive,7,60,Yes,4,7,4.4,0.3,5,5.7,53.0
43,Female,Finance,Developer,26,61,Yes,8,1,8.7,0.8,2,6.0,48.4
32,Male,HR,Developer,4,68,Yes,4,4,6.3,1.9,2,4.1,74.2
48,Female,Marketing,Executive,23,38,Yes,4,2,8.7,0.7,1,3.6,64.8
24,Female,Marketing,Manager,13,37,No,8,3,4.5,0.3,5,7.2,45.0
38,Male,IT,Executive,12,43,No,4,1,8.7,1.2,1,4.9,61.8
49,Female,IT,Manager,1,62,Yes,3,2,4.5,1.2,5,6.0,50.5
50,Male,HR,Manager,21,52,No,9,1,6.3,0.4,1,9.8,40.0
42,Male,Marketing,Team Lead,19,50,No,5,8,8.7,0.4,4,5.1,64.4
37,Male,IT,Intern,21,41,No,8,4,5.2,2.0,4,5.7,60.8
58,Male,Finance,Developer,20,31,Yes,6,3,4.2,0.5,3,6.5,47.1
41,Female,Finance,Developer,18,42,Yes,8,1,8.0,1.7,4,8.0,40.0
27,Male,Marketing,Manager,11,33,No,7,2,7.0,0.9,5,7.3,45.0
40,Male,IT,Developer,20,49,No,6,3,6.6,0.9,1,8.2,40.0
26,Male,HR,Analyst,3,43,Yes,7,3,4.2,0.6,5,6.7,48.2
24,Female,HR,Manager,29,59,No,8,6,7.3,1.5,3,6.0,53.7
22,Female,HR,Developer,17,58,Yes,7,8,4.9,1.8,3,7.5,40.1
59,Male,Finance,Analyst,12,37,Yes,6,6,8.7,0.5,6,5.1,59.7
36,Male,IT,Team Lead,10,41,No,3,2,7.4,0.2,0,4.1,68.3
55,Female,IT,Developer,8,67,No,8,2,7.5,0.3,4,6.1,47.9
56,Male,Finance,Analyst,15,55,Yes,8,7,5.2,1.6,2,6.3,47.6
46,Female,HR,Executive,5,31,No,4,1,8.4,0.9,2,6.3,50.3
45,Male,HR,Intern,4,69,No,8,1,6.7,0.3,0,8.5,40.0
33,Female,Marketing,Executive,26,43,No,9,7,8.3,0.7,1,5.1,67.5
39,Male,Sales,Analyst,28,35,No,9,9,5.4,1.0,0,6.0,52.4
36,Female,IT,Manager,21,69,Yes,8,5,7.8,1.7,1,5.7,49.2
37,Male,IT,Manager,20,60,Yes,3,1,6.9,1.3,4,4.9,52.4
48,Other,IT,Developer,19,46,Yes,4,5,4.2,0.4,4,5.8,56.1
29,Male,Sales,Executive,21,54,No,5,1,6.0,0.3,3,6.1,51.6
46,Female,Marketing,Manager,4,61,No,7,9,4.9,0.8,3,5.7,58.7
38,Male,Sales,Manager,15,41,Yes,6,4,5.8,0.2,3,6.5,46.1
50,Male,HR,Executive,17,42,Yes,5,9,5.9,1.5,3,3.3,73.2
29,Female,HR,Team Lead,12,48,Yes,4,2,6.4,0.8,2,6.5,48.8
36,Male,IT,Manager,3,54,Yes,9,7,7.0,0.7,6,5.1,58.7
48,Female,Finance,Intern,10,60,No,9,2,6.9,1.0,3,6.4,48.1
28,Female,IT,Analyst,15,66,No,9,4,4.2,1.4,3,7.1,45.4
24,Female,Finance,Developer,10,54,Yes,3,6,7.8,1.1,3,2.5,77.5
50,Male,Sales,Manager,24,45,No,9,2,8.7,1.6,1,7.9,40.0
45,Female,HR,Intern,23,67,No,6,2,5.7,1.3,5,8.9,40.0
24,Male,Finance,Intern,18,52,No,7,2,4.9,1.6,3,8.1,40.2
41,Female,Sales,Manager,1,43,Yes,8,3,6.7,1.4,0,6.1,45.8
36,Female,HR,Team Lead,3,35,Yes,8,5,7.5,0.4,3,5.2,56.9
46,Female,Finance,Analyst,21,54,Yes,5,9,7.4,0.1,3,4.6,64.1
51,Female,IT,Developer,26,52,No,7,6,7.1,1.8,2,4.4,68.6
35,Female,IT,Manager,27,41,No,4,9,4.7,1.9,5,2.7,79.0
28,Male,IT,Developer,12,42,No,7,5,8.2,1.5,3,5.9,56.6
38,Female,Sales,Executive,1,65,Yes,3,6,6.1,1.4,5,3.3,71.6
41,Male,IT,Intern,3,68,Yes,5,8,5.1,0.5,1,4.5,65.0
57,Female,Marketing,Intern,3,63,Yes,5,3,4.4,1.1,4,5.6,56.3
30,Female,HR,Manager,5,35,No,3,2,6.1,2.0,5,4.9,64.7
59,Female,Sales,Manager,19,67,Yes,7,3,7.1,1.7,5,7.2,45.1
43,Male,IT,Executive,29,69,Yes,9,9,7.3,0.6,3,6.1,53.3
23,Female,HR,Team Lead,25,37,No,3,6,8.8,0.6,6,4.1,69.7
45,Male,Finance,Manager,1,37,No,9,4,4.8,1.0,3,8.1,40.0
29,Male,IT,Intern,4,69,No,6,3,8.9,0.8,3,6.2,49.9
32,Male,HR,Developer,29,62,Yes,3,2,7.3,0.7,2,4.7,59.4
34,Male,Marketing,Analyst,29,63,No,9,4,6.3,1.3,6,5.8,51.6
38,Male,Finance,Developer,26,44,Yes,7,9,8.4,0.0,4,4.3,65.1
29,Female,Marketing,Team Lead,26,65,No,9,4,7.5,1.5,2,7.3,40.0
42,Male,HR,Analyst,4,64,Yes,3,5,5.7,1.5,2,4.2,66.0
39,Male,Marketing,Developer,17,51,Yes,4,8,8.4,1.7,2,3.6,68.9
51,Female,HR,Developer,14,52,No,8,2,7.3,1.7,6,9.1,40.0
39,Male,HR,Executive,18,69,No,3,3,7.5,1.1,1,3.9,69.1
52,Female,Marketing,Team Lead,27,51,No,8,6,8.5,1.6,4,5.3,56.4
59,Female,HR,Intern,1,34,Yes,3,7,6.2,1.0,1,4.6,64.2
53,Female,IT,Executive,22,60,Yes,7,4,7.3,1.9,1,6.2,48.5
32,Female,HR,Analyst,16,42,No,6,1,7.7,0.4,4,6.8,45.1
46,Female,Sales,Intern,3,57,No,6,7,6.3,1.8,1,4.3,73.0
54,Female,HR,Executive,23,49,No,8,9,4.4,0.5,6,4.9,62.7
59,Male,Sales,Team Lead,21,62,No,7,1,7.9,0.2,4,5.6,52.7
29,Female,HR,Manager,9,45,Yes,9,1,4.2,0.9,5,8.6,40.0
32,Male,HR,Manager,23,58,No,7,1,7.6,1.2,5,5.9,57.4
43,Female,Marketing,Analyst,4,52,Yes,7,7,8.6,0.5,3,3.9,70.6
45,Male,IT,Manager,21,53,Yes,4,9,5.7,1.1,2,4.1,64.9
38,Female,IT,Executive,5,63,Yes,5,3,4.5,1.6,5,5.3,60.7
33,Male,Finance,Analyst,11,36,Yes,3,8,5.2,0.5,5,2.2,80.7
53,Female,Marketing,Intern,21,67,No,7,9,6.8,1.2,1,3.4,76.9
36,Male,Marketing,Team Lead,26,66,No,7,3,8.7,0.7,4,6.9,44.1
37,Female,IT,Analyst,9,33,No,7,3,6.6,1.1,0,6.4,48.0
43,Female,Marketing,Intern,26,63,Yes,6,1,4.6,1.3,1,6.6,48.8
49,Male,IT,Analyst,3,51,Yes,7,2,7.1,0.7,1,6.8,49.8
41,Female,Marketing,Developer,6,34,Yes,3,7,7.7,2.0,6,3.3,80.7
54,Female,HR,Developer,24,52,No,9,3,6.0,1.1,4,7.0,44.1
31,Female,IT,Analyst,11,44,Yes,9,7,7.6,1.6,0,5.8,52.4
53,Male,IT,Manager,9,60,No,7,5,5.6,1.5,0,6.8,43.1
54,Male,Sales,Developer,29,38,Yes,3,8,7.9,1.7,3,3.6,66.8
23,Male,Marketing,Team Lead,15,54,Yes,4,5,5.7,0.3,1,3.8,66.6
54,Male,Marketing,Intern,23,54,No,9,3,5.3,0.4,6,8.9,40.0
54,Female,IT,Executive,28,50,No,5,9,8.4,1.0,2,5.4,60.0
34,Male,HR,Developer,3,38,Yes,6,7,6.7,1.7,5,4.5,61.3
51,Female,HR,Analyst,1,67,No,3,5,5.4,0.4,1,3.9,71.2
54,Male,HR,Manager,20,51,No,9,7,8.7,1.9,2,5.0,57.4
34,Female,Marketing,Executive,29,52,No,9,9,7.5,0.3,2,4.9,58.6
47,Female,Sales,Intern,22,33,No,8,5,5.1,0.4,4,7.0,40.8
43,Female,IT,Intern,19,58,No,4,7,7.1,0.3,1,6.0,56.0
23,Male,Finance,Developer,14,44,Yes,5,9,8.4,1.2,4,4.1,72.0
59,Male,Sales,Intern,17,30,No,5,1,7.5,1.8,3,5.6,53.0
47,Male,Finance,Intern,22,59,Yes,5,4,5.2,0.5,2,5.1,56.8
36,Male,Sales,Manager,14,58,No,3,1,7.2,1.1,0,4.4,66.7
55,Male,HR,Manager,17,49,Yes,4,8,7.1,0.4,2,4.5,69.2
32,Male,Marketing,Manager,25,62,Yes,7,3,8.1,1.3,3,5.9,57.6
24,Male,Finance,Analyst,27,65,No,8,2,4.9,0.2,2,8.0,40.0
27,Female,Sales,Intern,14,51,Yes,4,4,7.5,1.0,4,4.3,65.0
30,Male,Marketing,Intern,12,42,Yes,4,3,4.1,1.3,1,7.5,40.0
27,Female,Finance,Intern,16,36,No,9,5,7.5,1.2,0,6.2,49.2
30,Male,IT,Team Lead,1,37,No,4,8,8.8,0.3,4,2.5,80.3
52,Female,Sales,Manager,13,57,No,3,8,4.9,0.3,5,3.0,72.0
53,Female,IT,Executive,6,38,Yes,8,7,5.6,1.3,1,6.4,47.2
33,Female,HR,Developer,17,54,No,3,8,6.9,1.6,0,4.4,65.5
29,Female,IT,Executive,12,45,Yes,8,5,7.7,1.8,3,6.6,42.6
29,Male,IT,Analyst,23,39,Yes,8,6,5.7,1.6,2,6.9,46.2
49,Female,Sales,Analyst,19,40,No,9,8,7.3,1.9,0,6.4,51.9
41,Male,HR,Intern,6,60,No,3,1,8.5,0.8,6,3.2,76.1
28,Male,IT,Executive,7,41,Yes,8,6,7.6,0.7,5,5.9,51.3
32,Female,Marketing,Intern,1,60,No,4,6,7.6,0.1,3,3.7,73.9
41,Female,Finance,Team Lead,1,43,Yes,3,5,5.9,0.9,1,4.0,72.2
37,Male,IT,Analyst,29,61,Yes,8,4,8.6,1.3,6,5.5,57.0
25,Female,HR,Analyst,5,46,Yes,5,1,5.4,1.6,0,7.1,43.6
27,Female,IT,Executive,6,64,No,3,8,5.0,0.5,3,3.5,70.1
43,Male,Finance,Analyst,16,30,No,9,6,5.8,1.0,1,6.7,45.2
47,Male,HR,Team Lead,25,58,No,6,3,7.3,1.3,6,5.7,57.6
24,Male,Sales,Team Lead,16,33,No,3,3,8.3,1.1,6,3.6,76.7
35,Male,HR,Team Lead,14,52,No,3,6,4.7,0.5,4,2.3,80.4
32,Male,Sales,Developer,1,57,Yes,3,7,8.1,1.6,2,3.4,72.3
39,Male,HR,Team Lead,13,45,Yes,8,8,8.1,0.3,3,5.3,55.7
33,Male,Finance,Team Lead,20,41,Yes,3,5,6.9,1.8,6,4.4,63.5
44,Female,Finance,Developer,10,50,No,6,6,7.8,1.9,4,5.0,56.2
33,Female,HR,Intern,24,46,No,7,1,4.9,0.7,5,6.3,50.9
34,Other,IT,Manager,10,69,Yes,3,6,4.8,0.8,5,3.3,69.8
46,Male,Finance,Analyst,9,42,Yes,5,9,8.3,1.5,1,4.7,60.8
40,Female,Sales,Team Lead,13,61,Yes,6,4,6.5,0.9,6,6.0,51.8
57,Female,Sales,Analyst,3,66,No,7,1,5.2,0.1,6,8.1,40.0
29,Female,Marketing,Executive,27,44,Yes,8,9,7.4,1.8,0,5.9,50.5
50,Male,Sales,Analyst,18,41,Yes,3,4,8.5,0.9,6,2.9,73.4
53,Female,Marketing,Intern,20,44,No,7,2,7.2,0.4,2,6.3,52.9
39,Male,HR,Developer,2,63,No,5,1,5.7,1.1,1,6.9,49.1
27,Male,HR,Analyst,17,35,Yes,6,3,6.4,0.4,3,5.2,56.0
39,Female,HR,Analyst,28,46,Yes,6,7,7.8,0.4,6,4.2,74.7
40,Female,IT,Analyst,19,49,No,8,2,4.3,1.1,2,7.2,40.0
43,Male,IT,Manager,23,38,Yes,8,9,5.1,0.8,6,4.8,60.3
58,Female,Marketing,Manager,13,34,No,8,2,6.3,1.1,4,7.2,43.9
53,Female,Sales,Executive,13,52,No,7,5,7.0,2.0,2,5.3,59.4
24,Female,Sales,Developer,1,62,Yes,3,8,5.7,1.7,4,2.9,75.8
49,Female,HR,Analyst,2,67,Yes,4,8,5.5,0.0,1,4.0,71.3
31,Male,Finance,Analyst,1,43,Yes,6,3,4.2,0.1,6,7.4,44.4
56,Other,IT,Analyst,24,46,Yes,4,2,4.2,1.2,0,6.5,48.0
50,Female,IT,Analyst,5,48,No,9,9,5.4,1.3,5,6.1,50.7
36,Male,HR,Manager,24,62,No,6,3,6.7,1.8,2,7.5,40.0
54,Female,IT,Intern,3,30,Yes,8,8,6.8,1.3,0,6.1,48.1
28,Female,HR,Intern,29,42,Yes,3,2,6.5,0.5,0,5.6,52.8
33,Female,Marketing,Executive,28,56,Yes,3,3,6.0,0.9,5,4.5,65.6
51,Female,Sales,Team Lead,7,35,Yes,6,1,5.3,1.6,2,6.4,48.8
42,Female,Finance,Developer,24,35,No,7,6,6.0,1.8,6,6.1,50.5
52,Female,Sales,Intern,22,62,Yes,9,7,4.7,0.5,2,7.5,40.0
45,Female,Sales,Analyst,13,59,No,8,4,4.6,1.1,0,7.2,40.8
41,Female,Marketing,Intern,29,64,Yes,3,1,5.5,0.3,3,4.7,62.3
58,Male,IT,Executive,23,52,No,9,3,9.0,1.0,3,5.7,54.0
25,Female,Finance,Team Lead,28,39,No,9,9,5.6,0.2,2,4.4,64.8
49,Male,IT,Intern,18,48,Yes,3,5,8.7,1.9,0,3.6,69.9
41,Female,Sales,Executive,24,57,Yes,5,6,6.0,1.3,0,5.5,54.0
45,Female,HR,Manager,21,52,Yes,9,4,6.2,1.7,1,5.0,60.0
53,Female,Sales,Team Lead,7,33,Yes,3,1,8.0,2.0,0,4.3,67.5
57,Female,IT,Executive,1,49,No,5,5,4.5,0.4,5,4.6,61.7
55,Female,Sales,Intern,5,48,No,3,5,4.9,1.4,3,4.7,55.2
57,Male,HR,Manager,17,56,No,3,5,8.9,1.8,1,2.9,72.7
23,Female,Marketing,Executive,28,63,No,9,6,6.5,1.2,6,5.4,60.0
36,Male,IT,Executive,29,33,Yes,7,2,4.2,1.3,5,6.6,50.2
55,Male,Sales,Intern,8,67,No,7,1,4.2,0.8,6,6.8,47.5
57,Male,IT,Team Lead,15,36,No,8,2,8.5,1.3,3,6.9,46.3
27,Female,Marketing,Manager,20,36,Yes,3,6,8.4,0.8,5,3.1,78.3
33,Female,Sales,Analyst,4,55,Yes,8,5,6.3,1.0,4,6.8,44.6
24,Female,Sales,Developer,2,55,No,8,5,4.8,0.2,2,6.7,46.8
39,Male,IT,Team Lead,5,48,Yes,8,6,8.2,0.0,4,6.7,44.1
42,Female,IT,Manager,1,38,Yes,8,7,5.6,0.1,2,5.5,55.5
36,Male,HR,Executive,25,49,No,6,9,6.1,0.4,3,4.9,66.5
54,Male,Marketing,Manager,5,45,No,9,7,7.4,0.9,3,6.4,46.3
56,Female,HR,Developer,6,46,Yes,9,2,5.8,0.0,4,7.6,40.0
47,Male,Sales,Intern,2,51,Yes,6,6,7.1,0.3,5,5.7,53.8
29,Male,IT,Developer,26,42,No,3,9,8.4,1.6,6,1.7,85.2
57,Male,Sales,Analyst,26,41,No,6,7,8.0,1.5,2,5.7,55.2
51,Male,Sales,Analyst,1,39,Yes,3,2,5.9,1.6,2,4.2,68.8
44,Male,Finance,Developer,4,30,No,7,3,5.4,1.8,1,5.4,55.7
35,Male,Finance,Team Lead,7,61,No,9,8,5.4,0.2,0,4.8,67.9
35,Female,Sales,Team Lead,22,59,No,4,9,5.7,0.3,5,3.6,74.9
23,Female,IT,Executive,26,37,Yes,5,4,6.5,0.7,5,4.7,60.1
58,Female,Sales,Analyst,1,50,Yes,9,9,6.1,1.8,1,6.0,51.8
26,Other,Finance,Executive,1,51,No,6,2,4.7,1.6,3,5.6,56.8
59,Male,IT,Analyst,8,47,Yes,6,5,4.8,0.6,4,6.2,47.9
35,Female,Sales,Developer,20,31,No,7,2,5.7,0.2,5,7.1,40.0
46,Other,Marketing,Team Lead,16,38,Yes,6,1,6.8,1.2,2,6.1,57.0
41,Male,Marketing,Team Lead,21,32,Yes,3,5,7.0,0.5,1,4.5,60.7
23,Female,Sales,Developer,13,55,Yes,3,2,6.4,1.1,4,5.4,59.4
27,Male,IT,Executive,23,50,Yes,4,7,7.7,1.9,6,3.7,72.5
38,Male,Sales,Executive,24,59,No,4,8,7.7,1.1,4,4.2,64.0
46,Male,Sales,Manager,26,57,Yes,9,2,6.1,1.8,5,8.9,40.0
49,Female,Finance,Analyst,23,65,No,4,7,4.6,0.8,0,3.5,72.2
23,Female,Marketing,Executive,18,55,No,3,4,6.7,1.3,2,5.3,58.0
56,Female,Finance,Developer,20,63,Yes,8,1,5.9,1.8,4,6.8,41.0
58,Male,Finance,Executive,10,37,No,8,3,4.7,1.2,6,8.0,40.0
26,Male,Sales,Team Lead,12,39,Yes,4,1,8.9,1.2,2,6.1,50.5
22,Male,Finance,Analyst,1,43,No,4,5,5.8,1.4,5,4.4,68.7
33,Male,Marketing,Intern,10,69,No,3,8,7.1,1.8,1,3.0,70.4
57,Female,Finance,Manager,9,44,Yes,7,1,6.5,0.2,6,6.8,46.0
44,Male,Marketing,Analyst,3,46,Yes,9,9,4.7,0.7,4,5.3,57.8
52,Female,Finance,Team Lead,28,47,No,6,3,4.3,0.8,6,5.8,57.3
32,Female,Marketing,Team Lead,19,61,No,9,5,7.1,1.8,5,7.2,45.4
31,Male,Finance,Team Lead,26,67,Yes,5,9,5.2,1.9,4,4.9,61.2
24,Female,Finance,Team Lead,9,52,No,8,5,5.2,0.2,6,6.6,46.9
35,Male,IT,Developer,10,52,Yes,8,9,8.8,0.2,1,3.8,67.4
37,Male,Marketing,Manager,19,64,No,3,8,6.3,1.9,6,2.1,79.8
31,Male,Marketing,Intern,16,68,Yes,9,7,4.1,0.6,2,6.6,45.3
50,Female,Marketing,Team Lead,24,44,No,3,1,5.7,0.5,2,4.8,58.3
31,Male,HR,Team Lead,18,53,Yes,5,4,6.9,0.1,4,6.3,49.3
33,Female,Finance,Executive,14,57,No,9,9,5.6,0.6,5,5.2,58.3
51,Female,Marketing,Manager,29,45,No,5,8,4.1,1.4,1,5.1,58.4
22,Male,HR,Analyst,3,45,No,4,4,6.2,0.9,3,4.2,66.7
26,Female,IT,Manager,2,69,No,9,1,4.5,1.0,2,8.1,40.0
41,Female,Marketing,Manager,1,68,No,5,4,7.1,1.8,6,5.3,60.1
29,Male,Marketing,Intern,18,35,No,6,3,7.1,0.2,3,6.4,49.5
33,Male,HR,Manager,24,31,No,6,6,4.2,0.1,6,6.0,50.5
22,Female,Finance,Intern,9,42,No,8,5,5.5,1.7,4,6.0,48.5
41,Male,IT,Team Lead,13,38,No,6,5,6.1,1.5,3,5.6,55.0
49,Female,Marketing,Team Lead,2,63,No,9,2,6.8,0.5,5,7.3,45.0
58,Male,Finance,Developer,7,46,Yes,6,3,5.5,0.6,6,4.8,63.4
58,Male,IT,Intern,16,56,No,6,6,5.4,0.6,5,5.6,57.5
33,Male,Sales,Intern,21,58,Yes,4,2,8.9,1.3,6,6.1,53.4
58,Male,Sales,Analyst,19,66,No,8,4,4.2,0.1,3,8.6,40.0
49,Female,IT,Executive,25,51,No,3,2,8.9,1.0,5,4.7,65.0
36,Male,HR,Manager,15,53,No,8,9,4.2,0.3,2,5.9,53.2
27,Female,IT,Analyst,22,36,Yes,8,3,5.4,1.6,4,4.7,61.2
41,Female,IT,Intern,11,63,Yes,8,6,6.5,0.8,3,8.7,40.0
35,Female,HR,Analyst,1,41,No,5,1,4.7,1.1,6,7.8,40.0
23,Female,HR,Developer,21,52,Yes,3,3,4.7,0.1,2,5.6,59.0
30,Male,Finance,Executive,7,44,Yes,5,8,5.3,0.1,6,4.4,66.9
58,Male,Finance,Intern,20,62,No,4,5,8.9,1.4,3,1.9,89.7
41,Female,HR,Intern,8,42,No,4,8,5.9,1.5,6,3.9,65.4
47,Male,Sales,Manager,10,52,Yes,7,2,6.8,1.4,2,6.7,49.9
50,Female,Sales,Executive,5,67,No,7,7,7.5,1.5,5,3.8,71.6
22,Male,IT,Developer,9,61,Yes,4,9,7.7,0.2,5,3.5,70.2
56,Female,Marketing,Team Lead,25,64,No,4,7,7.4,1.4,4,4.9,60.4
27,Female,IT,Analyst,25,30,Yes,5,3,5.7,0.4,6,6.0,51.4
58,Female,IT,Manager,1,34,No,4,7,4.6,0.2,5,4.6,62.1
26,Female,Marketing,Intern,2,42,Yes,9,8,5.4,1.5,1,6.6,43.2
54,Female,HR,Team Lead,19,34,No,3,1,5.1,1.8,2,5.1,62.7
35,Female,Sales,Developer,14,61,Yes,5,3,4.7,1.4,2,6.6,44.4
33,Female,IT,Executive,20,50,No,4,5,4.1,1.6,3,6.4,45.7
41,Male,Marketing,Analyst,10,53,Yes,5,6,8.7,2.0,4,4.3,69.2
45,Male,Finance,Manager,9,47,Yes,5,3,8.6,0.3,0,4.4,60.6
55,Male,IT,Intern,10,50,No,6,4,4.3,1.9,5,4.8,60.7
46,Female,Sales,Intern,29,39,Yes,7,5,4.9,1.2,0,6.7,43.4
50,Male,HR,Team Lead,6,53,Yes,5,3,4.7,1.6,1,6.4,53.7
52,Female,IT,Team Lead,17,69,Yes,8,4,5.4,1.3,4,7.2,45.8
44,Female,IT,Analyst,28,50,Yes,9,5,5.0,1.1,2,6.9,42.3
59,Female,Marketing,Executive,25,54,Yes,9,2,8.7,1.4,0,7.6,40.0
41,Female,Finance,Developer,6,52,Yes,5,9,4.4,0.6,1,3.7,72.7
44,Male,Finance,Executive,4,51,Yes,8,8,5.1,1.8,4,5.1,60.5
37,Female,HR,Executive,20,33,No,9,6,4.4,0.2,1,6.0,50.9
29,Female,Sales,Executive,3,63,No,6,3,8.9,0.6,5,4.6,61.9
42,Male,HR,Analyst,23,35,Yes,4,2,8.6,0.1,0,5.4,56.1
22,Male,IT,Analyst,19,57,No,5,7,7.6,0.5,3,3.9,71.5
29,Female,IT,Developer,18,60,No,6,8,6.1,0.4,3,4.0,72.7
50,Female,Finance,Executive,26,64,Yes,3,1,5.0,0.1,4,4.1,72.7
53,Male,Sales,Analyst,24,68,Yes,6,6,5.1,1.0,1,6.0,49.8
59,Female,Marketing,Developer,4,52,No,7,7,6.2,0.9,2,6.4,49.0
26,Female,Sales,Intern,8,35,Yes,7,9,7.8,0.2,0,3.5,76.0
43,Male,IT,Developer,17,45,Yes,4,3,5.3,0.5,3,5.1,56.6
55,Other,Marketing,Executive,5,31,Yes,8,2,5.6,1.9,3,6.5,46.0
22,Female,Sales,Manager,13,53,No,4,5,7.0,0.2,1,4.2,68.8
47,Female,Sales,Executive,25,46,Yes,9,1,5.2,0.6,3,8.8,40.0
31,Female,Marketing,Manager,1,30,No,8,6,6.9,0.1,6,7.6,40.0
51,Male,IT,Developer,27,35,No,8,9,5.9,0.3,1,4.9,58.3
39,Male,Sales,Intern,13,34,No,8,9,4.2,1.4,0,6.3,52.6
38,Male,Marketing,Intern,4,58,No,8,7,6.0,0.7,1,6.6,47.9
47,Male,IT,Analyst,22,41,Yes,7,7,8.6,0.9,3,4.8,56.9
29,Male,Marketing,Intern,26,68,No,9,8,5.5,0.3,1,7.3,40.0
33,Female,Marketing,Team Lead,24,32,Yes,7,2,5.6,1.4,3,6.6,52.7
48,Female,Sales,Developer,14,30,Yes,5,6,4.3,1.5,5,5.5,55.8
29,Female,IT,Analyst,3,56,Yes,9,5,7.1,0.4,4,6.2,49.7
46,Female,Sales,Intern,5,53,Yes,7,5,8.2,0.1,3,6.1,51.2
25,Female,HR,Developer,7,48,Yes,4,3,5.8,0.2,6,5.6,55.8
54,Male,HR,Executive,1,37,Yes,7,3,5.2,1.3,6,7.9,40.0
22,Male,IT,Intern,23,31,Yes,9,6,8.8,0.3,6,7.9,40.8
40,Female,Marketing,Manager,29,59,No,9,7,7.7,1.0,6,6.9,43.4
52,Female,Sales,Developer,12,59,Yes,4,1,6.8,0.3,3,6.2,53.4
37,Male,Sales,Analyst,11,68,No,3,3,5.5,0.3,3,4.4,70.3
35,Female,IT,Executive,24,61,Yes,9,1,5.1,0.0,4,6.1,52.3
26,Male,IT,Team Lead,8,30,Yes,7,3,7.6,0.6,5,7.5,40.0
47,Female,HR,Executive,25,67,Yes,4,5,6.6,0.2,2,6.2,51.0
49,Female,Finance,Intern,6,42,Yes,8,9,6.6,0.8,3,5.5,54.3
23,Female,IT,Manager,28,40,No,9,3,4.4,1.2,2,6.9,47.5
27,Other,Finance,Executive,22,39,Yes,6,9,6.6,0.7,0,5.6,55.8
30,Female,IT,Team Lead,2,55,No,8,1,8.1,1.4,5,8.3,40.0
54,Female,Marketing,Analyst,19,49,No,5,6,8.7,1.5,1,2.3,78.6
46,Female,Marketing,Developer,20,46,Yes,9,9,4.5,1.4,2,6.2,44.8
34,Female,HR,Manager,20,46,No,4,5,7.2,1.9,6,4.6,60.8
30,Female,HR,Team Lead,24,33,Yes,8,2,6.8,0.5,5,5.6,57.2
34,Male,Finance,Intern,14,34,No,7,5,8.5,0.4,0,4.5,67.5
52,Male,IT,Intern,1,52,No,7,1,7.8,1.2,5,7.8,40.0
32,Female,Sales,Intern,10,39,Yes,9,9,8.8,1.2,1,5.3,54.8
25,Male,HR,Manager,16,57,Yes,3,9,8.8,1.0,3,1.5,88.6
55,Male,Sales,Executive,4,62,Yes,6,6,5.1,0.0,3,4.8,63.7
59,Other,Sales,Manager,27,55,Yes,9,9,7.6,1.1,6,4.3,67.9
25,Female,IT,Intern,28,58,No,4,3,6.7,1.9,3,5.1,59.8
59,Female,Finance,Team Lead,29,56,Yes,8,4,5.1,0.7,4,7.7,44.6
40,Male,IT,Developer,11,47,Yes,6,6,5.0,1.9,4,6.5,51.8
27,Male,HR,Developer,16,69,Yes,3,4,4.4,0.7,4,4.0,64.3
55,Male,Sales,Manager,27,39,No,9,1,8.0,0.3,6,7.4,40.0
39,Male,IT,Intern,20,34,Yes,5,7,5.6,0.8,4,5.0,56.6
34,Male,IT,Analyst,1,39,No,6,5,8.3,1.0,0,6.0,55.5
44,Male,IT,Manager,16,50,No,3,8,7.0,1.3,6,3.4,67.7
40,Female,HR,Intern,19,53,No,9,9,7.4,1.0,5,6.7,47.8
32,Female,Finance,Executive,21,67,No,9,5,5.5,1.1,0,8.8,40.0
22,Male,IT,Developer,22,32,Yes,4,8,6.3,0.0,3,2.1,79.5
45,Male,HR,Developer,9,69,Yes,9,1,6.1,0.5,1,9.5,40.0
28,Female,Sales,Developer,9,60,No,5,1,5.2,0.6,4,7.6,40.0
46,Male,Marketing,Analyst,9,66,No,9,7,8.2,2.0,5,4.8,64.0
42,Female,HR,Intern,27,31,No,7,6,7.1,0.6,1,5.9,47.9
36,Male,Marketing,Intern,17,31,Yes,3,5,4.2,1.8,6,5.0,57.3
22,Male,IT,Intern,12,68,Yes,7,5,8.1,0.6,6,4.5,61.4
33,Male,IT,Intern,25,63,No,9,9,4.5,0.2,0,6.0,54.0
28,Male,HR,Analyst,13,49,Yes,5,1,6.0,0.5,4,6.3,48.9
36,Female,Marketing,Team Lead,8,62,Yes,3,8,6.9,0.5,6,2.0,87.5
42,Female,IT,Manager,16,33,Yes,3,2,4.0,2.0,0,5.0,58.8
40,Female,Sales,Manager,18,40,No,9,7,7.3,1.3,0,7.5,40.7
50,Male,Finance,Intern,29,34,Yes,5,6,7.3,1.9,2,6.1,55.7
46,Female,Finance,Executive,27,54,Yes,4,2,7.3,1.7,5,4.1,61.9
54,Female,IT,Developer,1,66,No,3,3,4.8,1.2,0,2.3,81.7
53,Female,Marketing,Analyst,1,63,Yes,5,4,5.3,1.4,3,6.6,47.1
56,Male,IT,Executive,12,38,No,6,7,5.2,1.2,6,6.8,43.2
59,Male,Marketing,Executive,6,35,No,7,8,8.8,1.3,0,5.4,56.3
47,Female,Sales,Intern,9,47,Yes,3,2,4.3,0.5,4,5.0,60.9
32,Female,Marketing,Analyst,23,43,No,6,8,6.1,0.8,6,3.6,69.0
56,Male,IT,Manager,5,48,No,3,9,8.4,1.2,6,3.1,75.4
29,Male,Sales,Developer,27,43,Yes,4,7,7.8,0.1,3,4.6,60.1
35,Female,HR,Manager,16,69,Yes,9,1,8.1,1.0,0,7.1,42.6
31,Female,Finance,Executive,18,46,No,5,6,8.9,1.7,3,4.5,66.8
23,Male,IT,Developer,17,64,Yes,3,8,5.9,1.0,0,2.8,80.5
30,Female,IT,Team Lead,18,58,No,5,5,5.5,1.1,5,5.9,56.3
24,Female,IT,Executive,1,46,No,8,2,4.2,0.4,3,5.7,54.1
42,Female,Sales,Manager,19,37,Yes,3,5,4.8,1.6,1,4.7,61.4
47,Female,HR,Manager,22,30,No,4,8,6.8,0.7,2,3.2,76.6
29,Male,Marketing,Intern,29,65,Yes,4,2,4.8,1.9,3,7.4,44.3
23,Female,HR,Manager,8,36,No,9,1,7.7,2.0,4,8.1,40.0
27,Male,Sales,Analyst,3,34,Yes,9,4,4.2,1.8,2,8.3,40.0
49,Female,IT,Executive,26,53,No,6,4,5.3,0.2,2,5.0,62.1
50,Female,Finance,Developer,25,57,No,4,9,7.5,0.7,0,2.9,75.1
47,Male,IT,Manager,26,46,No,5,3,5.3,1.9,3,6.1,49.9
46,Female,Marketing,Intern,5,66,No,8,4,7.6,1.6,5,6.1,51.1
33,Other,Finance,Intern,23,49,No,4,3,9.0,1.8,6,4.3,60.9
26,Male,IT,Manager,8,32,Yes,3,2,8.0,1.1,2,4.8,59.9
55,Female,Finance,Analyst,19,66,No,4,4,5.7,1.0,4,3.3,77.0
58,Female,HR,Intern,18,55,No,8,8,8.5,0.2,5,4.6,67.2
36,Female,Sales,Developer,18,44,No,5,1,4.3,1.7,5,7.3,42.5
57,Male,IT,Executive,21,37,No,3,8,7.6,1.5,4,2.5,81.4
36,Male,Marketing,Team Lead,1,42,Yes,6,8,4.1,0.1,6,7.3,40.7
44,Male,HR,Analyst,15,32,Yes,6,3,4.9,0.4,4,6.4,46.9
27,Female,IT,Intern,18,30,Yes,6,6,8.9,1.1,0,2.9,78.5
42,Male,HR,Executive,29,38,No,9,4,5.8,1.4,1,7.7,40.0
44,Female,Marketing,Team Lead,25,60,Yes,3,1,8.1,0.3,6,3.8,74.7
37,Male,IT,Manager,7,55,No,6,1,5.9,0.5,3,7.0,45.2
36,Female,Marketing,Manager,16,46,Yes,9,5,8.2,0.4,2,6.0,53.3
46,Male,Finance,Developer,16,63,Yes,4,8,8.8,0.4,3,2.7,75.2
57,Male,Marketing,Team Lead,15,38,Yes,3,1,6.2,1.8,5,6.2,43.4
32,Male,Finance,Manager,6,42,Yes,3,2,6.8,1.4,2,3.3,74.9
36,Male,IT,Manager,9,34,No,3,7,7.1,1.5,6,2.8,76.1
25,Female,Finance,Intern,7,42,Yes,7,8,8.7,1.6,0,4.0,71.0
42,Female,IT,Developer,14,30,Yes,9,3,5.3,0.7,3,8.9,40.0
34,Female,IT,Executive,11,54,Yes,5,8,7.1,1.5,0,3.6,69.6
43,Female,Sales,Manager,21,33,No,7,1,5.6,2.0,0,6.3,53.0
40,Female,IT,Analyst,16,65,No,7,9,5.1,1.4,6,5.2,59.7
55,Female,Finance,Analyst,25,39,Yes,7,2,4.4,0.8,3,6.3,46.6
35,Female,Sales,Executive,6,57,No,5,2,7.1,1.4,3,5.0,60.1
25,Female,Sales,Team Lead,22,35,Yes,7,4,8.4,1.8,6,6.5,53.7
48,Male,IT,Developer,27,56,Yes,6,3,5.8,0.3,6,3.4,73.2
50,Female,Marketing,Intern,16,41,No,3,4,6.8,0.5,2,3.3,73.2
49,Male,Marketing,Analyst,20,32,Yes,3,6,7.2,1.8,5,2.9,79.5
56,Female,Sales,Analyst,29,62,No,9,7,6.1,1.9,5,7.8,40.0
29,Female,IT,Executive,16,39,Yes,4,5,8.5,1.0,6,4.5,68.3
37,Male,Marketing,Team Lead,12,60,No,8,2,5.8,0.7,4,7.3,43.9
57,Male,IT,Team Lead,17,44,Yes,6,3,4.6,0.6,0,6.3,52.3
51,Female,IT,Executive,5,36,No,5,3,4.7,1.0,5,6.0,56.5
39,Female,Sales,Analyst,27,65,No,8,5,8.5,1.9,1,6.2,49.5
23,Male,Sales,Developer,25,43,Yes,3,5,8.9,0.3,6,3.6,69.4
34,Female,HR,Analyst,13,43,Yes,7,4,5.4,0.8,6,8.3,40.0
25,Female,Marketing,Team Lead,8,32,Yes,9,8,4.7,1.8,2,5.9,52.2
47,Female,Marketing,Intern,24,32,No,9,6,6.4,0.7,6,6.8,41.7
46,Other,Marketing,Analyst,5,51,Yes,4,6,7.5,1.5,2,4.0,69.1
51,Female,Finance,Developer,12,48,Yes,4,1,7.1,0.8,4,6.4,47.0
32,Male,IT,Manager,9,64,No,3,6,8.8,1.6,4,2.6,82.1
28,Female,Sales,Analyst,3,41,Yes,6,3,8.1,2.0,6,5.3,59.9
52,Female,Marketing,Executive,3,34,No,9,6,8.3,0.8,0,4.8,60.4
31,Male,HR,Manager,1,39,Yes,8,6,6.7,1.7,2,7.0,46.9
34,Male,Marketing,Executive,25,62,Yes,4,2,5.6,2.0,2,4.0,68.4
52,Male,IT,Executive,22,42,No,3,1,7.5,2.0,1,5.5,50.7
28,Female,IT,Executive,18,64,No,6,3,6.2,0.9,0,7.7,40.0
57,Female,Sales,Analyst,24,61,Yes,3,5,5.4,1.0,0,6.0,49.8
41,Female,Finance,Team Lead,12,40,Yes,3,4,4.8,0.6,5,4.3,65.6
25,Female,Sales,Manager,9,67,Yes,6,7,6.6,0.6,4,4.5,62.7
28,Female,Marketing,Developer,9,53,Yes,6,4,7.0,1.0,5,5.5,54.4
22,Male,HR,Team Lead,18,64,Yes,6,8,6.8,0.4,0,5.4,58.5
34,Male,Sales,Analyst,18,48,Yes,3,7,4.6,1.4,6,3.6,73.6
43,Male,Finance,Executive,29,35,No,4,9,6.8,1.1,1,3.0,74.1
42,Male,Sales,Developer,7,69,No,5,1,4.8,1.8,6,7.4,40.0
43,Female,IT,Manager,27,64,Yes,5,5,7.3,1.6,6,4.8,65.4
49,Female,Marketing,Team Lead,4,33,Yes,3,4,6.1,0.6,0,4.2,74.6
30,Male,Marketing,Intern,13,62,Yes,3,6,8.2,1.0,5,2.5,77.2
47,Female,Marketing,Team Lead,17,42,No,4,1,7.9,1.5,3,6.3,52.3
30,Female,Marketing,Developer,24,65,No,6,6,7.6,0.4,6,5.2,58.0
36,Male,Marketing,Analyst,2,48,No,3,1,7.5,0.1,6,4.9,62.8
31,Male,Marketing,Manager,14,41,No,9,1,6.8,1.7,3,6.2,47.5
45,Male,HR,Developer,3,40,No,7,8,4.3,0.3,1,6.4,45.0
29,Male,Finance,Executive,5,35,Yes,6,2,7.3,1.8,4,5.0,56.6
45,Female,Marketing,Manager,14,41,Yes,9,6,6.3,1.8,2,7.0,42.3
37,Male,Finance,Team Lead,3,56,No,3,6,6.3,0.9,0,3.0,75.3
47,Male,Marketing,Developer,23,54,Yes,7,6,5.9,1.6,5,4.7,65.2
48,Female,Sales,Team Lead,7,32,No,9,8,8.6,0.7,4,6.5,45.5
58,Other,Marketing,Team Lead,18,32,No,8,4,5.2,1.7,5,7.0,42.1
25,Male,IT,Team Lead,13,49,No,4,3,5.6,1.6,4,5.2,64.6
45,Male,HR,Analyst,29,57,Yes,7,6,8.8,0.2,0,7.0,44.2
40,Male,Sales,Team Lead,23,52,No,3,4,8.1,1.2,2,5.8,54.5
57,Male,Sales,Executive,27,32,No,5,2,4.1,1.3,0,6.0,54.2
31,Male,IT,Executive,22,53,No,9,6,8.5,0.0,2,4.9,59.2
46,Female,Marketing,Manager,10,69,No,3,5,5.1,2.0,5,5.6,55.1
39,Male,HR,Intern,25,35,No,5,9,7.5,0.8,1,2.3,80.6
40,Male,Sales,Team Lead,13,49,Yes,4,6,6.8,1.0,2,4.6,63.0
57,Female,HR,Team Lead,16,40,Yes,4,3,6.7,0.4,4,4.7,64.9
31,Male,Sales,Developer,9,61,Yes,6,5,7.6,1.2,1,5.3,59.6
54,Male,Marketing,Analyst,2,56,Yes,9,8,5.0,1.6,5,7.5,40.0
26,Male,Sales,Intern,23,50,No,6,9,4.8,1.2,3,3.8,72.6
56,Other,Sales,Manager,5,42,No,5,8,7.3,1.6,1,3.3,72.6
55,Male,Finance,Intern,29,51,Yes,5,3,5.5,1.5,2,6.4,50.0
54,Female,Marketing,Team Lead,22,64,Yes,4,9,8.9,0.5,1,4.6,62.0
42,Female,IT,Developer,17,51,Yes,7,3,6.3,0.9,5,8.9,40.0
38,Male,IT,Analyst,23,57,No,5,8,4.6,0.3,1,3.1,79.1
43,Other,Marketing,Manager,22,50,Yes,5,9,7.4,0.1,5,3.2,75.4
58,Male,IT,Intern,4,47,Yes,9,7,5.5,0.1,3,5.5,59.8
36,Male,Marketing,Manager,17,60,Yes,7,4,4.7,1.9,2,7.3,41.4
56,Female,IT,Team Lead,9,66,Yes,6,9,6.1,2.0,6,4.4,64.3
49,Female,Finance,Manager,20,50,No,6,3,8.8,0.2,4,6.4,48.8
28,Female,IT,Developer,2,43,Yes,5,3,6.1,0.7,1,5.2,54.6
53,Male,Sales,Manager,24,54,Yes,9,2,5.7,0.2,6,8.5,40.0
32,Male,Marketing,Executive,18,56,Yes,6,3,6.2,1.7,0,5.9,50.5
31,Female,HR,Developer,21,69,Yes,6,1,4.1,1.0,4,7.2,45.5
30,Male,HR,Intern,27,52,No,8,4,4.7,1.2,1,6.5,52.3
35,Male,Marketing,Analyst,22,60,Yes,9,8,8.2,1.1,4,7.0,40.0
34,Male,Finance,Analyst,11,58,Yes,6,5,8.9,1.4,6,3.8,73.5
46,Male,IT,Team Lead,13,59,No,4,2,4.8,0.6,0,5.5,54.2
23,Female,Finance,Team Lead,8,55,Yes,3,3,6.7,0.3,4,6.2,46.1
56,Male,HR,Executive,27,49,No,5,1,8.8,0.0,6,6.9,48.0
28,Other,Marketing,Intern,1,67,Yes,5,2,4.8,0.9,4,5.3,56.1
42,Male,Marketing,Analyst,17,48,Yes,4,1,4.9,1.8,0,5.2,66.2
39,Female,Finance,Analyst,12,56,No,3,2,8.6,0.6,0,4.9,58.8
24,Male,Finance,Analyst,4,54,No,3,3,7.5,0.4,0,5.0,59.2
32,Male,IT,Analyst,21,69,No,4,1,4.8,1.9,3,7.1,40.3
45,Male,Sales,Manager,13,67,Yes,7,9,6.0,0.2,5,3.5,72.4
40,Male,Sales,Intern,29,52,Yes,7,5,4.3,0.1,5,7.6,41.6
25,Female,IT,Developer,9,58,Yes,3,8,6.2,1.8,6,2.3,76.4
47,Other,Sales,Developer,27,44,No,7,5,7.9,1.4,0,6.9,46.8
59,Female,HR,Executive,7,32,No,7,8,6.8,0.8,6,3.4,71.6
53,Male,Sales,Manager,23,39,Yes,7,7,7.2,1.5,5,4.1,64.6
57,Male,IT,Analyst,24,44,No,3,4,5.6,1.5,4,6.1,47.0
58,Male,Sales,Analyst,5,45,No,7,7,4.8,0.1,0,7.4,43.7
54,Female,Marketing,Team Lead,5,46,Yes,5,6,4.1,1.4,1,5.2,59.3
57,Female,Finance,Team Lead,17,48,No,8,3,8.1,1.3,0,6.3,47.9
24,Female,HR,Executive,9,40,Yes,3,9,7.2,1.9,0,2.7,80.7
30,Male,Marketing,Analyst,6,34,Yes,4,9,5.1,1.9,5,4.0,69.6
29,Female,Marketing,Executive,25,34,No,7,5,6.1,0.8,6,6.5,50.6
54,Male,IT,Manager,19,43,Yes,6,8,8.0,1.2,2,4.0,72.9
27,Female,Finance,Developer,16,55,Yes,3,7,6.7,0.3,4,1.5,88.7
25,Female,Finance,Analyst,21,37,No,9,9,5.5,0.1,5,5.4,62.6
34,Female,HR,Intern,2,34,No,4,7,5.3,0.9,6,2.6,83.5
23,Female,IT,Manager,10,36,No,8,4,5.1,1.4,6,7.7,40.8
26,Male,HR,Analyst,16,45,No,5,4,8.1,1.1,4,5.3,52.5
48,Female,Sales,Intern,5,43,Yes,9,8,6.9,0.9,6,5.8,53.9
53,Male,Marketing,Team Lead,15,66,No,4,6,7.5,1.6,1,3.7,71.1
42,Female,HR,Executive,13,33,No,7,9,8.3,1.6,3,6.3,50.2
29,Male,Marketing,Team Lead,13,65,Yes,6,7,8.9,1.5,2,5.5,55.7
59,Female,IT,Developer,13,46,No,7,7,5.2,0.2,1,5.8,55.5
29,Female,Sales,Team Lead,15,65,Yes,4,4,4.9,1.6,1,4.5,66.3
24,Female,IT,Analyst,14,35,Yes,3,3,6.3,1.8,4,5.8,48.6
24,Female,Sales,Intern,8,45,No,9,8,4.2,0.1,2,6.5,52.1
43,Female,Sales,Team Lead,11,58,No,6,7,8.0,0.8,4,3.9,64.4
27,Female,Marketing,Analyst,18,65,Yes,9,4,8.4,2.0,3,6.2,49.2
23,Female,IT,Developer,24,67,Yes,9,4,7.4,1.2,6,7.6,40.0
44,Female,IT,Intern,4,66,No,6,1,5.3,1.0,4,7.7,40.0
23,Male,HR,Team Lead,26,39,Yes,4,7,4.6,0.4,0,4.9,64.1
59,Other,IT,Executive,10,65,Yes,8,1,5.9,1.1,4,8.3,40.0
38,Female,HR,Executive,1,58,No,8,4,8.2,0.9,6,6.0,54.0
56,Female,Finance,Intern,29,43,No,7,3,5.7,0.3,0,6.1,53.1
55,Male,Finance,Executive,5,33,No,4,3,4.2,0.9,1,5.6,49.5
44,Male,Finance,Team Lead,13,65,No,6,1,5.4,0.3,3,6.7,44.7
51,Female,IT,Team Lead,1,42,No,4,4,8.9,1.5,6,3.3,75.8
29,Male,IT,Intern,23,47,No,6,1,7.4,1.9,5,6.4,50.8
43,Female,HR,Team Lead,8,62,Yes,9,8,8.5,0.9,0,6.3,44.3
57,Female,Sales,Analyst,3,50,No,7,1,7.9,1.3,3,6.4,51.9
26,Male,HR,Developer,3,45,Yes,3,6,6.7,0.9,4,5.2,60.2
34,Female,Finance,Executive,7,44,Yes,9,7,4.7,0.3,5,5.4,53.9
50,Female,HR,Analyst,4,34,Yes,3,2,5.7,1.9,4,4.2,67.6
52,Female,Sales,Intern,3,35,No,4,4,6.9,0.3,6,4.1,66.5
37,Female,IT,Executive,15,67,Yes,6,3,8.4,0.2,1,6.4,50.3
51,Male,HR,Analyst,8,32,Yes,3,9,5.3,0.9,6,3.3,68.2
37,Female,Finance,Team Lead,3,41,No,9,7,4.6,1.3,6,5.8,52.5
33,Male,Finance,Intern,29,65,No,6,2,6.8,0.7,6,4.4,68.3
38,Female,IT,Intern,7,62,No,7,6,4.9,0.4,4,4.8,63.2
37,Female,HR,Executive,18,65,Yes,9,9,7.1,1.6,0,3.9,71.2
33,Male,Sales,Team Lead,11,62,Yes,4,3,5.3,0.7,1,6.1,50.5
29,Female,IT,Executive,11,60,No,6,6,5.2,0.4,3,4.4,66.5
41,Female,HR,Manager,17,50,Yes,4,3,6.0,0.7,1,5.8,53.1
24,Male,Marketing,Analyst,28,56,No,6,3,7.0,0.4,3,6.4,46.0
37,Other,Finance,Manager,6,56,Yes,9,4,6.7,1.0,2,8.2,40.0
51,Male,Sales,Analyst,8,37,No,8,9,5.2,1.3,0,4.8,66.0
44,Male,Sales,Developer,1,66,Yes,8,8,8.5,1.6,0,5.5,59.4
49,Female,Sales,Intern,29,61,Yes,6,1,4.5,0.5,3,7.1,40.2
26,Female,Finance,Executive,10,55,No,7,1,4.2,0.3,4,7.6,40.0
41,Female,HR,Developer,28,31,Yes,4,7,7.0,0.0,5,3.8,66.8
22,Female,IT,Developer,25,41,Yes,5,3,4.6,0.5,4,6.7,46.9
51,Female,HR,Intern,19,51,No,6,7,6.5,0.0,2,5.5,59.0
42,Female,IT,Intern,3,46,Yes,6,9,8.8,0.7,3,3.8,75.7
41,Male,Sales,Analyst,4,36,Yes,8,3,7.5,0.3,2,6.3,45.3
27,Male,HR,Manager,11,33,Yes,3,3,7.1,1.2,3,3.9,71.4
43,Male,Sales,Team Lead,15,66,Yes,9,2,6.9,0.8,2,7.7,40.0
39,Male,Marketing,Analyst,1,67,Yes,8,1,4.9,0.2,3,8.0,40.0
29,Female,Sales,Team Lead,9,61,No,4,9,6.2,0.8,0,3.3,70.8
53,Male,Sales,Developer,11,40,No,8,6,5.7,0.4,2,5.0,65.3
54,Male,IT,Team Lead,19,30,Yes,5,6,8.8,1.4,2,3.9,63.9
37,Male,Marketing,Manager,13,54,Yes,7,8,5.2,0.7,3,4.8,60.1
33,Female,Sales,Analyst,26,53,No,9,5,6.4,0.3,1,6.9,45.9
59,Female,Sales,Intern,16,46,No,5,9,8.7,0.7,1,5.8,55.0
55,Female,Marketing,Manager,4,37,Yes,7,5,7.9,0.4,0,6.0,55.7
35,Female,Marketing,Manager,1,56,No,5,2,8.8,1.6,4,6.6,44.6
57,Female,HR,Analyst,20,47,No,9,6,7.0,2.0,4,5.8,55.5
54,Female,IT,Intern,13,56,Yes,8,9,5.7,0.1,0,5.4,56.6
44,Male,Marketing,Manager,1,51,Yes,5,3,8.1,1.4,4,6.4,48.9
23,Female,Marketing,Intern,5,45,Yes,8,4,5.5,0.5,5,5.3,56.2
42,Female,Finance,Executive,5,31,No,9,8,4.8,0.1,5,6.1,51.7
23,Female,Marketing,Executive,14,34,No,8,6,7.5,0.0,5,6.5,47.6
48,Female,IT,Executive,27,47,No,4,7,7.2,1.8,6,3.7,69.3
30,Female,Sales,Team Lead,23,32,Yes,8,7,8.4,0.7,6,4.9,59.2
22,Female,Sales,Manager,14,56,No,3,4,8.8,2.0,5,3.3,74.7
32,Female,Sales,Analyst,8,46,No,5,6,8.3,0.9,3,4.6,59.2
24,Male,Sales,Analyst,4,45,No,9,9,4.3,0.4,1,4.6,62.6
44,Female,Finance,Team Lead,7,35,Yes,6,3,7.3,1.6,0,6.0,49.7
47,Male,Marketing,Analyst,20,36,No,6,8,7.9,1.9,3,5.0,59.6
25,Female,Sales,Executive,19,43,Yes,6,7,8.9,1.6,5,4.0,67.7
39,Female,HR,Manager,15,67,No,9,4,5.9,1.5,0,5.8,56.2
27,Male,Sales,Analyst,22,69,No,3,3,4.8,0.7,1,4.4,66.8
56,Female,Marketing,Analyst,4,44,Yes,8,7,8.3,0.1,4,5.3,58.5
43,Male,Sales,Developer,19,62,No,5,9,5.6,0.4,3,2.9,77.3
36,Female,Finance,Developer,9,56,Yes,7,3,7.0,0.9,1,6.4,48.2
43,Male,IT,Developer,21,58,No,7,9,5.9,1.9,0,5.0,59.4
58,Female,IT,Manager,13,66,Yes,9,8,6.0,1.4,2,7.2,40.0
33,Male,Marketing,Executive,14,34,No,4,3,7.7,1.7,3,4.6,65.4
59,Female,IT,Intern,23,58,No,3,8,5.8,0.6,6,3.4,73.6
39,Male,IT,Executive,28,61,Yes,5,4,7.5,1.4,0,4.5,67.6
56,Female,HR,Executive,14,35,No,8,6,4.1,1.7,0,6.1,49.5
51,Female,Marketing,Manager,22,31,Yes,6,2,5.6,1.0,6,7.1,47.0
45,Other,Marketing,Manager,10,35,Yes,3,8,5.6,0.9,1,3.1,74.6
51,Female,IT,Developer,16,33,No,3,9,7.7,1.4,0,3.4,71.1
35,Female,IT,Analyst,5,58,No,5,7,5.6,1.1,3,4.5,68.6
27,Male,IT,Team Lead,23,54,No,9,8,7.2,2.0,5,4.8,62.7
24,Male,Finance,Team Lead,27,38,No,8,7,7.4,0.9,6,5.0,65.0
37,Male,Sales,Intern,6,32,No,9,4,7.3,0.4,3,9.3,40.0
28,Female,Finance,Analyst,26,55,No,9,1,7.0,0.9,6,7.8,40.0
35,Female,Marketing,Intern,2,56,No,4,3,6.1,0.5,0,3.6,74.3
30,Male,HR,Developer,13,65,Yes,9,7,5.9,1.1,1,5.3,56.8
36,Female,Sales,Intern,29,61,Yes,8,7,6.8,0.3,3,5.1,60.2
42,Female,HR,Analyst,13,30,Yes,4,3,4.3,1.9,2,4.6,63.7
