Age,Gender,Marital_Status,Location,Job_Role,Experience_Years,Monthly_Salary_INR,Company_Size,Department,Working_Hours_per_Week,Commute_Time_Hours,Remote_Work,Annual_Leaves_Taken,Team_Size,Stress_Level,Health_Issues,Sleep_Hours,Physical_Activity_Hours_per_Week,Mental_Health_Leave_Taken,Burnout_Symptoms,BusinessTravel,DistanceFromHome,JobLevel,JobSatisfaction,NumCompaniesWorked,OverTime,PerformanceRating,RelationshipSatisfaction,TrainingTimesLastYear,WorkLifeBalance,YearsAtCompany,YearsInCurrentRole,YearsSinceLastPromotion,YearsWithCurrManager,Deployment_Days,Duty_Hours_Per_Week,Night_Shifts_Per_Month,Consecutive_Duty_Days,Transfer_Frequency,Training_Load,Leave_Gap_Days,Remote_Posting,Operational_Exposure,D3_HR_Features_Synthetic,D4_Operational_Features_Synthetic
25,Other,Married,Mumbai,Intern,3.8,18929,Medium,Engineering,31,2.3,Partial,6,31,Low,,6.2,3,Yes,Rarely,Travel_Rarely,8,2,2,0,No,4,3,4,3,3,2,1,2,102,48.7,3,4,0,0,30,Yes,Medium,1,1
33,Female,Married,Kolkata,Analyst,4.4,50077,Large,Operations,42,1.3,Partial,18,29,Low,,5.5,5,Yes,Sometimes,Travel_Rarely,2,1,4,0,No,3,1,2,4,3,1,0,2,179,39.7,5,5,1,2,47,Yes,High,1,1
39,Other,Single,Kolkata,Manager,2.9,212002,Large,Operations,51,0.6,No,10,15,Medium,,5.0,5,Yes,Often,Travel_Rarely,9,1,2,0,No,3,4,3,3,2,2,1,2,92,48.1,2,4,1,2,32,No,Medium,1,1
24,Other,Married,Hyderabad,Developer,3.7,96890,Small,Engineering,47,0.6,No,20,41,Medium,Migraine,5.5,5,Yes,Sometimes,Travel_Rarely,3,2,3,0,No,4,1,2,2,3,2,0,2,14,54.5,2,3,1,3,83,No,Medium,1,1
29,Female,Married,Kolkata,Analyst,1.6,54905,Medium,Engineering,43,0.5,Partial,5,27,Medium,,6.5,5,Yes,Sometimes,Travel_Rarely,10,1,2,1,No,3,4,2,3,2,2,2,2,106,44.1,7,6,1,3,35,Yes,Medium,1,1
28,Female,Single,Bangalore,Designer,7.5,54855,Large,HR,43,1.6,Partial,16,27,Medium,,5.0,4,No,Rarely,Travel_Rarely,9,2,4,1,No,3,4,1,3,7,5,0,7,71,50.1,3,7,1,3,49,No,Low,1,1
39,Male,Single,Bangalore,Manager,12.6,235828,Large,Engineering,55,2.3,Yes,12,46,High,Back Pain,5.0,3,No,Often,Travel_Rarely,2,2,4,8,No,3,3,2,3,5,4,0,4,20,51.4,1,6,0,3,58,No,Low,1,1
58,Female,Married,Delhi,CEO,26.8,552567,Small,Operations,60,2.2,Yes,8,30,High,Arthritis,5.0,1,Yes,Often,Travel_Rarely,25,3,1,7,No,3,4,3,2,21,16,7,9,102,54.5,3,5,0,2,22,Yes,Low,1,1
20,Other,Divorced,Bangalore,Intern,0.4,19165,Medium,Marketing,32,2.9,Partial,9,14,Medium,,6.0,4,Yes,Rarely,Travel_Frequently,6,1,4,1,Yes,3,2,5,3,1,0,1,0,121,48.7,7,3,0,3,49,No,Low,1,1
55,Other,Single,Delhi,CEO,22.8,522839,Small,Operations,63,2.1,Partial,15,10,High,Hypertension,5.0,1,Yes,Often,Travel_Frequently,2,3,2,3,No,3,2,4,3,3,2,1,2,74,60.9,5,5,0,1,52,No,Low,1,1
28,Other,Married,Pune,Designer,1.9,53559,Small,Operations,40,0.5,Partial,17,35,Low,,6.2,5,Yes,Rarely,Travel_Rarely,5,1,3,1,Yes,3,3,3,2,2,2,2,2,87,30.0,5,6,0,3,44,No,Medium,1,1
26,Male,Married,Bangalore,Designer,1.6,47000,Medium,Engineering,44,1.8,Partial,13,33,Low,Migraine,5.0,5,Yes,Rarely,Travel_Rarely,25,1,3,1,No,3,3,2,2,1,0,0,1,116,79.4,4,2,1,3,50,No,Medium,1,1
22,Other,Single,Hyderabad,Developer,1.6,103427,Small,Marketing,46,0.7,Partial,11,26,Low,,5.5,5,No,Sometimes,Travel_Rarely,19,1,4,1,No,4,1,6,3,2,2,2,2,99,41.3,5,6,1,5,22,Yes,High,1,1
29,Other,Single,Hyderabad,Designer,8.8,47543,Small,Engineering,46,1.0,No,5,44,Low,Migraine,5.5,4,Yes,Rarely,Travel_Rarely,1,4,4,3,No,3,2,2,2,7,7,1,7,103,54.0,5,2,5,6,78,No,Low,1,1
31,Other,Single,Bangalore,Analyst,4.0,47107,Large,Operations,44,1.5,Partial,7,11,Medium,,5.0,5,No,Sometimes,Travel_Rarely,20,2,3,3,Yes,3,3,2,3,2,2,2,2,151,40.6,3,2,2,1,0,No,High,1,1
22,Male,Married,Kolkata,Intern,1.8,17862,Small,HR,28,1.3,Partial,10,21,Medium,,7.5,5,Yes,Rarely,Travel_Rarely,19,1,4,1,No,4,1,6,3,2,2,2,2,130,56.4,3,4,1,2,18,Yes,Medium,1,1
22,Male,Married,Bangalore,Developer,1.6,99115,Medium,Engineering,48,2.8,Yes,17,15,Low,,5.0,5,Yes,Sometimes,Travel_Rarely,19,1,4,1,No,4,1,6,3,2,2,2,2,149,52.8,6,5,2,5,8,No,Medium,1,1
35,Female,Married,Pune,Designer,9.6,47469,Large,Marketing,40,1.3,No,7,27,Medium,,5.2,4,Yes,Rarely,Non-Travel,11,3,1,2,Yes,3,3,3,3,4,0,2,3,52,43.5,6,7,1,3,69,Yes,Medium,1,1
34,Male,Divorced,Delhi,Designer,2.4,53452,Medium,Operations,48,1.8,Yes,12,31,Medium,,5.0,5,Yes,Rarely,Travel_Rarely,20,1,3,0,No,3,4,5,2,1,0,0,0,1,60.7,4,2,2,3,32,Yes,Medium,1,1
35,Female,Divorced,Mumbai,Analyst,7.8,59089,Large,Marketing,43,1.9,Partial,9,31,Low,,5.0,4,Yes,Sometimes,Travel_Rarely,23,2,3,3,Yes,3,1,1,3,1,0,0,1,87,48.4,9,4,0,3,16,No,Low,1,1
32,Other,Single,Mumbai,Designer,10.2,50890,Large,HR,49,2.4,Yes,5,36,High,Hypertension,5.0,3,Yes,Rarely,Travel_Frequently,16,1,1,1,Yes,4,2,5,3,10,2,6,7,157,55.5,6,4,0,0,23,Yes,Medium,1,1
27,Male,Divorced,Kolkata,Developer,3.9,96515,Large,HR,42,1.3,Partial,16,27,Low,,6.5,5,No,Sometimes,Travel_Rarely,5,1,2,1,Yes,3,2,2,2,4,3,1,2,37,40.8,5,6,2,0,5,No,Medium,1,1
26,Other,Single,Kolkata,Developer,1.7,86042,Medium,Engineering,48,1.4,No,8,28,Medium,,6.5,5,No,Sometimes,Travel_Rarely,25,1,3,1,No,3,3,2,2,1,0,0,1,129,49.7,5,9,0,1,48,No,High,1,1
32,Female,Single,Pune,Designer,10.1,51512,Small,HR,45,1.0,No,11,18,High,Diabetes,5.2,3,Yes,Rarely,Travel_Frequently,16,1,1,1,Yes,4,2,5,3,10,2,6,7,20,70.0,4,2,2,3,50,Yes,High,1,1
23,Female,Single,Pune,Intern,2.7,15864,Small,HR,32,0.9,Partial,8,24,Medium,Migraine,7.2,4,Yes,Rarely,Travel_Rarely,2,1,1,3,No,3,3,3,3,0,0,0,0,160,59.6,10,5,0,4,41,No,Medium,1,1
28,Other,Married,Kolkata,Designer,6.1,50054,Large,Operations,45,0.9,Partial,20,25,Medium,,6.5,4,No,Rarely,Travel_Rarely,24,1,3,5,Yes,3,2,4,3,4,2,0,3,57,53.1,6,2,3,3,21,No,Medium,1,1
29,Other,Single,Mumbai,Developer,3.3,95035,Small,Engineering,45,1.6,Partial,15,44,Medium,,5.2,5,Yes,Sometimes,Travel_Frequently,20,1,4,1,No,3,2,5,3,3,1,0,2,21,45.5,2,3,1,2,66,No,High,1,1
27,Female,Married,Bangalore,Developer,2.2,87904,Medium,Marketing,47,2.9,Yes,8,32,Medium,Migraine,5.0,5,No,Sometimes,Non-Travel,8,1,3,1,No,3,4,4,3,3,2,1,2,88,50.7,4,2,2,3,51,No,High,1,1
31,Male,Divorced,Pune,Manager,9.9,240547,Medium,Engineering,51,1.2,No,18,50,Medium,,5.0,4,No,Often,Travel_Rarely,7,2,4,3,No,4,4,3,2,7,7,1,7,48,52.0,3,4,0,1,0,No,High,1,1
45,Male,Divorced,Pune,Manager,24.9,257656,Medium,Operations,51,1.4,No,20,37,High,Hypertension,5.0,1,Yes,Often,Travel_Rarely,7,3,1,2,No,3,3,2,3,1,0,0,0,58,54.5,2,4,2,1,31,Yes,Medium,1,1
58,Male,Divorced,Pune,CEO,15.0,542952,Large,Engineering,69,1.1,Partial,6,47,High,Diabetes,5.0,2,No,Often,Travel_Rarely,1,2,3,2,No,3,3,2,3,3,2,1,2,169,39.2,5,7,1,1,12,Yes,Low,1,1
26,Other,Married,Kolkata,Analyst,2.4,48146,Medium,Operations,44,1.1,Partial,20,9,Low,,6.5,5,No,Sometimes,Travel_Rarely,23,1,4,1,No,4,2,3,1,3,2,0,2,14,56.7,6,3,0,3,64,No,High,1,1
43,Other,Divorced,Hyderabad,Manager,21.5,205846,Large,Engineering,50,1.1,No,12,48,High,Diabetes,5.0,1,No,Often,Travel_Rarely,16,4,4,5,Yes,4,3,3,3,17,13,1,9,174,39.1,5,5,0,3,26,Yes,Low,1,1
51,Male,Single,Pune,CEO,23.8,554918,Large,HR,70,0.6,No,15,4,High,Back Pain,5.0,1,Yes,Often,Travel_Frequently,1,3,1,3,No,4,3,1,2,13,12,12,8,50,66.3,10,6,2,3,7,No,Medium,1,1
30,Male,Single,Kolkata,Developer,5.5,117640,Medium,Engineering,41,0.7,No,12,42,Medium,,5.5,4,No,Sometimes,Travel_Rarely,18,1,3,1,No,3,3,4,2,5,4,0,4,107,42.3,5,6,2,5,32,No,Medium,1,1
27,Male,Divorced,Kolkata,Designer,1.3,41993,Medium,Engineering,46,0.9,Partial,12,22,Low,Migraine,6.5,5,Yes,Rarely,Travel_Rarely,2,1,1,1,No,3,4,6,3,1,0,0,0,54,53.0,5,8,0,5,67,Yes,Low,1,1
45,Female,Divorced,Pune,CEO,8.2,599642,Large,Engineering,64,0.6,No,20,26,Medium,Diabetes,5.0,4,No,Often,Travel_Rarely,10,1,4,3,No,4,4,3,2,2,2,0,2,63,60.1,4,8,0,5,52,Yes,Low,1,1
22,Other,Divorced,Mumbai,Intern,1.4,16207,Large,Engineering,33,3.0,Yes,10,7,Medium,Migraine,6.2,3,Yes,Rarely,Non-Travel,16,1,4,1,Yes,3,2,2,2,1,0,0,0,130,47.5,4,8,0,3,25,Yes,High,1,1
48,Female,Married,Mumbai,CEO,17.0,503538,Medium,Operations,65,2.9,Partial,19,12,High,Hypertension,5.0,2,Yes,Often,Travel_Rarely,1,1,4,7,No,3,3,2,2,6,5,1,2,50,53.4,3,5,1,1,32,No,Medium,1,1
47,Other,Single,Delhi,CEO,20.4,505054,Large,Operations,67,3.0,Partial,13,44,High,Back Pain,5.0,1,No,Often,Travel_Rarely,2,2,4,5,No,3,3,2,3,5,0,0,4,134,64.4,6,1,0,2,55,No,Medium,1,1
29,Female,Single,Kolkata,Analyst,5.0,51154,Large,HR,41,1.4,Partial,13,2,Low,Migraine,6.5,4,No,Sometimes,Travel_Rarely,1,1,3,6,Yes,3,3,3,3,3,2,0,2,20,55.6,4,2,1,2,63,Yes,Medium,1,1
26,Male,Divorced,Bangalore,Designer,4.0,44287,Small,HR,46,1.7,Partial,14,13,Medium,,5.0,5,No,Rarely,Travel_Rarely,23,2,4,7,Yes,3,3,2,2,2,2,0,0,72,53.6,2,4,1,0,4,Yes,High,1,1
42,Other,Single,Hyderabad,Manager,3.2,253829,Large,Marketing,57,1.4,No,11,9,Low,,5.0,5,No,Often,Travel_Rarely,2,1,3,0,Yes,3,3,5,3,3,2,1,0,166,33.2,9,3,0,2,38,No,Medium,1,1
32,Male,Single,Mumbai,Manager,2.4,280178,Large,HR,50,1.7,Yes,19,18,Low,,5.0,5,Yes,Often,Travel_Frequently,13,1,2,1,No,4,3,2,3,2,2,2,2,17,40.7,5,5,0,2,28,Yes,Medium,1,1
32,Other,Divorced,Kolkata,Manager,9.3,249243,Large,Engineering,57,1.2,Partial,13,36,Low,Migraine,5.0,4,No,Often,Travel_Rarely,1,2,4,1,Yes,4,2,3,3,9,8,7,8,131,60.5,9,8,0,1,25,No,Medium,1,1
25,Female,Single,Pune,Designer,2.2,51985,Medium,Engineering,48,1.3,Partial,14,44,Low,Migraine,6.2,5,No,Rarely,Travel_Rarely,7,1,4,1,No,3,3,2,3,2,2,2,1,88,55.7,5,8,0,2,62,No,High,1,1
28,Female,Married,Mumbai,Analyst,2.9,48069,Medium,Operations,45,2.1,Partial,16,43,Medium,Migraine,5.2,5,No,Sometimes,Travel_Frequently,6,1,3,1,Yes,3,4,2,3,3,1,0,2,59,57.2,5,8,2,2,8,Yes,Medium,1,1
20,Other,Married,Bangalore,Intern,0.1,16045,Medium,Marketing,33,2.2,Partial,14,5,Medium,,6.0,5,Yes,Rarely,Travel_Frequently,6,1,4,1,Yes,3,2,5,3,1,0,1,0,13,56.4,1,3,1,4,51,No,High,1,1
35,Other,Divorced,Kolkata,Analyst,11.9,59674,Medium,Engineering,42,0.9,No,19,6,High,Arthritis,5.5,3,No,Sometimes,Travel_Rarely,16,3,2,0,No,3,3,3,2,11,9,6,9,8,62.9,5,6,0,1,0,No,Low,1,1
44,Male,Single,Pune,CEO,22.2,505316,Medium,Engineering,68,1.4,Partial,6,42,High,Diabetes,5.0,1,No,Often,Travel_Rarely,28,4,4,3,Yes,3,3,2,3,12,11,11,11,89,47.4,8,10,0,7,20,Yes,Low,1,1
27,Male,Divorced,Mumbai,Designer,3.7,47981,Large,Operations,43,2.8,Yes,11,6,Low,Migraine,5.2,5,No,Rarely,Travel_Rarely,5,1,2,1,Yes,3,2,2,2,4,3,1,2,52,51.2,6,2,1,5,36,Yes,Low,1,1
40,Other,Single,Hyderabad,Manager,5.8,242024,Medium,Operations,50,0.9,Partial,19,28,Medium,Back Pain,5.0,4,No,Often,Travel_Rarely,1,2,4,2,Yes,4,3,2,2,4,3,0,2,129,39.7,2,2,2,2,9,No,Medium,1,1
33,Male,Divorced,Delhi,Designer,12.2,50768,Medium,Engineering,45,1.7,Partial,19,16,High,Diabetes,5.0,3,No,Rarely,Travel_Frequently,5,3,2,6,No,3,2,2,3,10,6,8,8,83,37.2,5,2,1,1,79,No,Medium,1,1
32,Other,Divorced,Pune,Manager,11.1,234150,Small,Engineering,54,1.4,No,7,22,High,Back Pain,5.0,3,No,Often,Travel_Rarely,6,2,3,1,No,3,1,0,3,11,8,5,7,91,33.6,5,3,2,2,21,Yes,Medium,1,1
24,Other,Divorced,Bangalore,Intern,1.5,15412,Small,Marketing,25,2.1,Yes,9,23,Medium,Migraine,6.0,5,Yes,Rarely,Travel_Rarely,17,1,2,1,No,4,4,2,3,1,0,0,0,110,41.1,4,2,0,4,19,Yes,Medium,1,1
30,Male,Divorced,Mumbai,Manager,2.7,287252,Large,Engineering,58,2.7,Partial,11,49,Medium,Migraine,5.0,5,No,Often,Travel_Frequently,4,1,4,9,Yes,4,3,4,3,1,0,0,0,171,65.5,6,7,0,1,21,Yes,Medium,1,1
27,Female,Divorced,Bangalore,Analyst,1.9,57008,Large,HR,44,3.0,Partial,9,36,Medium,,5.0,5,Yes,Sometimes,Travel_Rarely,2,1,1,1,No,3,4,6,3,1,0,0,0,7,34.5,5,3,0,3,47,Yes,High,1,1
42,Male,Married,Kolkata,CEO,17.2,523811,Medium,Marketing,64,0.5,No,16,35,High,Arthritis,5.0,2,Yes,Often,Travel_Rarely,3,2,4,2,Yes,3,2,1,2,5,3,1,3,174,47.0,6,7,0,8,53,No,High,1,1
30,Male,Divorced,Bangalore,Designer,6.9,43396,Small,Operations,44,2.3,Yes,12,41,Low,,5.0,4,Yes,Rarely,Travel_Rarely,1,1,3,3,No,4,3,2,3,2,2,0,2,34,37.1,5,10,2,2,26,Yes,Medium,1,1
29,Female,Single,Kolkata,Designer,6.8,41870,Small,HR,50,1.4,No,17,27,Low,,6.5,4,Yes,Rarely,Travel_Rarely,1,1,3,0,No,3,4,1,2,6,2,1,5,80,44.0,4,5,0,3,41,No,High,1,1
21,Male,Married,Pune,Intern,0.5,17826,Large,Marketing,32,1.1,No,11,4,Low,,7.2,5,No,Rarely,Travel_Rarely,15,1,4,1,No,3,4,6,3,0,0,0,0,163,51.7,7,2,0,2,43,Yes,Medium,1,1
23,Male,Married,Hyderabad,Intern,2.7,19036,Small,Marketing,33,1.0,No,12,41,Medium,Migraine,6.5,3,Yes,Rarely,Travel_Rarely,2,1,1,3,No,3,3,3,3,0,0,0,0,49,43.0,5,5,0,2,6,No,Low,1,1
45,Female,Married,Mumbai,Manager,10.6,291712,Small,Engineering,57,2.3,Yes,13,49,High,Diabetes,5.0,3,Yes,Often,Travel_Rarely,29,3,4,4,Yes,3,4,4,4,3,1,1,2,103,60.9,7,3,0,4,33,No,Low,1,1
22,Female,Single,Kolkata,Intern,1.4,18562,Large,HR,26,0.7,No,8,20,Medium,,7.5,3,No,Rarely,Non-Travel,16,1,4,1,Yes,3,2,2,2,1,0,0,0,131,65.3,6,8,1,9,22,No,Low,1,1
24,Female,Married,Hyderabad,Intern,1.9,15005,Medium,Marketing,30,0.9,Partial,20,9,Low,,6.5,4,Yes,Rarely,Travel_Rarely,21,1,1,0,No,3,2,3,3,1,1,0,0,1,30.0,4,6,2,3,4,Yes,Medium,1,1
31,Female,Divorced,Mumbai,Manager,6.1,223125,Small,HR,57,2.4,Yes,8,4,Medium,,5.0,4,No,Often,Non-Travel,1,2,3,0,No,3,4,2,3,5,4,1,4,133,43.2,8,8,0,5,39,Yes,High,1,1
23,Other,Divorced,Hyderabad,Developer,0.5,108214,Small,HR,46,0.6,Partial,7,47,Low,Migraine,5.5,5,Yes,Sometimes,Travel_Rarely,6,1,1,1,Yes,4,3,2,3,0,0,0,0,53,50.6,4,6,1,3,55,Yes,High,1,1
32,Male,Married,Hyderabad,Analyst,4.3,56990,Medium,Engineering,40,1.0,No,12,38,Low,Migraine,5.0,5,Yes,Sometimes,Travel_Rarely,1,1,3,0,Yes,3,4,2,1,3,2,1,2,105,61.3,3,6,0,1,36,No,Low,1,1
57,Female,Divorced,Delhi,CEO,24.6,582138,Large,HR,69,2.3,Partial,15,21,High,Arthritis,5.0,1,No,Often,Travel_Rarely,5,3,2,2,Yes,3,4,3,3,6,0,0,4,3,45.5,5,8,0,2,0,Yes,Medium,1,1
22,Other,Single,Hyderabad,Intern,1.2,19835,Large,Operations,28,0.6,Partial,14,37,Low,,6.5,5,No,Rarely,Non-Travel,16,1,4,1,Yes,3,2,2,2,1,0,0,0,53,49.8,10,4,1,2,26,Yes,Medium,1,1
23,Male,Divorced,Pune,Developer,2.7,93691,Medium,Marketing,46,0.8,No,5,50,Medium,Migraine,6.2,5,No,Sometimes,Travel_Rarely,2,1,1,3,No,3,3,3,3,0,0,0,0,145,38.4,6,4,1,5,17,No,High,1,1
32,Male,Married,Delhi,Designer,8.8,44600,Small,Engineering,48,2.1,Yes,14,40,Low,,5.0,4,Yes,Rarely,Travel_Rarely,1,2,4,1,Yes,4,2,3,3,9,8,7,8,43,34.7,4,7,0,5,71,Yes,Low,1,1
37,Male,Married,Mumbai,Manager,9.5,231079,Small,HR,55,1.5,Yes,9,13,Medium,,5.0,4,No,Often,Travel_Frequently,11,3,4,1,Yes,3,3,1,3,10,8,0,7,161,64.5,3,4,0,2,28,No,Medium,1,1
35,Other,Divorced,Delhi,Analyst,2.8,49825,Medium,Operations,42,2.7,Partial,7,4,Medium,,5.0,5,Yes,Sometimes,Travel_Rarely,8,1,4,1,No,3,2,1,2,3,2,0,2,13,31.8,3,7,0,2,3,No,High,1,1
29,Male,Divorced,Kolkata,Analyst,7.6,56538,Large,HR,43,1.3,Partial,10,36,Low,,6.5,4,No,Sometimes,Travel_Rarely,19,2,4,4,No,3,2,2,4,3,2,1,2,94,73.3,5,5,1,6,34,No,High,1,1
33,Female,Single,Bangalore,Analyst,3.6,58123,Medium,HR,44,1.7,Yes,10,10,Low,Migraine,5.0,5,No,Sometimes,Travel_Rarely,2,1,4,0,No,3,1,2,4,3,1,0,2,47,57.3,2,7,2,2,48,No,Low,1,1
26,Female,Divorced,Bangalore,Developer,0.8,91421,Large,Engineering,40,2.4,Yes,7,10,Low,,5.0,5,Yes,Sometimes,Travel_Rarely,25,1,3,1,No,3,3,2,2,1,0,0,1,14,56.8,6,6,2,6,37,Yes,Low,1,1
22,Other,Married,Hyderabad,Intern,1.5,17752,Medium,Engineering,27,1.4,Partial,15,2,Low,Migraine,6.5,3,No,Rarely,Non-Travel,16,1,4,1,Yes,3,2,2,2,1,0,0,0,39,55.8,2,8,2,3,19,Yes,Medium,1,1
49,Female,Married,Bangalore,CEO,13.7,578051,Large,Marketing,61,1.5,Yes,14,37,High,Back Pain,5.0,3,No,Often,Travel_Rarely,2,2,4,2,No,3,1,2,3,9,7,6,7,81,47.5,5,6,1,2,26,Yes,High,1,1
30,Male,Single,Mumbai,Developer,4.2,82482,Medium,HR,40,1.5,Yes,7,38,Medium,Migraine,5.0,5,No,Sometimes,Non-Travel,25,2,3,7,Yes,3,2,2,4,2,2,2,2,110,53.9,2,5,1,3,50,Yes,Low,1,1
29,Other,Single,Bangalore,Developer,7.1,95753,Medium,HR,48,2.9,Yes,11,32,Low,,5.0,4,Yes,Sometimes,Travel_Rarely,1,1,3,0,No,3,4,1,2,6,2,1,5,52,48.1,6,8,2,2,37,Yes,High,1,1
27,Male,Single,Hyderabad,Developer,2.0,104591,Small,HR,46,0.9,Partial,8,36,Medium,Migraine,5.5,5,Yes,Sometimes,Travel_Rarely,2,1,1,1,No,3,4,6,3,1,0,0,0,23,55.5,3,4,3,5,76,No,Low,1,1
52,Other,Divorced,Mumbai,CEO,11.8,559334,Large,Operations,69,2.8,Partial,19,9,High,Back Pain,5.0,3,Yes,Often,Travel_Rarely,8,1,1,9,No,3,3,2,1,5,4,0,4,153,49.7,5,3,2,1,37,Yes,Medium,1,1
60,Other,Single,Mumbai,CEO,15.6,595763,Large,Marketing,60,2.5,Partial,5,21,High,Diabetes,5.0,2,No,Often,Travel_Rarely,1,3,4,3,Yes,3,3,1,1,6,4,0,4,123,40.5,2,5,1,4,4,Yes,Medium,1,1
41,Female,Divorced,Mumbai,Manager,9.1,254906,Large,Operations,50,2.6,Yes,12,49,Medium,Diabetes,5.0,4,Yes,Often,Travel_Rarely,1,3,1,1,No,3,3,2,3,10,7,0,7,40,41.3,6,7,0,4,31,No,Low,1,1
60,Female,Single,Hyderabad,CEO,11.2,573382,Medium,Operations,60,1.4,Partial,12,9,High,Hypertension,5.0,3,No,Often,Travel_Rarely,7,2,4,0,Yes,3,2,3,3,11,7,1,9,156,40.2,6,6,2,5,24,Yes,Medium,1,1
22,Male,Divorced,Bangalore,Developer,0.8,114021,Large,HR,44,1.8,Yes,14,43,Medium,,5.0,5,No,Sometimes,Non-Travel,16,1,4,1,Yes,3,2,2,2,1,0,0,0,14,59.7,7,3,1,4,4,No,Medium,1,1
24,Female,Single,Bangalore,Intern,2.4,19297,Large,HR,26,2.7,Yes,15,22,Low,,6.0,5,No,Rarely,Travel_Rarely,21,1,1,0,No,3,2,3,3,1,1,0,0,44,43.8,6,2,2,3,38,Yes,High,1,1
32,Other,Single,Bangalore,Analyst,8.2,55300,Small,Engineering,43,2.2,Yes,8,25,Low,Migraine,5.0,4,Yes,Sometimes,Travel_Frequently,2,1,4,0,No,3,3,2,2,7,7,3,6,64,30.9,6,4,2,3,27,No,Low,1,1
49,Male,Married,Pune,CEO,11.0,568975,Small,Operations,64,0.7,No,14,19,High,Hypertension,5.0,3,Yes,Often,Travel_Frequently,8,2,2,1,No,4,4,3,3,10,7,1,7,88,54.0,4,9,0,2,38,No,Medium,1,1
25,Male,Married,Mumbai,Analyst,0.9,52393,Medium,HR,41,1.8,Partial,13,18,Low,,5.2,5,No,Sometimes,Travel_Rarely,19,1,2,1,Yes,3,3,2,3,1,0,0,0,70,65.1,4,8,0,1,72,No,Medium,1,1
30,Male,Divorced,Pune,Designer,10.0,43619,Large,Operations,40,1.0,Partial,13,28,Low,,5.2,3,Yes,Rarely,Travel_Rarely,9,1,3,1,No,3,1,5,3,10,0,1,8,8,57.7,7,4,1,2,32,Yes,Medium,1,1
25,Female,Single,Kolkata,Intern,4.7,19458,Medium,Operations,33,1.4,Partial,6,25,Low,,7.5,3,No,Rarely,Travel_Rarely,1,2,3,0,No,3,4,3,3,4,2,1,2,87,44.0,5,5,0,5,55,No,High,1,1
44,Female,Single,Delhi,Manager,8.3,227839,Large,HR,52,3.0,Yes,18,9,Medium,,5.0,4,Yes,Often,Travel_Rarely,9,1,1,1,Yes,3,4,0,3,8,7,7,1,128,34.1,5,4,0,4,31,Yes,Medium,1,1
44,Other,Single,Mumbai,CEO,7.9,584528,Medium,Operations,68,1.5,Yes,5,7,Low,Diabetes,5.0,4,Yes,Often,Travel_Rarely,9,1,1,1,Yes,3,4,0,3,8,7,7,1,135,48.7,8,1,1,2,43,No,Medium,1,1
51,Other,Married,Mumbai,CEO,25.7,529957,Medium,HR,61,2.5,Yes,5,23,High,Diabetes,5.0,1,Yes,Often,Travel_Rarely,1,4,4,2,No,3,2,2,2,9,8,7,8,62,48.4,4,5,1,3,37,No,Medium,1,1
50,Male,Divorced,Kolkata,CEO,10.7,517637,Medium,Engineering,69,1.4,Partial,14,2,High,Back Pain,5.0,3,No,Often,Travel_Rarely,21,2,4,0,Yes,4,4,2,1,10,7,1,0,138,40.3,2,6,2,2,40,No,Medium,1,1
25,Other,Single,Delhi,Designer,2.9,42988,Large,Engineering,41,1.7,Yes,13,7,Medium,Migraine,5.7,5,Yes,Rarely,Travel_Rarely,7,1,4,1,No,3,3,2,3,2,2,2,1,80,55.5,3,6,0,6,32,No,Low,1,1
21,Other,Divorced,Kolkata,Intern,0.6,17592,Small,Engineering,29,0.7,Partial,16,35,Medium,Migraine,7.5,5,Yes,Rarely,Travel_Rarely,12,1,2,1,No,3,4,0,3,1,0,0,0,135,68.5,4,4,3,4,64,Yes,High,1,1
57,Male,Divorced,Hyderabad,CEO,3.7,516721,Medium,Marketing,66,0.9,No,14,8,Medium,,5.0,5,No,Often,Travel_Frequently,2,1,4,9,Yes,3,4,3,2,1,0,0,0,162,52.2,6,3,4,6,48,No,Low,1,1
35,Other,Married,Mumbai,Designer,2.6,45335,Medium,Engineering,46,2.0,Partial,19,13,Medium,,5.0,5,No,Rarely,Travel_Rarely,8,1,4,1,No,3,2,1,2,3,2,0,2,162,51.6,9,5,1,3,37,No,Medium,1,1
35,Other,Married,Pune,Analyst,1.3,51100,Large,Operations,45,0.5,No,19,47,Medium,,5.2,5,No,Sometimes,Travel_Rarely,4,1,4,1,No,3,3,3,3,1,0,0,0,32,40.6,3,8,1,0,53,Yes,Medium,1,1
36,Other,Single,Mumbai,Manager,10.0,223109,Small,HR,57,1.8,Yes,7,13,Low,Migraine,5.0,3,No,Often,Travel_Rarely,9,1,1,7,No,4,2,4,3,5,3,0,3,122,64.0,5,1,1,2,38,No,Low,1,1
45,Other,Married,Pune,CEO,20.6,542487,Small,Engineering,61,0.5,No,20,32,High,Back Pain,5.0,1,No,Often,Travel_Rarely,20,4,4,0,Yes,3,2,2,3,20,7,4,10,4,49.2,3,9,1,5,57,No,Low,1,1
22,Female,Married,Hyderabad,Developer,1.6,83305,Small,Operations,45,1.3,Partial,12,37,Medium,Migraine,5.5,5,No,Sometimes,Travel_Rarely,19,1,4,1,No,4,1,6,3,2,2,2,2,40,44.2,2,4,1,4,11,No,Low,1,1
34,Male,Single,Kolkata,Designer,9.9,47558,Medium,HR,49,1.5,Partial,19,20,Low,,5.5,4,No,Rarely,Non-Travel,23,2,3,0,No,4,3,2,3,9,5,8,7,27,50.6,4,7,1,2,78,No,Low,1,1
22,Other,Single,Pune,Developer,0.8,91617,Small,Marketing,50,0.5,No,20,42,Low,Migraine,6.2,5,No,Sometimes,Non-Travel,16,1,4,1,Yes,3,2,2,2,1,0,0,0,134,54.7,9,3,1,1,38,Yes,High,1,1
22,Other,Married,Kolkata,Intern,1.4,17199,Small,Marketing,29,1.3,Partial,16,20,Medium,,7.5,3,No,Rarely,Non-Travel,16,1,4,1,Yes,3,2,2,2,1,0,0,0,71,51.4,4,2,1,4,12,Yes,High,1,1
60,Male,Divorced,Mumbai,CEO,18.6,561878,Medium,Engineering,68,2.2,Partial,19,23,High,Arthritis,5.0,2,Yes,Often,Travel_Rarely,1,3,4,3,No,4,3,2,4,1,0,0,0,11,62.1,5,5,3,6,50,Yes,Low,1,1
33,Female,Single,Pune,Designer,2.3,43335,Large,Operations,46,1.5,No,16,24,Low,Migraine,5.2,5,Yes,Rarely,Travel_Rarely,5,1,4,1,No,3,3,2,2,2,2,0,2,161,53.8,8,6,0,8,61,No,Low,1,1
22,Female,Married,Pune,Developer,1.0,102983,Large,HR,46,1.2,No,16,24,Low,Migraine,6.2,5,Yes,Sometimes,Non-Travel,16,1,4,1,Yes,3,2,2,2,1,0,0,0,32,47.2,8,1,1,2,15,No,High,1,1
22,Other,Single,Mumbai,Intern,0.9,19569,Large,Marketing,27,2.4,Yes,17,40,Low,,6.2,3,No,Rarely,Non-Travel,16,1,4,1,Yes,3,2,2,2,1,0,0,0,47,54.0,5,5,1,1,26,No,Low,1,1
25,Other,Divorced,Bangalore,Intern,4.5,19041,Large,Marketing,35,2.3,Partial,7,14,Medium,Migraine,6.0,5,Yes,Rarely,Travel_Rarely,1,2,3,0,No,3,4,3,3,4,2,1,2,150,55.0,3,5,2,3,55,No,High,1,1
35,Other,Married,Bangalore,Analyst,3.6,56683,Small,Engineering,45,2.9,Yes,20,19,Low,,5.0,5,No,Sometimes,Travel_Rarely,23,1,1,3,Yes,3,3,3,3,2,2,2,2,61,37.0,9,3,1,2,46,Yes,Low,1,1
22,Female,Divorced,Kolkata,Intern,2.0,17344,Small,Operations,26,0.6,No,19,14,Medium,,7.5,5,No,Rarely,Travel_Rarely,19,1,4,1,No,4,1,6,3,2,2,2,2,36,61.5,2,5,0,4,26,No,Medium,1,1
28,Male,Divorced,Delhi,Developer,5.2,81850,Small,Engineering,40,2.2,Yes,17,33,Low,,5.7,4,Yes,Sometimes,Non-Travel,4,2,3,1,No,3,2,3,4,5,4,0,4,98,47.0,8,4,0,2,30,No,Medium,1,1
26,Female,Divorced,Delhi,Developer,5.0,85639,Medium,HR,40,2.7,Yes,6,44,Low,Migraine,5.7,4,Yes,Sometimes,Travel_Rarely,23,2,4,7,Yes,3,3,2,2,2,2,0,0,171,47.2,7,3,1,6,10,No,Low,1,1
27,Other,Single,Delhi,Designer,6.7,43030,Large,HR,42,2.1,Yes,9,22,Medium,,5.7,4,No,Rarely,Travel_Rarely,9,1,2,1,No,3,4,2,2,7,7,0,3,103,57.5,6,4,1,2,15,No,Low,1,1
34,Male,Divorced,Mumbai,Analyst,4.6,59250,Small,Operations,45,1.7,Yes,15,37,Low,,5.0,5,No,Sometimes,Travel_Rarely,1,2,2,1,No,3,3,2,3,5,2,1,3,34,57.5,9,5,0,0,2,No,Medium,1,1
29,Female,Divorced,Delhi,Developer,3.6,116690,Medium,Marketing,43,2.0,Yes,7,38,Medium,Migraine,5.7,5,Yes,Sometimes,Travel_Rarely,18,1,4,1,Yes,3,3,3,2,4,3,0,1,100,43.0,3,8,0,4,28,No,Low,1,1
35,Male,Divorced,Mumbai,Designer,5.1,43004,Large,Engineering,41,2.2,Partial,8,20,Medium,,5.0,4,No,Rarely,Travel_Frequently,1,1,1,4,No,3,4,2,2,3,2,1,2,174,58.0,6,6,0,3,49,No,Medium,1,1
37,Male,Divorced,Pune,Manager,1.4,239603,Medium,Operations,59,0.7,Partial,17,6,Low,Migraine,5.0,5,Yes,Often,Travel_Frequently,2,1,4,1,Yes,4,3,3,3,1,0,0,0,130,44.4,7,8,1,3,30,No,Low,1,1
22,Male,Married,Delhi,Intern,0.8,17179,Small,Operations,33,2.9,Partial,10,32,Low,,6.7,3,No,Rarely,Non-Travel,16,1,4,1,Yes,3,2,2,2,1,0,0,0,0,68.2,7,5,3,1,57,No,Medium,1,1
31,Female,Divorced,Pune,Manager,10.9,271499,Medium,Marketing,58,0.9,Partial,8,10,High,Arthritis,5.0,3,Yes,Often,Travel_Rarely,8,2,4,1,No,4,4,2,3,11,7,1,8,4,41.7,5,5,1,5,22,No,Medium,1,1
41,Female,Divorced,Hyderabad,Manager,6.9,228357,Small,HR,50,0.9,No,8,5,Low,Hypertension,5.0,4,Yes,Often,Travel_Rarely,9,1,1,2,No,4,4,2,3,5,0,1,4,141,52.4,5,7,1,4,5,Yes,Medium,1,1
34,Female,Married,Hyderabad,Manager,0.7,261550,Large,Operations,56,0.6,Partial,20,16,Medium,Migraine,5.0,5,Yes,Often,Travel_Rarely,10,1,2,1,No,3,2,3,3,1,0,1,0,102,42.2,1,5,0,2,58,No,Low,1,1
33,Male,Divorced,Kolkata,Analyst,11.0,50766,Large,Marketing,45,1.0,No,6,4,High,Back Pain,5.5,3,No,Sometimes,Travel_Rarely,16,3,1,2,Yes,4,3,2,2,0,0,0,0,26,72.2,7,7,1,4,42,Yes,Medium,1,1
25,Male,Married,Pune,Intern,3.8,17671,Large,Marketing,30,0.5,No,19,41,Medium,,7.2,4,No,Rarely,Travel_Rarely,8,2,2,0,No,4,3,4,3,3,2,1,2,136,37.6,4,3,1,4,60,Yes,Medium,1,1
24,Female,Married,Hyderabad,Developer,0.5,99370,Small,HR,48,1.2,No,14,2,Medium,,5.5,5,No,Sometimes,Travel_Rarely,17,1,2,1,No,4,4,2,3,1,0,0,0,14,55.2,7,6,2,2,28,Yes,High,1,1
24,Male,Divorced,Mumbai,Intern,3.9,16408,Medium,HR,32,2.3,Yes,7,34,Medium,,6.2,4,Yes,Rarely,Travel_Rarely,3,2,3,0,No,4,1,2,2,3,2,0,2,89,42.7,5,4,2,4,67,Yes,Medium,1,1
28,Other,Divorced,Delhi,Analyst,5.7,53418,Medium,Marketing,40,2.0,Yes,7,3,Low,Migraine,5.7,4,Yes,Sometimes,Travel_Rarely,24,1,3,5,Yes,3,2,4,3,4,2,0,3,41,46.5,5,3,1,3,13,Yes,Low,1,1
20,Male,Single,Mumbai,Intern,0.4,18685,Medium,HR,26,2.8,Yes,12,21,Low,Migraine,6.2,4,Yes,Rarely,Travel_Frequently,6,1,4,1,Yes,3,2,5,3,1,0,1,0,123,54.5,3,4,0,3,29,No,Low,1,1
36,Other,Married,Mumbai,Manager,15.0,223944,Medium,Engineering,58,2.0,Yes,11,34,High,Hypertension,5.0,2,Yes,Often,Travel_Rarely,12,3,4,0,No,3,2,2,2,14,8,7,8,178,62.2,5,5,1,1,43,No,Low,1,1
35,Female,Divorced,Pune,Designer,9.3,51217,Large,Operations,46,1.3,Partial,8,46,Low,Migraine,5.2,4,Yes,Rarely,Travel_Frequently,18,3,1,1,No,4,4,3,2,9,8,1,8,62,66.2,5,2,2,4,26,Yes,Low,1,1
54,Male,Divorced,Hyderabad,CEO,17.6,585911,Small,HR,63,0.7,Partial,5,38,High,Hypertension,5.0,2,No,Often,Travel_Rarely,8,2,3,7,No,3,3,3,3,1,0,0,0,95,34.6,4,6,0,3,40,No,Low,1,1
45,Other,Married,Hyderabad,Manager,5.6,255504,Large,Engineering,57,1.3,Partial,6,11,Medium,Diabetes,5.0,4,No,Often,Travel_Rarely,24,1,2,1,No,3,1,3,3,6,3,0,4,51,52.7,3,7,0,2,60,Yes,Low,1,1
50,Female,Divorced,Delhi,CEO,9.6,525973,Large,Engineering,64,2.2,Partial,6,17,Low,Back Pain,5.0,4,No,Often,Travel_Frequently,8,2,2,1,No,4,4,3,3,10,7,1,7,95,64.6,3,2,0,3,43,Yes,Low,1,1
21,Other,Married,Mumbai,Intern,0.5,18689,Medium,Engineering,31,1.9,Yes,6,29,Medium,,6.2,5,Yes,Rarely,Travel_Rarely,15,1,4,1,No,3,4,6,3,0,0,0,0,131,33.1,5,3,0,3,31,No,Low,1,1
22,Male,Married,Kolkata,Intern,1.1,19432,Small,Marketing,34,0.8,Partial,18,4,Medium,,7.5,5,Yes,Rarely,Non-Travel,16,1,4,1,Yes,3,2,2,2,1,0,0,0,150,53.1,10,3,1,2,60,No,Low,1,1
45,Male,Divorced,Pune,Manager,6.1,229803,Small,Operations,51,1.0,Partial,7,21,Medium,Back Pain,5.0,4,No,Often,Travel_Rarely,24,1,2,1,No,3,1,3,3,6,3,0,4,142,50.0,2,6,1,4,45,Yes,Low,1,1
35,Male,Divorced,Hyderabad,Analyst,10.6,51622,Large,Operations,45,1.3,Partial,18,14,High,Hypertension,5.0,3,Yes,Sometimes,Travel_Rarely,16,3,2,1,No,3,4,3,1,11,8,3,3,170,54.1,5,5,2,0,35,Yes,Low,1,1
29,Male,Married,Pune,Analyst,4.8,56532,Medium,Marketing,45,0.7,Partial,17,48,Medium,,6.2,5,No,Sometimes,Travel_Rarely,1,1,3,6,Yes,3,3,3,3,3,2,0,2,28,42.3,3,5,3,1,33,Yes,Medium,1,1
24,Male,Married,Hyderabad,Developer,0.7,106959,Small,Marketing,48,1.4,No,18,47,Medium,,5.5,5,Yes,Sometimes,Travel_Rarely,17,1,2,1,No,4,4,2,3,1,0,0,0,35,35.6,4,6,2,4,28,No,Low,1,1
33,Other,Married,Mumbai,Manager,9.9,223811,Medium,Operations,51,1.6,Yes,13,5,Low,Migraine,5.0,4,Yes,Often,Travel_Frequently,1,2,1,2,No,3,1,3,3,5,3,1,3,12,30.9,6,7,1,2,52,Yes,Low,1,1
24,Female,Single,Pune,Intern,2.0,16344,Small,HR,32,1.1,No,8,47,Low,Migraine,7.2,4,No,Rarely,Travel_Rarely,21,1,1,0,No,3,2,3,3,1,1,0,0,159,59.8,3,6,0,5,53,No,Low,1,1
48,Male,Single,Bangalore,CEO,14.7,502659,Small,Marketing,65,1.9,Partial,13,10,High,Arthritis,5.0,3,Yes,Often,Travel_Rarely,29,3,3,3,No,4,2,3,1,0,0,0,0,70,61.0,4,5,1,3,60,No,Medium,1,1
24,Female,Single,Delhi,Intern,3.1,15069,Small,Operations,28,2.3,Partial,13,14,Low,,6.7,5,Yes,Rarely,Travel_Frequently,24,1,4,0,No,3,3,3,3,2,2,2,1,85,53.0,4,3,0,6,44,No,High,1,1
36,Other,Single,Pune,Manager,3.4,262008,Small,Operations,59,0.6,No,12,9,Medium,Migraine,5.0,5,Yes,Often,Travel_Frequently,18,1,4,4,No,3,4,2,3,1,0,0,0,27,44.7,5,7,1,3,24,No,Low,1,1
22,Male,Single,Kolkata,Intern,1.8,16129,Large,Operations,27,1.5,No,16,6,Low,Migraine,7.5,3,No,Rarely,Travel_Rarely,19,1,4,1,No,4,1,6,3,2,2,2,2,65,33.8,8,3,0,3,42,No,Medium,1,1
35,Female,Single,Hyderabad,Designer,8.9,43174,Small,HR,47,1.2,Partial,6,10,Low,Migraine,5.0,4,Yes,Rarely,Travel_Frequently,18,3,1,1,No,4,4,3,2,9,8,1,8,169,55.6,5,5,1,3,24,No,Medium,1,1
51,Other,Married,Kolkata,CEO,5.0,593946,Medium,Operations,64,0.5,No,17,19,Medium,Back Pain,5.0,4,No,Often,Travel_Rarely,1,1,3,2,No,3,4,2,2,3,2,0,2,44,39.0,6,5,0,2,38,No,Medium,1,1
36,Female,Married,Delhi,Manager,6.2,231828,Large,HR,52,2.3,Partial,20,6,Low,Migraine,5.0,4,Yes,Often,Travel_Rarely,5,1,1,9,Yes,3,4,3,4,1,1,0,0,61,42.9,3,10,0,3,63,Yes,High,1,1
57,Male,Married,Hyderabad,CEO,13.8,542335,Medium,Marketing,68,1.0,Partial,10,29,High,Hypertension,5.0,3,Yes,Often,Travel_Rarely,1,2,3,0,No,4,1,2,2,12,9,2,8,133,44.1,4,4,2,1,59,No,High,1,1
33,Other,Single,Mumbai,Designer,1.3,53896,Medium,HR,50,2.9,Yes,5,43,Low,,5.0,5,Yes,Rarely,Travel_Rarely,5,1,3,1,Yes,3,2,2,3,1,0,0,0,27,48.0,5,5,0,5,53,Yes,Low,1,1
28,Other,Divorced,Kolkata,Designer,3.3,41331,Small,Engineering,48,1.2,Partial,12,33,Medium,,6.5,5,No,Rarely,Travel_Frequently,6,1,3,1,Yes,3,4,2,3,3,1,0,2,27,42.4,6,7,2,2,35,No,Medium,1,1
37,Other,Divorced,Hyderabad,Manager,5.1,260334,Large,Operations,59,0.8,Partial,5,23,Low,Migraine,5.0,4,Yes,Often,Travel_Rarely,9,2,2,1,No,3,1,2,3,5,2,0,3,107,50.3,7,2,2,0,53,Yes,Medium,1,1
25,Other,Divorced,Kolkata,Designer,2.7,45551,Small,Engineering,42,1.1,Partial,17,15,Low,Migraine,6.5,5,Yes,Rarely,Travel_Rarely,7,1,4,1,No,3,3,2,3,2,2,2,1,43,43.8,5,7,0,9,22,Yes,High,1,1
34,Male,Divorced,Kolkata,Designer,11.5,47322,Large,Engineering,46,0.7,No,16,29,High,Diabetes,5.5,3,No,Rarely,Travel_Rarely,6,2,2,6,No,3,3,3,3,1,0,0,0,83,57.0,2,6,0,3,6,Yes,High,1,1
41,Other,Single,Kolkata,CEO,14.5,509600,Large,HR,61,1.5,Partial,9,21,High,Hypertension,5.0,3,Yes,Often,Travel_Rarely,8,2,2,5,No,4,3,3,3,5,4,1,4,29,60.3,6,7,0,5,40,No,Low,1,1
30,Other,Married,Pune,Developer,1.5,87432,Small,Marketing,41,0.9,No,5,32,Low,Migraine,5.2,5,No,Sometimes,Travel_Rarely,24,1,3,1,No,4,2,2,3,1,0,0,0,74,51.1,4,5,2,1,27,Yes,Low,1,1
37,Female,Married,Mumbai,Manager,12.8,269916,Medium,Marketing,57,2.6,Partial,15,40,High,Hypertension,5.0,3,No,Often,Travel_Frequently,4,1,4,4,No,3,3,2,3,9,8,5,8,127,54.6,2,4,1,4,71,Yes,Medium,1,1
22,Male,Married,Kolkata,Intern,1.9,17245,Medium,Marketing,34,0.8,Partial,18,40,Medium,,7.5,3,No,Rarely,Travel_Rarely,19,1,4,1,No,4,1,6,3,2,2,2,2,91,71.2,4,5,1,4,68,Yes,Medium,1,1
44,Other,Divorced,Bangalore,Manager,16.8,296493,Large,Engineering,51,1.8,Yes,7,27,High,Arthritis,5.0,2,Yes,Often,Non-Travel,23,2,2,4,No,3,3,3,4,3,2,1,2,128,38.3,2,7,1,3,21,Yes,Medium,1,1
44,Other,Married,Bangalore,CEO,23.3,536352,Large,Operations,60,1.9,Partial,9,50,High,Back Pain,5.0,1,No,Often,Travel_Rarely,28,4,4,3,Yes,3,3,2,3,12,11,11,11,120,37.7,3,4,0,4,49,No,Medium,1,1
28,Male,Divorced,Pune,Developer,1.1,98563,Medium,Operations,49,1.2,No,8,3,Medium,,6.2,5,Yes,Sometimes,Travel_Rarely,10,1,2,1,No,4,2,5,3,1,0,0,0,26,56.9,4,4,0,2,0,No,Low,1,1
35,Other,Single,Delhi,Designer,7.0,40998,Small,Marketing,48,1.6,Yes,9,39,Low,,5.0,4,No,Rarely,Travel_Rarely,1,1,3,3,No,3,3,0,3,2,2,2,2,120,69.5,7,7,0,3,42,Yes,High,1,1
51,Other,Divorced,Bangalore,CEO,14.9,533186,Small,Marketing,66,1.7,Yes,7,29,High,Back Pain,5.0,3,No,Often,Travel_Rarely,3,3,3,2,No,3,4,2,3,2,2,2,2,115,47.4,5,5,0,5,41,No,High,1,1
29,Male,Divorced,Bangalore,Developer,1.3,100135,Large,HR,42,2.8,Yes,13,48,Low,,5.0,5,Yes,Sometimes,Travel_Rarely,10,1,3,1,No,3,3,6,3,1,0,0,0,2,67.3,5,2,1,2,15,No,Medium,1,1
22,Male,Single,Delhi,Intern,0.8,16452,Large,Operations,32,1.8,Yes,20,13,Medium,,6.7,5,No,Rarely,Non-Travel,16,1,4,1,Yes,3,2,2,2,1,0,0,0,102,51.0,7,6,1,3,38,No,Medium,1,1
35,Female,Divorced,Pune,Designer,4.2,44898,Medium,Marketing,50,1.1,Partial,11,46,Low,Migraine,5.2,5,Yes,Rarely,Travel_Rarely,23,1,1,3,Yes,3,3,3,3,2,2,2,2,154,43.2,9,2,0,2,16,No,Medium,1,1
24,Male,Divorced,Hyderabad,Intern,1.9,18789,Large,HR,30,0.5,No,10,28,Low,Migraine,6.5,5,No,Rarely,Travel_Rarely,21,1,1,0,No,3,2,3,3,1,1,0,0,136,40.1,7,5,2,4,52,Yes,Low,1,1
25,Male,Single,Bangalore,Designer,1.4,43485,Medium,Engineering,40,2.0,Yes,8,39,Medium,,5.0,5,No,Rarely,Travel_Rarely,19,1,2,1,Yes,3,3,2,3,1,0,0,0,61,56.3,6,6,0,1,39,No,Low,1,1
29,Other,Married,Kolkata,Developer,7.0,115091,Large,Operations,47,0.8,No,7,17,Low,Migraine,6.5,4,Yes,Sometimes,Travel_Rarely,1,1,3,0,No,3,4,1,2,6,2,1,5,164,40.9,6,7,1,1,65,No,Low,1,1
24,Other,Married,Delhi,Intern,1.0,19868,Large,Engineering,26,2.3,Partial,16,10,Low,Migraine,6.7,5,Yes,Rarely,Travel_Rarely,17,1,2,1,No,4,4,2,3,1,0,0,0,50,50.8,9,2,0,3,4,No,High,1,1
34,Other,Divorced,Delhi,Manager,12.3,267787,Small,Operations,60,2.8,Yes,18,8,High,Diabetes,5.0,3,No,Often,Travel_Rarely,6,2,2,6,No,3,3,3,3,1,0,0,0,171,65.8,2,5,1,2,18,No,Low,1,1
35,Female,Single,Kolkata,Analyst,13.1,47818,Large,Engineering,40,1.5,Partial,8,14,High,Back Pain,5.5,3,Yes,Sometimes,Travel_Frequently,12,2,4,3,Yes,4,1,2,4,11,9,6,7,151,46.9,3,5,0,3,25,Yes,Low,1,1
40,Female,Divorced,Delhi,CEO,15.7,566959,Large,Marketing,61,1.8,Partial,12,45,High,Diabetes,5.0,2,Yes,Often,Travel_Frequently,26,2,4,3,Yes,3,4,3,1,1,1,0,0,58,63.1,9,6,1,5,45,Yes,Medium,1,1
35,Other,Single,Mumbai,Designer,9.0,50320,Small,Marketing,45,1.8,Partial,15,43,Medium,,5.0,4,Yes,Rarely,Travel_Frequently,18,3,1,1,No,4,4,3,2,9,8,1,8,117,37.9,3,4,2,2,40,No,Low,1,1
42,Male,Single,Delhi,CEO,10.3,591481,Medium,Engineering,60,2.7,Yes,18,27,High,Arthritis,5.0,3,No,Often,Travel_Rarely,8,2,2,0,No,3,4,2,3,9,7,4,2,159,44.7,8,3,0,1,44,Yes,Low,1,1
32,Other,Divorced,Mumbai,Analyst,9.5,56098,Medium,Engineering,41,1.7,Yes,8,4,Low,Migraine,5.0,4,Yes,Sometimes,Travel_Frequently,16,1,1,1,Yes,4,2,5,3,10,2,6,7,95,35.9,5,6,2,4,22,No,Medium,1,1
35,Female,Divorced,Hyderabad,Manager,10.1,220766,Medium,Engineering,51,1.4,Partial,6,3,High,Diabetes,5.0,3,Yes,Often,Non-Travel,11,3,1,2,Yes,3,3,3,3,4,0,2,3,179,50.7,4,8,0,3,0,No,Medium,1,1
26,Male,Married,Kolkata,Developer,3.4,112971,Large,Engineering,40,1.2,Partial,9,18,Medium,Migraine,6.5,5,No,Sometimes,Travel_Rarely,23,1,4,1,No,4,2,3,1,3,2,0,2,112,57.8,9,4,0,6,20,No,Medium,1,1
40,Other,Divorced,Delhi,Manager,19.9,250737,Large,Operations,53,2.7,Partial,12,31,High,Back Pain,5.0,2,No,Often,Travel_Frequently,26,2,2,1,No,3,1,2,3,20,7,2,13,61,50.8,2,6,1,3,63,Yes,Medium,1,1
39,Female,Divorced,Delhi,Manager,14.8,274199,Large,Engineering,57,1.6,Yes,20,20,High,Back Pain,5.0,3,No,Often,Travel_Rarely,4,3,4,7,No,3,1,2,2,12,11,2,11,51,62.3,5,4,1,4,23,Yes,Medium,1,1
32,Male,Single,Pune,Designer,2.3,52557,Small,Marketing,48,1.5,Partial,5,36,Medium,Migraine,5.2,5,Yes,Rarely,Travel_Frequently,13,1,2,1,No,4,3,2,3,2,2,2,2,11,42.5,10,2,2,1,39,Yes,Medium,1,1
27,Male,Divorced,Hyderabad,Analyst,0.5,55859,Small,Operations,40,1.2,Partial,19,34,Medium,Migraine,5.5,5,No,Sometimes,Travel_Rarely,2,1,1,1,No,3,4,6,3,1,0,0,0,38,52.3,5,12,2,6,36,Yes,Medium,1,1
28,Male,Married,Kolkata,Developer,2.9,100992,Small,HR,40,0.7,Partial,9,7,Low,Migraine,6.5,5,Yes,Sometimes,Travel_Frequently,6,1,3,1,Yes,3,4,2,3,3,1,0,2,129,44.7,4,5,0,4,39,Yes,Low,1,1
35,Other,Divorced,Kolkata,Analyst,2.2,45824,Medium,Engineering,43,0.7,No,18,37,Low,Migraine,5.5,5,Yes,Sometimes,Travel_Rarely,2,1,4,1,No,3,1,3,3,2,2,2,2,130,53.6,7,7,1,4,8,Yes,Medium,1,1
24,Male,Divorced,Pune,Intern,3.5,16947,Small,Marketing,31,0.5,No,5,16,Low,Migraine,7.2,4,Yes,Rarely,Travel_Rarely,3,2,3,0,No,4,1,2,2,3,2,0,2,112,55.0,3,4,1,4,51,Yes,Medium,1,1
28,Male,Divorced,Bangalore,Developer,4.1,111635,Large,HR,47,2.8,Partial,8,21,Low,Migraine,5.0,5,Yes,Sometimes,Travel_Rarely,5,2,4,1,No,3,2,3,3,4,2,0,2,100,55.8,6,5,1,4,33,Yes,Low,1,1
24,Other,Married,Hyderabad,Developer,0.7,86920,Medium,Operations,49,0.8,No,7,45,Medium,,5.5,5,Yes,Sometimes,Travel_Rarely,17,1,2,1,No,4,4,2,3,1,0,0,0,112,39.3,3,9,1,1,81,No,Low,1,1
36,Other,Married,Kolkata,Manager,3.9,265554,Small,HR,59,1.3,No,12,2,Low,Migraine,5.0,5,Yes,Often,Travel_Frequently,18,1,4,4,No,3,4,2,3,1,0,0,0,80,41.1,3,6,3,2,28,No,Low,1,1
23,Female,Married,Mumbai,Intern,2.8,16750,Medium,Operations,33,1.8,Partial,20,8,Low,Migraine,6.2,4,No,Rarely,Travel_Rarely,2,1,1,3,No,3,3,3,3,0,0,0,0,112,43.0,4,3,2,5,55,Yes,Medium,1,1
28,Other,Single,Hyderabad,Analyst,0.6,51910,Small,Marketing,44,1.3,No,7,17,Medium,,5.5,5,Yes,Sometimes,Travel_Rarely,10,1,2,1,No,4,2,5,3,1,0,0,0,1,47.6,1,8,1,2,27,Yes,Medium,1,1
26,Other,Single,Delhi,Analyst,3.3,48080,Medium,Marketing,45,2.0,Yes,18,33,Low,Migraine,5.7,5,No,Sometimes,Travel_Rarely,23,1,4,1,No,4,2,3,1,3,2,0,2,129,50.9,2,5,1,5,73,No,Low,1,1
35,Other,Divorced,Hyderabad,Manager,8.5,254537,Large,Marketing,58,0.5,No,7,16,Low,Migraine,5.0,4,Yes,Often,Travel_Frequently,18,3,1,1,No,4,4,3,2,9,8,1,8,53,57.1,4,2,0,2,50,Yes,High,1,1
22,Other,Divorced,Pune,Developer,1.4,102774,Medium,HR,46,1.4,Partial,18,47,Low,Migraine,6.2,5,No,Sometimes,Non-Travel,16,1,4,1,Yes,3,2,2,2,1,0,0,0,86,41.5,5,11,1,0,9,No,Medium,1,1
27,Male,Married,Hyderabad,Developer,5.0,99838,Large,HR,43,0.8,No,7,37,Medium,Migraine,5.5,4,No,Sometimes,Travel_Rarely,2,2,3,1,Yes,3,1,3,3,5,4,0,4,128,34.0,8,6,1,3,63,No,High,1,1
29,Male,Single,Kolkata,Designer,7.2,54017,Large,Engineering,44,0.7,Partial,5,23,Medium,Migraine,6.5,4,No,Rarely,Travel_Rarely,1,1,3,0,No,3,4,1,2,6,2,1,5,146,71.6,7,3,0,4,51,Yes,Medium,1,1
33,Other,Married,Delhi,Analyst,10.8,54503,Medium,Engineering,42,1.8,Partial,10,7,High,Diabetes,5.0,3,No,Sometimes,Travel_Rarely,16,3,1,2,Yes,4,3,2,2,0,0,0,0,125,38.7,7,4,0,1,26,No,Low,1,1
40,Male,Divorced,Mumbai,Manager,0.5,267412,Medium,HR,58,1.6,Yes,14,7,Low,Hypertension,5.0,5,No,Often,Travel_Frequently,2,1,4,1,Yes,4,3,3,3,1,0,0,0,129,58.4,2,3,2,1,3,No,High,1,1
22,Female,Divorced,Bangalore,Developer,0.7,114083,Large,Operations,48,1.9,Yes,6,2,Medium,,5.0,5,Yes,Sometimes,Non-Travel,16,1,4,1,Yes,3,2,2,2,1,0,0,0,52,50.3,6,3,2,4,59,No,High,1,1
32,Male,Single,Bangalore,Analyst,2.3,51768,Small,HR,40,2.5,Partial,16,11,Medium,,5.0,5,No,Sometimes,Travel_Frequently,13,1,2,1,No,4,3,2,3,2,2,2,2,171,52.5,8,3,1,3,70,Yes,Medium,1,1
29,Male,Married,Delhi,Developer,4.2,84648,Large,Engineering,44,1.7,Yes,7,45,Medium,Migraine,5.7,5,No,Sometimes,Travel_Rarely,18,1,4,1,Yes,3,3,3,2,4,3,0,1,159,50.0,6,6,0,3,57,No,Low,1,1
33,Female,Divorced,Hyderabad,Designer,4.2,53476,Large,Operations,47,0.6,Partial,6,39,Medium,,5.0,5,Yes,Rarely,Travel_Rarely,2,1,4,0,No,3,1,2,4,3,1,0,2,159,46.2,4,6,0,3,52,No,Low,1,1
21,Female,Single,Bangalore,Intern,0.6,16103,Large,Engineering,32,3.0,Partial,14,28,Low,,6.0,3,No,Rarely,Travel_Rarely,12,1,2,1,No,3,4,0,3,1,0,0,0,67,54.6,4,8,0,2,46,No,High,1,1
27,Female,Divorced,Pune,Developer,2.6,96542,Medium,Operations,47,0.5,No,18,15,Medium,Migraine,6.2,5,Yes,Sometimes,Non-Travel,8,1,3,1,No,3,4,4,3,3,2,1,2,122,45.6,4,6,3,2,56,No,Low,1,1
26,Other,Single,Hyderabad,Developer,2.0,108043,Small,HR,44,0.7,No,18,49,Low,,5.5,5,No,Sometimes,Travel_Rarely,25,1,3,1,No,3,3,2,2,1,0,0,1,144,61.7,1,5,3,3,30,No,Medium,1,1
25,Female,Divorced,Kolkata,Analyst,0.7,47344,Large,HR,42,0.8,No,6,2,Low,Migraine,6.5,5,Yes,Sometimes,Travel_Rarely,19,1,2,1,Yes,3,3,2,3,1,0,0,0,37,55.7,6,6,0,2,0,No,Medium,1,1
59,Female,Single,Pune,CEO,21.7,512931,Large,Operations,69,1.5,Partial,10,20,High,Back Pain,5.0,1,Yes,Often,Travel_Frequently,28,3,1,4,No,3,4,5,4,18,13,13,11,23,56.0,8,4,4,4,50,Yes,Low,1,1
29,Male,Married,Bangalore,Developer,3.1,99039,Medium,Engineering,43,1.8,Yes,17,5,Low,,5.0,5,Yes,Sometimes,Travel_Frequently,20,1,4,1,No,3,2,5,3,3,1,0,2,68,44.9,7,5,0,2,43,No,Medium,1,1
30,Female,Married,Delhi,Developer,6.0,84416,Medium,Engineering,45,2.4,Partial,15,13,Low,Migraine,5.0,4,Yes,Sometimes,Travel_Rarely,2,1,4,0,No,3,4,3,3,5,3,1,2,115,47.6,7,5,2,3,7,No,Medium,1,1
33,Female,Married,Hyderabad,Analyst,3.8,55525,Large,HR,43,1.2,Partial,13,28,Low,,5.0,5,No,Sometimes,Travel_Rarely,2,1,4,0,No,3,1,2,4,3,1,0,2,97,38.1,6,7,1,1,0,No,Medium,1,1
31,Male,Married,Bangalore,Designer,7.2,51763,Medium,Engineering,47,2.2,Yes,11,39,Low,Migraine,5.0,4,Yes,Rarely,Travel_Rarely,12,1,4,8,Yes,4,3,0,3,4,2,0,2,138,46.5,6,3,2,4,37,No,Medium,1,1
60,Other,Married,Kolkata,CEO,20.3,581587,Medium,HR,63,1.4,No,18,38,High,Arthritis,5.0,1,No,Often,Travel_Frequently,1,2,3,7,No,3,4,2,2,4,3,1,3,143,39.6,4,5,0,2,32,No,High,1,1
24,Other,Married,Mumbai,Intern,1.2,18802,Large,Marketing,26,2.6,Yes,16,33,Medium,Migraine,6.2,5,No,Rarely,Travel_Rarely,17,1,2,1,No,4,4,2,3,1,0,0,0,96,63.1,3,5,0,4,30,No,Medium,1,1
30,Female,Married,Hyderabad,Designer,1.0,52076,Large,Operations,45,0.9,Partial,10,40,Medium,,5.0,5,No,Rarely,Travel_Rarely,24,1,3,1,No,4,2,2,3,1,0,0,0,123,50.5,6,5,1,3,47,Yes,Medium,1,1
22,Female,Single,Delhi,Intern,0.9,19680,Large,HR,28,1.6,Partial,20,45,Low,Migraine,6.7,5,Yes,Rarely,Non-Travel,16,1,4,1,Yes,3,2,2,2,1,0,0,0,69,51.7,3,6,0,4,20,No,Medium,1,1
26,Other,Divorced,Delhi,Developer,2.1,115124,Small,Operations,43,2.0,Yes,18,40,Medium,Migraine,5.7,5,No,Sometimes,Travel_Rarely,23,1,4,1,No,4,2,3,1,3,2,0,2,92,47.7,10,3,1,5,49,Yes,Low,1,1
29,Male,Divorced,Pune,Analyst,3.4,59082,Medium,Marketing,40,0.6,No,13,21,Medium,,6.2,5,Yes,Sometimes,Travel_Frequently,20,1,4,1,No,3,2,5,3,3,1,0,2,2,52.0,5,7,0,5,49,No,High,1,1
33,Male,Married,Pune,Designer,5.4,48656,Small,Engineering,49,0.6,No,13,35,Low,Migraine,5.2,4,Yes,Rarely,Travel_Rarely,13,1,4,3,No,3,1,4,3,3,2,0,2,147,74.6,6,4,0,3,0,No,Medium,1,1
22,Male,Married,Mumbai,Intern,1.9,18229,Small,Engineering,26,1.8,Partial,16,47,Low,Migraine,6.2,4,Yes,Rarely,Travel_Rarely,19,1,4,1,No,4,1,6,3,2,2,2,2,163,47.0,6,4,0,2,34,No,Low,1,1
28,Male,Divorced,Mumbai,Developer,5.4,105368,Large,HR,48,3.0,Yes,6,28,Low,,5.2,4,Yes,Sometimes,Non-Travel,4,2,3,1,No,3,2,3,4,5,4,0,4,146,43.5,4,2,1,2,39,No,Medium,1,1
35,Other,Divorced,Kolkata,Analyst,14.4,50049,Small,Operations,43,1.1,Partial,7,4,High,Diabetes,5.5,3,No,Sometimes,Travel_Rarely,1,2,3,9,No,3,3,2,3,11,9,6,9,89,55.3,6,4,1,1,50,No,Medium,1,1
25,Female,Single,Delhi,Developer,2.5,118610,Medium,Engineering,48,2.1,Partial,18,49,Low,,5.7,5,Yes,Sometimes,Travel_Rarely,7,1,4,1,No,3,3,2,3,2,2,2,1,146,30.0,5,4,1,3,46,Yes,Low,1,1
48,Female,Single,Pune,CEO,22.7,556304,Large,HR,61,0.5,Partial,9,15,High,Diabetes,5.0,1,Yes,Often,Travel_Rarely,1,3,3,9,Yes,3,4,2,3,1,0,0,0,147,50.6,3,4,2,3,0,No,High,1,1
23,Other,Divorced,Bangalore,Developer,2.8,108034,Small,HR,43,2.7,Yes,5,22,Low,,5.0,5,Yes,Sometimes,Travel_Rarely,2,1,1,3,No,3,3,3,3,0,0,0,0,95,46.3,2,6,2,1,37,No,Low,1,1
37,Female,Married,Pune,Manager,9.3,200709,Medium,Marketing,51,0.8,Partial,16,28,Low,Migraine,5.0,4,No,Often,Non-Travel,9,3,2,1,No,3,4,6,3,9,5,7,7,51,40.1,3,6,3,0,30,No,Medium,1,1
34,Male,Single,Kolkata,Manager,4.1,282077,Medium,Marketing,52,0.7,Partial,11,39,Low,,5.0,5,Yes,Often,Travel_Rarely,3,1,4,0,No,3,3,1,1,3,2,0,2,160,55.1,2,10,0,2,56,No,Medium,1,1
30,Other,Divorced,Mumbai,Manager,4.6,277098,Large,Marketing,55,2.8,Yes,18,39,Medium,,5.0,5,No,Often,Travel_Rarely,18,1,3,1,No,3,3,4,2,5,4,0,4,167,50.5,8,7,1,1,11,No,Low,1,1
54,Other,Divorced,Hyderabad,CEO,5.0,594163,Large,Operations,62,1.4,No,14,46,Low,,5.0,4,Yes,Often,Travel_Rarely,13,2,1,1,No,3,3,3,3,4,2,1,3,127,32.0,7,4,2,5,35,Yes,High,1,1
22,Female,Divorced,Bangalore,Developer,1.6,82758,Large,HR,48,1.9,Partial,17,42,Medium,Migraine,5.0,5,Yes,Sometimes,Travel_Rarely,19,1,4,1,No,4,1,6,3,2,2,2,2,38,43.5,4,7,1,4,52,No,Medium,1,1
39,Female,Divorced,Pune,Manager,6.8,258588,Large,Marketing,58,0.7,No,6,34,Medium,,5.0,4,Yes,Often,Travel_Rarely,1,1,3,7,No,3,3,1,3,3,2,1,2,81,30.0,3,5,1,3,50,Yes,Medium,1,1
43,Female,Married,Kolkata,Manager,15.5,233072,Small,Operations,57,1.0,No,15,31,High,Back Pain,5.0,2,No,Often,Travel_Rarely,23,4,4,2,No,3,2,2,3,1,0,0,0,103,52.9,3,4,2,6,32,Yes,Medium,1,1
22,Female,Divorced,Delhi,Intern,0.9,18444,Small,Engineering,34,2.3,Yes,12,38,Medium,Migraine,6.7,3,No,Rarely,Non-Travel,16,1,4,1,Yes,3,2,2,2,1,0,0,0,128,52.8,6,5,1,5,59,No,High,1,1
38,Other,Single,Hyderabad,Manager,6.0,278120,Small,Engineering,58,1.0,No,7,27,Medium,,5.0,4,Yes,Often,Travel_Rarely,2,1,4,5,Yes,3,3,3,3,3,2,1,2,10,42.1,5,11,2,3,20,No,Low,1,1
24,Female,Single,Mumbai,Developer,2.6,87832,Small,Engineering,47,3.0,Partial,17,44,Medium,Migraine,5.2,5,Yes,Sometimes,Travel_Frequently,24,1,4,0,No,3,3,3,3,2,2,2,1,177,55.4,1,4,1,6,50,Yes,Medium,1,1
27,Female,Divorced,Delhi,Analyst,5.1,49866,Large,Marketing,45,2.8,Yes,12,14,Low,Migraine,5.7,4,No,Sometimes,Travel_Rarely,2,2,3,1,Yes,3,1,3,3,5,4,0,4,150,37.2,8,5,2,4,53,No,High,1,1
43,Other,Married,Hyderabad,CEO,2.9,529082,Medium,HR,66,0.8,Partial,13,15,Medium,Diabetes,5.0,5,Yes,Often,Travel_Rarely,8,2,2,4,No,4,3,2,4,1,0,0,0,158,40.3,9,4,1,1,8,No,Low,1,1
33,Male,Divorced,Bangalore,Manager,6.0,237876,Large,Engineering,51,3.0,Yes,12,13,Medium,Migraine,5.0,4,No,Often,Travel_Rarely,8,2,3,0,No,3,4,3,3,5,0,1,2,41,54.2,4,8,0,5,61,No,Low,1,1
39,Other,Married,Mumbai,Manager,13.8,283208,Large,Marketing,55,2.8,Partial,11,39,High,Back Pain,5.0,3,No,Often,Travel_Rarely,2,2,4,8,No,3,3,2,3,5,4,0,4,98,43.1,7,5,1,8,2,No,High,1,1
26,Female,Divorced,Pune,Analyst,4.7,46704,Small,Engineering,44,1.4,Partial,7,9,Low,Migraine,6.2,5,Yes,Sometimes,Travel_Rarely,23,2,4,7,Yes,3,3,2,2,2,2,0,0,6,49.4,3,6,1,2,42,Yes,High,1,1
45,Other,Single,Delhi,Manager,11.6,259039,Small,Operations,57,2.1,Yes,5,19,High,Diabetes,5.0,3,Yes,Often,Travel_Rarely,8,2,4,9,No,3,1,3,3,10,9,9,8,143,44.4,7,5,1,2,26,No,Medium,1,1
53,Other,Divorced,Delhi,CEO,10.6,596270,Medium,Marketing,66,1.9,Yes,9,27,High,Hypertension,5.0,3,Yes,Often,Travel_Rarely,24,3,4,3,No,3,3,2,3,4,3,1,2,89,45.9,5,4,4,4,55,No,Medium,1,1
22,Male,Divorced,Bangalore,Developer,0.6,80844,Small,Engineering,50,2.0,Yes,17,29,Medium,Migraine,5.0,5,No,Sometimes,Non-Travel,16,1,4,1,Yes,3,2,2,2,1,0,0,0,111,46.3,6,2,0,4,42,No,Medium,1,1
28,Female,Married,Kolkata,Analyst,3.7,46669,Small,Marketing,43,1.1,Partial,7,2,Low,Migraine,6.5,5,No,Sometimes,Travel_Rarely,5,2,4,1,No,3,2,3,3,4,2,0,2,59,42.9,8,5,2,1,71,No,Low,1,1
26,Male,Married,Pune,Designer,2.2,45122,Medium,Engineering,40,0.8,Partial,8,31,Low,Migraine,6.2,5,No,Rarely,Travel_Rarely,23,1,4,1,No,4,2,3,1,3,2,0,2,112,53.0,2,2,0,0,58,Yes,Medium,1,1
30,Female,Married,Delhi,Designer,1.6,49054,Large,Operations,47,2.3,Yes,7,11,Low,,5.0,5,No,Rarely,Travel_Rarely,24,1,3,1,No,4,2,2,3,1,0,0,0,1,43.7,4,4,3,3,38,Yes,Medium,1,1
31,Male,Single,Bangalore,Designer,9.9,47734,Large,Engineering,40,2.6,Partial,8,14,Medium,Migraine,5.0,4,Yes,Rarely,Travel_Rarely,7,2,4,3,No,4,4,3,2,7,7,1,7,128,50.2,9,9,1,2,59,Yes,Low,1,1
30,Other,Single,Pune,Manager,9.0,210944,Small,Marketing,60,0.7,No,14,28,Medium,,5.0,4,No,Often,Travel_Frequently,26,2,1,5,No,3,3,5,2,6,3,0,1,47,42.7,4,4,1,6,33,No,Medium,1,1
22,Female,Married,Pune,Developer,0.8,119883,Medium,Engineering,48,0.5,Partial,20,40,Medium,,6.2,5,No,Sometimes,Non-Travel,16,1,4,1,Yes,3,2,2,2,1,0,0,0,139,34.7,4,7,2,2,13,No,Medium,1,1
23,Male,Married,Pune,Intern,0.9,16938,Small,Marketing,32,1.2,Partial,20,21,Low,Migraine,7.2,4,Yes,Rarely,Travel_Rarely,6,1,1,1,Yes,4,3,2,3,0,0,0,0,36,59.1,3,6,1,2,26,No,Medium,1,1
27,Male,Single,Kolkata,Designer,4.1,47737,Large,Engineering,49,1.4,No,7,30,Low,Migraine,6.5,5,Yes,Rarely,Travel_Rarely,5,1,2,1,Yes,3,2,2,2,4,3,1,2,159,55.0,4,8,0,3,33,Yes,Medium,1,1
37,Male,Divorced,Hyderabad,Manager,4.6,242196,Small,HR,56,0.7,Partial,14,42,Low,,5.0,5,Yes,Often,Travel_Rarely,9,2,2,1,No,3,1,2,3,5,2,0,3,8,72.9,4,4,0,4,0,No,High,1,1
25,Female,Single,Bangalore,Developer,3.7,112674,Small,Operations,46,2.1,Partial,19,43,Medium,Migraine,5.0,5,Yes,Sometimes,Travel_Rarely,8,2,2,0,No,4,3,4,3,3,2,1,2,98,39.6,6,4,3,4,63,No,Medium,1,1
29,Female,Married,Bangalore,Developer,5.4,103401,Small,HR,47,2.6,Yes,8,39,Low,Migraine,5.0,4,Yes,Sometimes,Travel_Rarely,1,1,3,6,Yes,3,3,3,3,3,2,0,2,146,47.9,7,10,1,1,33,Yes,Medium,1,1
39,Female,Single,Mumbai,Manager,11.1,219517,Medium,Operations,54,2.4,Yes,14,21,High,Arthritis,5.0,3,Yes,Often,Non-Travel,2,1,1,2,Yes,4,2,2,4,1,0,0,0,47,48.7,3,4,3,2,54,No,Medium,1,1
49,Female,Married,Delhi,CEO,18.8,599951,Large,HR,70,2.6,Partial,7,47,High,Arthritis,5.0,2,Yes,Often,Travel_Rarely,6,2,3,2,No,3,4,0,3,2,2,2,2,130,59.9,6,6,1,8,38,Yes,Low,1,1
40,Other,Divorced,Bangalore,CEO,1.2,538225,Small,Marketing,62,1.7,Partial,12,29,Low,Diabetes,5.0,5,Yes,Often,Travel_Frequently,9,1,2,8,Yes,3,4,2,3,1,1,0,0,147,44.9,8,6,0,3,4,Yes,Medium,1,1
23,Male,Divorced,Delhi,Intern,0.8,18009,Small,Marketing,27,2.6,Yes,15,31,Low,,6.7,4,No,Rarely,Travel_Rarely,6,1,1,1,Yes,4,3,2,3,0,0,0,0,151,38.3,7,11,0,3,37,Yes,Medium,1,1
27,Other,Single,Delhi,Analyst,6.2,54813,Medium,Engineering,41,2.1,Yes,13,2,Low,Migraine,5.7,4,No,Sometimes,Travel_Rarely,2,1,2,9,No,3,4,3,3,2,2,2,2,53,62.1,3,6,1,3,33,No,Medium,1,1
33,Male,Married,Hyderabad,Manager,10.5,293868,Large,Engineering,59,1.4,No,13,24,High,Back Pain,5.0,3,Yes,Often,Travel_Frequently,1,2,1,2,No,3,1,3,3,5,3,1,3,119,46.8,4,9,2,2,21,Yes,High,1,1
21,Male,Single,Mumbai,Intern,1.0,16338,Medium,HR,30,2.3,Partial,13,42,Low,Migraine,6.2,5,Yes,Rarely,Travel_Rarely,12,1,2,1,No,3,4,0,3,1,0,0,0,160,58.8,6,11,1,2,27,No,Medium,1,1
24,Male,Single,Delhi,Intern,2.0,16537,Small,HR,34,2.4,Partial,15,43,Medium,Migraine,6.7,3,Yes,Rarely,Travel_Rarely,21,1,1,0,No,3,2,3,3,1,1,0,0,151,57.6,8,3,1,2,36,No,Low,1,1
45,Male,Divorced,Hyderabad,CEO,13.0,528142,Small,HR,66,1.3,Partial,18,21,High,Hypertension,5.0,3,Yes,Often,Travel_Rarely,8,2,4,9,No,3,1,3,3,10,9,9,8,115,49.7,3,2,2,1,0,No,Medium,1,1
35,Other,Single,Kolkata,Manager,5.9,240917,Large,Operations,51,0.5,No,6,49,Low,,5.0,4,Yes,Often,Travel_Rarely,16,1,2,0,No,3,3,5,3,5,4,0,3,74,48.3,4,8,1,5,42,Yes,Medium,1,1
56,Female,Single,Bangalore,CEO,5.3,543287,Small,Marketing,70,2.0,Partial,12,10,Medium,,5.0,4,No,Often,Travel_Rarely,1,1,1,2,No,4,4,3,4,3,2,1,0,112,46.1,3,3,1,6,47,No,Medium,1,1
33,Other,Divorced,Kolkata,Manager,9.1,265072,Large,Engineering,51,1.0,No,14,25,Medium,,5.0,4,Yes,Often,Travel_Frequently,10,2,4,3,No,3,3,6,2,7,7,0,1,163,49.8,8,3,0,3,45,No,High,1,1
43,Male,Divorced,Delhi,CEO,9.5,582430,Large,Operations,67,2.0,Yes,14,21,Medium,Diabetes,5.0,4,Yes,Often,Travel_Frequently,10,1,4,0,No,3,1,5,3,8,7,1,7,165,58.6,1,4,2,6,29,No,Medium,1,1
27,Other,Divorced,Bangalore,Analyst,6.7,54694,Small,Engineering,43,2.2,Partial,6,11,Low,,5.0,4,No,Sometimes,Travel_Rarely,9,1,2,1,No,3,4,2,2,7,7,0,3,103,42.0,3,4,1,2,74,No,Low,1,1
31,Other,Single,Pune,Designer,8.4,43920,Large,Operations,49,0.9,No,6,7,Medium,Migraine,5.2,4,No,Rarely,Travel_Rarely,11,1,4,3,Yes,3,2,2,3,6,4,0,2,83,51.1,7,5,1,3,45,Yes,Low,1,1
50,Other,Married,Mumbai,CEO,24.5,571433,Medium,HR,63,2.0,Partial,13,44,High,Diabetes,5.0,1,No,Often,Travel_Rarely,28,4,1,4,Yes,3,2,2,3,3,2,1,2,111,38.8,5,3,1,2,27,No,Medium,1,1
25,Other,Married,Bangalore,Analyst,1.5,51880,Medium,Engineering,42,2.2,Yes,13,43,Medium,Migraine,5.0,5,No,Sometimes,Travel_Rarely,7,1,4,1,No,3,3,2,3,2,2,2,1,98,40.1,9,7,1,3,10,No,Low,1,1
22,Other,Married,Kolkata,Intern,0.6,17055,Small,Operations,34,0.9,Partial,11,12,Medium,,7.5,4,Yes,Rarely,Non-Travel,16,1,4,1,Yes,3,2,2,2,1,0,0,0,152,49.7,5,4,0,5,8,No,Medium,1,1
29,Female,Divorced,Mumbai,Designer,7.3,54913,Small,Engineering,50,1.8,Partial,20,37,Medium,,5.2,4,Yes,Rarely,Travel_Rarely,1,1,3,0,No,3,4,1,2,6,2,1,5,92,30.4,4,5,0,3,43,Yes,Medium,1,1
30,Other,Married,Bangalore,Designer,1.4,48210,Large,Operations,48,2.4,Partial,14,21,Low,Migraine,5.0,5,Yes,Rarely,Travel_Rarely,24,1,3,1,No,4,2,2,3,1,0,0,0,145,70.6,5,7,1,3,49,Yes,Medium,1,1
29,Male,Divorced,Kolkata,Analyst,8.0,52334,Small,Operations,40,1.5,No,14,28,Low,,6.5,4,No,Sometimes,Travel_Rarely,19,2,4,4,No,3,2,2,4,3,2,1,2,127,38.1,7,4,3,3,37,Yes,Medium,1,1
44,Female,Single,Bangalore,Manager,14.6,226495,Small,HR,51,1.6,Partial,18,33,High,Back Pain,5.0,3,No,Often,Travel_Frequently,1,2,4,4,Yes,3,3,3,3,10,7,0,2,109,49.6,3,8,1,5,34,No,Medium,1,1
57,Female,Divorced,Delhi,CEO,9.8,515607,Medium,HR,66,1.6,Partial,20,6,Medium,Back Pain,5.0,4,Yes,Often,Travel_Rarely,9,1,2,4,Yes,4,2,3,2,1,0,0,0,81,61.7,6,3,2,4,28,Yes,Low,1,1
31,Other,Divorced,Bangalore,Analyst,4.2,48754,Medium,Engineering,40,2.6,Partial,15,22,Medium,Migraine,5.0,5,Yes,Sometimes,Travel_Rarely,20,2,3,3,Yes,3,3,2,3,2,2,2,2,53,41.4,7,4,0,3,45,Yes,Medium,1,1
27,Other,Married,Mumbai,Developer,5.1,99084,Large,HR,41,2.4,Partial,16,26,Medium,,5.2,4,Yes,Sometimes,Travel_Rarely,2,2,3,1,Yes,3,1,3,3,5,4,0,4,162,30.0,4,7,1,1,19,No,Medium,1,1
30,Other,Single,Hyderabad,Designer,1.1,47764,Large,Engineering,43,1.4,Partial,8,42,Low,,5.0,5,No,Rarely,Travel_Rarely,24,1,3,1,No,4,2,2,3,1,0,0,0,168,45.6,4,3,1,4,35,No,Medium,1,1
25,Male,Divorced,Kolkata,Designer,2.8,42599,Small,Marketing,49,1.2,Partial,7,28,Medium,Migraine,6.5,5,Yes,Rarely,Travel_Rarely,7,1,4,1,No,3,3,2,3,2,2,2,1,160,41.3,4,9,3,1,37,No,Low,1,1
41,Female,Single,Kolkata,CEO,19.9,578706,Medium,Engineering,64,1.3,Partial,5,45,High,Back Pain,5.0,2,Yes,Often,Travel_Rarely,6,1,1,2,Yes,3,3,3,3,18,13,2,17,67,30.0,3,5,1,7,47,No,Medium,1,1
41,Female,Divorced,Kolkata,CEO,14.8,515643,Medium,Operations,67,0.7,No,9,20,High,Arthritis,5.0,3,No,Often,Travel_Rarely,8,2,2,5,No,4,3,3,3,5,4,1,4,32,52.8,4,5,1,5,19,No,Medium,1,1
27,Male,Single,Kolkata,Developer,6.1,93272,Medium,Engineering,46,1.1,Partial,10,17,Medium,Migraine,6.5,4,Yes,Sometimes,Travel_Rarely,2,1,2,9,No,3,4,3,3,2,2,2,2,141,52.1,2,4,0,4,15,No,Low,1,1
26,Male,Divorced,Hyderabad,Designer,5.7,40396,Medium,HR,40,1.0,Partial,5,43,Low,,5.5,4,No,Rarely,Travel_Frequently,1,2,2,1,No,4,1,6,1,6,5,1,4,20,61.4,7,5,2,7,36,Yes,High,1,1
44,Other,Married,Hyderabad,CEO,1.5,521569,Medium,Marketing,68,1.2,Partial,11,17,Medium,Diabetes,5.0,5,Yes,Often,Travel_Rarely,2,1,3,1,No,3,4,3,3,1,0,0,0,47,38.8,6,6,1,4,39,No,Medium,1,1
30,Female,Divorced,Kolkata,Developer,4.3,113610,Large,HR,41,1.0,Partial,13,37,Medium,,5.5,5,No,Sometimes,Non-Travel,25,2,3,7,Yes,3,2,2,4,2,2,2,2,147,34.0,7,10,0,7,35,Yes,Medium,1,1
28,Female,Single,Kolkata,Analyst,4.5,47253,Large,Operations,42,1.0,No,20,34,Low,,6.5,5,Yes,Sometimes,Non-Travel,4,2,3,1,No,3,2,3,4,5,4,0,4,127,45.9,5,3,1,4,0,Yes,Medium,1,1
53,Male,Married,Hyderabad,CEO,15.5,506855,Large,Operations,60,0.9,Partial,12,24,High,Arthritis,5.0,2,Yes,Often,Travel_Rarely,24,3,1,6,Yes,3,2,2,2,2,2,2,2,135,49.1,4,3,0,3,42,Yes,High,1,1
33,Male,Single,Delhi,Designer,5.8,41407,Medium,Engineering,48,1.9,Partial,18,24,Medium,,5.0,4,Yes,Rarely,Travel_Rarely,8,2,3,0,No,3,4,3,3,5,0,1,2,134,59.2,5,2,2,1,86,No,Medium,1,1
27,Male,Married,Delhi,Developer,1.4,80783,Large,Marketing,40,3.0,Partial,9,21,Medium,,5.7,5,No,Sometimes,Travel_Rarely,2,1,1,1,No,3,4,6,3,1,0,0,0,144,64.1,4,7,0,3,53,No,Medium,1,1
43,Male,Single,Mumbai,Manager,8.7,211331,Medium,Operations,59,2.8,Partial,19,16,Medium,Back Pain,5.0,4,No,Often,Travel_Frequently,10,1,4,0,No,3,1,5,3,8,7,1,7,127,62.1,7,6,1,1,0,No,Medium,1,1
25,Male,Single,Pune,Intern,4.9,18962,Medium,Engineering,25,0.7,No,10,13,Low,Migraine,7.2,5,Yes,Rarely,Travel_Rarely,1,2,3,0,No,3,4,3,3,4,2,1,2,32,52.8,5,2,1,4,27,No,Low,1,1
26,Other,Single,Delhi,Designer,0.6,50839,Medium,Engineering,50,2.5,Yes,12,29,Low,Migraine,5.7,5,No,Rarely,Travel_Rarely,25,1,3,1,No,3,3,2,2,1,0,0,1,175,58.0,6,6,2,3,31,Yes,Low,1,1
52,Female,Married,Mumbai,CEO,6.0,507897,Small,Engineering,61,2.9,Partial,16,22,Medium,Back Pain,5.0,4,No,Often,Travel_Rarely,2,1,4,7,No,3,2,3,2,2,2,2,2,114,43.6,5,5,0,3,29,Yes,Low,1,1
27,Male,Married,Bangalore,Developer,3.1,91569,Medium,Marketing,49,2.0,Yes,18,15,Low,Migraine,5.0,5,Yes,Sometimes,Non-Travel,8,1,3,1,No,3,4,4,3,3,2,1,2,118,51.7,2,2,0,3,10,No,Low,1,1
60,Female,Divorced,Pune,CEO,1.2,593808,Medium,Engineering,60,0.7,Partial,16,24,Low,Back Pain,5.0,5,No,Often,Travel_Rarely,23,1,3,1,No,3,4,3,3,2,2,2,2,21,38.1,4,3,0,2,17,Yes,Medium,1,1
32,Other,Single,Bangalore,Designer,1.2,43684,Small,HR,41,2.8,Yes,17,17,Medium,,5.0,5,No,Rarely,Travel_Rarely,1,1,1,1,No,3,4,2,3,1,0,0,0,157,50.6,4,7,4,4,54,Yes,Low,1,1
31,Other,Single,Mumbai,Manager,3.7,269406,Medium,Engineering,58,2.5,Yes,17,13,Medium,,5.0,5,No,Often,Travel_Rarely,20,2,3,3,Yes,3,3,2,3,2,2,2,2,37,50.9,6,7,0,6,50,No,Medium,1,1
30,Female,Single,Pune,Manager,2.6,226842,Small,Engineering,56,0.9,Partial,12,32,Low,Migraine,5.0,5,Yes,Often,Travel_Frequently,4,1,4,9,Yes,4,3,4,3,1,0,0,0,108,67.2,11,4,0,1,33,No,Medium,1,1
25,Male,Single,Mumbai,Intern,3.5,18118,Large,Engineering,34,2.6,Yes,8,42,Medium,,6.2,3,No,Rarely,Travel_Rarely,8,2,2,0,No,4,3,4,3,3,2,1,2,50,47.7,6,6,1,6,54,Yes,Medium,1,1
25,Male,Divorced,Delhi,Analyst,1.4,54157,Small,HR,44,2.0,Yes,8,20,Medium,,5.7,5,No,Sometimes,Travel_Rarely,19,1,2,1,Yes,3,3,2,3,1,0,0,0,7,50.9,8,7,3,7,22,No,Low,1,1
46,Female,Divorced,Bangalore,CEO,6.5,597364,Medium,Marketing,65,2.5,Yes,14,50,Medium,Diabetes,5.0,4,No,Often,Non-Travel,7,2,3,2,No,3,3,2,4,1,0,0,0,26,52.4,5,2,0,2,28,No,Medium,1,1
25,Male,Divorced,Delhi,Developer,4.3,119698,Small,Engineering,50,2.3,Partial,10,49,Medium,Migraine,5.7,5,No,Sometimes,Travel_Rarely,8,2,2,0,No,4,3,4,3,3,2,1,2,26,45.5,3,7,2,3,28,Yes,Low,1,1
25,Female,Divorced,Kolkata,Intern,2.0,15245,Large,Operations,35,0.6,Partial,7,2,Medium,Migraine,7.5,5,No,Rarely,Travel_Rarely,7,1,4,1,No,3,3,2,3,2,2,2,1,20,42.0,5,6,2,1,4,No,Medium,1,1
38,Other,Single,Hyderabad,Manager,10.6,238500,Small,HR,51,1.0,No,20,6,High,Back Pain,5.0,3,Yes,Often,Travel_Rarely,2,2,1,3,No,3,4,3,3,7,7,1,7,29,63.0,1,9,0,2,30,Yes,Medium,1,1
26,Other,Single,Delhi,Analyst,5.5,47365,Large,HR,44,1.7,Yes,16,19,Medium,,5.7,4,Yes,Sometimes,Travel_Rarely,23,2,4,7,Yes,3,3,2,2,2,2,0,0,96,40.2,8,8,2,2,68,Yes,Medium,1,1
28,Other,Married,Bangalore,Developer,6.7,97536,Medium,Engineering,47,1.7,Partial,8,43,Low,Migraine,5.0,4,No,Sometimes,Travel_Rarely,9,2,4,1,No,3,4,1,3,7,5,0,7,27,36.7,6,6,3,3,66,Yes,Medium,1,1
59,Other,Married,Mumbai,CEO,9.7,527914,Large,Operations,67,1.5,Yes,5,27,Medium,Back Pain,5.0,4,No,Often,Travel_Rarely,16,2,1,8,No,3,4,1,3,2,2,2,2,110,56.8,4,4,1,3,37,No,Medium,1,1
52,Male,Divorced,Kolkata,CEO,20.5,597254,Large,Operations,63,1.0,No,5,20,High,Hypertension,5.0,1,No,Often,Travel_Rarely,3,4,2,3,No,3,3,6,3,7,7,1,0,60,61.6,7,2,2,4,31,No,High,1,1
59,Other,Divorced,Mumbai,CEO,19.4,549874,Small,Operations,60,2.2,Partial,18,22,High,Back Pain,5.0,2,No,Often,Travel_Frequently,1,2,3,7,No,3,4,2,2,4,3,1,3,47,45.5,1,7,2,0,70,No,Low,1,1
29,Female,Single,Hyderabad,Analyst,0.7,45888,Medium,Marketing,40,0.7,No,10,29,Low,,5.5,5,Yes,Sometimes,Travel_Rarely,10,1,3,1,No,3,3,6,3,1,0,0,0,146,45.6,7,4,1,2,30,Yes,High,1,1
51,Other,Divorced,Mumbai,CEO,22.6,518118,Medium,Operations,60,2.7,Yes,10,22,High,Diabetes,5.0,1,No,Often,Travel_Frequently,1,3,1,3,No,4,3,1,2,13,12,12,8,3,52.8,3,2,0,3,25,Yes,Medium,1,1
29,Other,Divorced,Kolkata,Designer,3.3,40725,Large,HR,45,1.4,No,11,5,Low,,6.5,5,Yes,Rarely,Travel_Frequently,20,1,4,1,No,3,2,5,3,3,1,0,2,34,42.9,9,6,0,4,54,No,Medium,1,1
22,Other,Divorced,Mumbai,Intern,1.6,17066,Large,HR,34,2.0,Yes,20,31,Low,,6.2,3,Yes,Rarely,Travel_Rarely,19,1,4,1,No,4,1,6,3,2,2,2,2,48,42.2,4,3,3,1,1,No,Medium,1,1
23,Other,Single,Delhi,Intern,1.8,15916,Large,Engineering,25,2.6,Partial,19,40,Low,Migraine,6.7,4,No,Rarely,Travel_Rarely,10,1,3,1,No,3,4,3,3,2,2,0,2,16,58.8,2,7,1,1,33,No,Medium,1,1
23,Other,Divorced,Kolkata,Developer,2.1,117004,Small,HR,44,1.5,No,15,6,Medium,Migraine,6.5,5,Yes,Sometimes,Travel_Rarely,10,1,3,1,No,3,4,3,3,2,2,0,2,171,56.1,4,3,1,3,34,Yes,High,1,1
22,Other,Single,Pune,Developer,1.6,99222,Large,Marketing,40,0.6,No,16,40,Medium,,6.2,5,No,Sometimes,Travel_Rarely,19,1,4,1,No,4,1,6,3,2,2,2,2,157,63.1,6,5,0,3,45,No,Low,1,1
24,Female,Divorced,Kolkata,Developer,1.6,103282,Medium,Engineering,40,0.6,No,17,45,Medium,Migraine,6.5,5,No,Sometimes,Travel_Rarely,21,1,1,0,No,3,2,3,3,1,1,0,0,45,37.5,2,3,1,3,23,No,Medium,1,1
39,Other,Single,Pune,Manager,12.0,268809,Large,HR,56,1.0,No,13,33,High,Diabetes,5.0,3,No,Often,Travel_Rarely,3,2,3,4,Yes,3,1,3,2,1,0,0,0,116,45.0,1,4,2,4,32,Yes,Low,1,1
23,Other,Single,Pune,Developer,2.4,81607,Large,HR,50,0.9,Partial,12,22,Low,,6.2,5,No,Sometimes,Travel_Rarely,10,1,3,1,No,3,4,3,3,2,2,0,2,5,52.8,7,3,2,2,37,No,Low,1,1
30,Other,Single,Pune,Designer,4.2,47746,Small,HR,42,0.8,No,7,14,Low,,5.2,5,Yes,Rarely,Non-Travel,25,2,3,7,Yes,3,2,2,4,2,2,2,2,98,40.7,7,4,2,4,30,No,Medium,1,1
20,Other,Married,Hyderabad,Intern,0.1,18302,Small,Operations,26,0.9,Partial,5,18,Low,,6.5,4,Yes,Rarely,Travel_Frequently,6,1,4,1,Yes,3,2,5,3,1,0,1,0,123,56.4,6,2,1,5,31,Yes,Low,1,1
32,Other,Married,Mumbai,Analyst,10.4,57757,Medium,HR,40,2.5,Partial,15,24,High,Back Pain,5.0,3,No,Sometimes,Travel_Frequently,16,1,1,1,Yes,4,2,5,3,10,2,6,7,36,62.2,8,6,0,5,52,No,High,1,1
27,Male,Single,Pune,Designer,0.8,43289,Large,HR,49,1.0,Partial,11,28,Medium,Migraine,6.2,5,No,Rarely,Travel_Rarely,2,1,1,1,No,3,4,6,3,1,0,0,0,23,44.2,7,2,0,5,47,No,Medium,1,1
30,Female,Single,Delhi,Designer,6.1,41513,Large,Operations,40,2.1,Partial,5,17,Low,Migraine,5.0,4,Yes,Rarely,Travel_Rarely,2,1,4,0,No,3,4,3,3,5,3,1,2,92,50.4,5,6,0,1,45,Yes,Medium,1,1
22,Female,Single,Hyderabad,Developer,1.6,91519,Small,Operations,47,1.4,Partial,7,20,Low,,5.5,5,No,Sometimes,Travel_Rarely,19,1,4,1,No,4,1,6,3,2,2,2,2,45,64.6,6,5,0,1,2,Yes,Low,1,1
33,Other,Single,Kolkata,Analyst,7.8,58839,Medium,Engineering,41,0.5,Partial,11,43,Low,,5.5,4,Yes,Sometimes,Travel_Frequently,3,1,3,1,Yes,3,3,3,3,8,7,3,0,180,68.0,6,5,0,1,44,No,Low,1,1
25,Other,Single,Hyderabad,Designer,1.7,40841,Medium,HR,48,1.0,Partial,10,10,Low,Migraine,5.5,5,No,Rarely,Travel_Rarely,7,1,4,1,No,3,3,2,3,2,2,2,1,94,57.5,7,3,1,5,18,Yes,High,1,1
28,Female,Married,Hyderabad,Designer,1.3,50499,Large,Engineering,41,1.4,Partial,8,35,Low,,5.5,5,No,Rarely,Travel_Rarely,10,1,2,1,No,4,2,5,3,1,0,0,0,98,55.9,6,6,0,5,75,No,Medium,1,1
31,Female,Divorced,Mumbai,Analyst,1.2,50089,Medium,Engineering,42,2.0,Partial,19,17,Low,Migraine,5.0,5,No,Sometimes,Travel_Rarely,1,1,2,1,No,3,2,4,3,1,1,1,0,115,41.5,3,4,1,5,35,No,Low,1,1
42,Male,Single,Kolkata,Manager,8.1,290516,Medium,HR,50,1.2,No,17,40,Low,Back Pain,5.0,4,Yes,Often,Travel_Rarely,1,1,1,3,No,3,2,5,3,5,2,1,2,159,53.6,3,6,0,1,31,No,Low,1,1
44,Female,Divorced,Pune,CEO,2.9,519643,Large,Operations,68,1.1,No,17,46,Low,,5.0,5,Yes,Often,Travel_Rarely,8,2,2,4,No,4,3,2,4,1,0,0,0,160,55.6,1,3,1,2,65,No,Low,1,1
34,Male,Single,Delhi,Analyst,9.6,53387,Large,Marketing,43,3.0,Partial,14,3,Low,Migraine,5.0,4,No,Sometimes,Non-Travel,23,2,3,0,No,4,3,2,3,9,5,8,7,66,47.9,5,9,0,3,59,Yes,Low,1,1
22,Female,Married,Pune,Developer,0.8,111882,Large,Marketing,40,1.1,Partial,12,37,Low,,6.2,5,No,Sometimes,Non-Travel,16,1,4,1,Yes,3,2,2,2,1,0,0,0,127,44.1,3,8,1,3,30,No,Medium,1,1
47,Other,Married,Mumbai,CEO,14.1,596998,Medium,Engineering,66,2.1,Partial,6,44,High,Back Pain,5.0,3,Yes,Often,Non-Travel,1,3,2,0,No,3,1,3,1,13,8,5,12,17,37.2,9,7,2,3,11,Yes,Medium,1,1
33,Female,Married,Mumbai,Manager,10.2,200851,Small,Operations,52,2.8,Partial,11,41,High,Back Pain,5.0,3,Yes,Often,Travel_Frequently,1,2,1,2,No,3,1,3,3,5,3,1,3,24,32.6,8,10,1,3,0,Yes,Medium,1,1
31,Male,Divorced,Hyderabad,Analyst,10.6,56144,Medium,Operations,42,1.5,Partial,8,45,High,Diabetes,5.0,3,Yes,Sometimes,Travel_Rarely,8,2,4,1,No,4,4,2,3,11,7,1,8,53,30.5,4,5,1,1,14,No,High,1,1
33,Female,Married,Delhi,Manager,11.7,273933,Medium,Marketing,54,2.1,Partial,14,33,High,Diabetes,5.0,3,Yes,Often,Travel_Frequently,5,3,2,6,No,3,2,2,3,10,6,8,8,57,55.8,2,5,1,2,41,No,Low,1,1
25,Female,Divorced,Kolkata,Designer,0.8,47391,Small,HR,45,0.7,No,11,16,Medium,,6.5,5,No,Rarely,Travel_Rarely,19,1,2,1,Yes,3,3,2,3,1,0,0,0,66,51.5,3,6,3,1,32,No,Medium,1,1
22,Female,Married,Bangalore,Intern,0.9,15902,Small,Operations,33,2.9,Partial,13,34,Low,,6.0,3,No,Rarely,Non-Travel,16,1,4,1,Yes,3,2,2,2,1,0,0,0,103,45.2,2,10,0,3,16,No,Medium,1,1
29,Other,Married,Hyderabad,Analyst,5.4,54153,Small,Marketing,40,1.4,No,14,41,Low,Migraine,5.5,4,No,Sometimes,Travel_Rarely,1,1,3,6,Yes,3,3,3,3,3,2,0,2,173,46.7,4,3,2,6,27,No,Low,1,1
29,Female,Single,Pune,Analyst,8.5,53991,Small,Engineering,42,0.9,No,7,39,Medium,,6.2,4,Yes,Sometimes,Travel_Rarely,19,2,4,4,No,3,2,2,4,3,2,1,2,23,52.1,4,2,3,4,69,No,Medium,1,1
28,Male,Single,Mumbai,Analyst,1.9,56079,Small,Operations,42,1.8,Partial,16,29,Low,,5.2,5,Yes,Sometimes,Travel_Rarely,5,1,3,1,Yes,3,3,3,2,2,2,2,2,113,48.4,5,4,1,5,57,Yes,Medium,1,1
34,Other,Divorced,Delhi,Analyst,12.2,47073,Large,Engineering,44,1.9,Partial,17,6,High,Hypertension,5.0,3,No,Sometimes,Travel_Rarely,6,2,2,6,No,3,3,3,3,1,0,0,0,31,36.6,8,6,2,3,70,No,Medium,1,1
43,Female,Married,Hyderabad,CEO,5.7,594989,Small,Marketing,61,1.4,No,14,21,Low,Back Pain,5.0,4,No,Often,Travel_Rarely,2,1,3,1,No,3,4,3,2,5,3,1,4,174,59.1,6,5,2,1,21,Yes,Medium,1,1
34,Female,Single,Pune,Manager,4.6,235465,Medium,Marketing,57,0.7,Partial,16,15,Medium,Migraine,5.0,5,No,Often,Travel_Rarely,1,2,2,1,No,3,3,2,3,5,2,1,3,85,53.0,3,4,2,2,51,Yes,Medium,1,1
30,Other,Married,Bangalore,Developer,6.6,107564,Small,Marketing,43,2.1,Yes,17,15,Medium,,5.0,4,Yes,Sometimes,Travel_Rarely,1,1,3,3,No,4,3,2,3,2,2,0,2,150,52.7,5,5,1,5,49,Yes,Medium,1,1
20,Other,Divorced,Hyderabad,Intern,0.1,18286,Small,Engineering,26,0.9,No,11,14,Medium,Migraine,6.5,4,Yes,Rarely,Travel_Frequently,6,1,4,1,Yes,3,2,5,3,1,0,1,0,126,58.4,6,2,2,7,64,Yes,Low,1,1
35,Other,Single,Delhi,Designer,9.3,44912,Large,HR,44,1.6,Yes,19,29,Low,,5.0,4,Yes,Rarely,Travel_Frequently,18,3,1,1,No,4,4,3,2,9,8,1,8,154,41.9,3,3,1,5,35,No,Low,1,1
26,Female,Divorced,Delhi,Designer,1.1,49802,Medium,Engineering,50,2.1,Yes,18,6,Medium,Migraine,5.7,5,No,Rarely,Travel_Rarely,25,1,3,1,No,3,3,2,2,1,0,0,1,129,62.1,8,3,0,3,19,No,Medium,1,1
40,Other,Married,Hyderabad,Manager,12.9,228146,Small,Operations,52,1.2,No,20,50,High,Hypertension,5.0,3,No,Often,Travel_Rarely,1,2,4,4,No,3,4,3,3,5,3,0,3,16,48.6,8,6,1,4,17,No,Low,1,1
30,Other,Single,Hyderabad,Developer,3.0,113876,Medium,Operations,41,1.2,No,18,2,Medium,Migraine,5.0,5,Yes,Sometimes,Travel_Frequently,4,1,4,9,Yes,4,3,4,3,1,0,0,0,103,58.9,5,4,0,2,35,No,High,1,1
21,Female,Divorced,Hyderabad,Intern,0.6,17588,Small,Operations,29,0.9,No,20,46,Low,,6.5,4,Yes,Rarely,Travel_Rarely,12,1,2,1,No,3,4,0,3,1,0,0,0,160,57.3,4,11,0,3,37,No,High,1,1
34,Male,Divorced,Pune,Designer,3.2,44515,Medium,Operations,41,0.8,Partial,12,11,Low,,5.2,5,Yes,Rarely,Travel_Rarely,19,1,4,0,No,3,3,2,3,2,2,1,2,136,39.6,2,5,1,4,40,No,Low,1,1
31,Other,Married,Hyderabad,Analyst,1.6,55779,Large,HR,40,0.9,Partial,7,23,Low,,5.0,5,No,Sometimes,Travel_Frequently,5,1,2,1,No,3,3,5,2,2,2,2,2,42,55.0,6,5,3,1,7,No,High,1,1
32,Female,Divorced,Pune,Designer,0.7,44902,Small,Engineering,49,0.7,No,8,18,Medium,,5.2,5,No,Rarely,Travel_Rarely,1,1,1,1,No,3,4,2,3,1,0,0,0,175,53.3,5,5,1,4,61,Yes,Medium,1,1
27,Male,Divorced,Delhi,Designer,2.5,47465,Large,Operations,48,2.8,Partial,9,23,Low,Migraine,5.7,5,Yes,Rarely,Non-Travel,8,1,3,1,No,3,4,4,3,3,2,1,2,38,50.3,6,5,2,4,8,Yes,Low,1,1
28,Female,Married,Bangalore,Analyst,5.9,58833,Small,HR,43,1.6,Partial,18,3,Low,Migraine,5.0,4,No,Sometimes,Travel_Rarely,24,1,3,5,Yes,3,2,4,3,4,2,0,3,169,49.1,7,5,0,1,61,No,Medium,1,1
60,Other,Single,Pune,CEO,10.2,511123,Small,Engineering,68,0.9,No,19,7,High,Back Pain,5.0,3,No,Often,Travel_Rarely,16,2,1,8,No,3,4,1,3,2,2,2,2,25,49.1,3,5,0,0,29,No,Medium,1,1
27,Female,Divorced,Pune,Designer,2.5,47583,Small,Operations,46,1.2,No,16,17,Low,,6.2,5,No,Rarely,Non-Travel,8,1,3,1,No,3,4,4,3,3,2,1,2,98,58.1,9,7,0,2,72,Yes,Low,1,1
42,Other,Single,Mumbai,CEO,3.8,527164,Large,Operations,60,2.2,Yes,14,7,Low,Hypertension,5.0,5,Yes,Often,Travel_Rarely,2,1,3,0,Yes,3,3,5,3,3,2,1,0,49,55.8,2,2,2,3,0,No,Low,1,1
22,Male,Married,Mumbai,Intern,2.0,19448,Small,Marketing,26,1.9,Yes,16,28,Low,Migraine,6.2,4,No,Rarely,Travel_Rarely,19,1,4,1,No,4,1,6,3,2,2,2,2,152,50.3,0,6,3,4,59,No,Low,1,1
28,Female,Married,Mumbai,Developer,3.9,117782,Medium,HR,48,1.7,Yes,14,16,Medium,,5.2,5,No,Sometimes,Travel_Rarely,5,2,4,1,No,3,2,3,3,4,2,0,2,151,35.1,6,3,1,3,14,Yes,Low,1,1
39,Male,Divorced,Mumbai,Manager,14.8,235096,Large,Engineering,55,2.8,Yes,17,48,High,Diabetes,5.0,3,No,Often,Travel_Rarely,4,3,4,7,No,3,1,2,2,12,11,2,11,12,54.9,4,7,1,3,13,No,Low,1,1
28,Female,Married,Delhi,Analyst,0.8,55264,Small,HR,45,2.9,Yes,15,3,Low,Migraine,5.7,5,Yes,Sometimes,Travel_Rarely,10,1,2,1,No,4,2,5,3,1,0,0,0,59,57.2,6,7,1,2,68,No,Medium,1,1
30,Male,Single,Hyderabad,Manager,9.9,215513,Small,Marketing,51,0.8,No,8,28,Medium,,5.0,4,Yes,Often,Travel_Rarely,9,1,3,1,No,3,1,5,3,10,0,1,8,134,73.0,4,3,2,3,50,Yes,Low,1,1
20,Male,Single,Bangalore,Intern,0.5,18009,Small,HR,27,2.4,Partial,18,41,Low,Migraine,6.0,3,Yes,Rarely,Travel_Frequently,6,1,4,1,Yes,3,2,5,3,1,0,1,0,56,60.8,5,6,1,4,5,No,Low,1,1
35,Other,Divorced,Delhi,Analyst,7.9,53036,Small,Engineering,41,2.0,Yes,15,29,Low,Migraine,5.0,4,Yes,Sometimes,Travel_Rarely,23,2,3,3,Yes,3,1,1,3,1,0,0,1,35,31.0,2,5,0,6,39,No,Low,1,1
27,Male,Married,Kolkata,Designer,6.5,50835,Medium,HR,44,0.8,Partial,14,41,Low,,6.5,4,Yes,Rarely,Travel_Rarely,2,1,2,9,No,3,4,3,3,2,2,2,2,172,50.8,5,3,1,3,63,No,High,1,1
58,Male,Married,Hyderabad,CEO,15.9,556245,Large,Marketing,68,1.3,No,18,17,High,Hypertension,5.0,2,No,Often,Travel_Rarely,1,2,3,2,No,3,3,2,3,3,2,1,2,19,68.1,4,6,0,5,46,Yes,Medium,1,1
37,Other,Divorced,Kolkata,Manager,9.0,269713,Medium,HR,56,0.7,Partial,7,32,Medium,Migraine,5.0,4,No,Often,Non-Travel,9,3,2,1,No,3,4,6,3,9,5,7,7,64,56.2,3,5,2,3,36,No,Medium,1,1
24,Other,Married,Bangalore,Intern,3.5,19564,Large,Operations,35,1.8,Yes,11,38,Low,Migraine,6.0,4,Yes,Rarely,Travel_Rarely,3,2,3,0,No,4,1,2,2,3,2,0,2,7,53.3,5,5,1,3,58,Yes,Medium,1,1
28,Other,Single,Pune,Developer,5.2,100810,Small,HR,40,1.3,No,14,25,Medium,Migraine,6.2,4,Yes,Sometimes,Non-Travel,4,2,3,1,No,3,2,3,4,5,4,0,4,143,59.0,3,5,0,2,42,Yes,Medium,1,1
27,Other,Divorced,Pune,Analyst,2.3,55236,Large,Marketing,42,0.7,No,6,36,Low,Migraine,6.2,5,No,Sometimes,Non-Travel,8,1,3,1,No,3,4,4,3,3,2,1,2,141,43.8,3,5,1,3,2,No,Medium,1,1
41,Male,Single,Delhi,Manager,5.0,245481,Large,HR,57,2.7,Yes,11,4,Medium,Hypertension,5.0,4,No,Often,Non-Travel,5,1,1,6,No,3,1,2,1,1,0,0,0,114,54.8,4,5,1,2,37,No,Low,1,1
21,Female,Married,Pune,Intern,0.8,17754,Small,HR,33,1.1,No,6,22,Medium,,7.2,4,No,Rarely,Travel_Rarely,12,1,2,1,No,3,4,0,3,1,0,0,0,142,47.5,8,4,3,2,45,No,Low,1,1
25,Other,Married,Delhi,Intern,4.4,18188,Medium,Engineering,25,1.6,Partial,5,21,Medium,Migraine,6.7,4,Yes,Rarely,Travel_Rarely,8,2,2,0,No,4,3,4,3,3,2,1,2,91,49.8,5,4,2,5,39,No,Low,1,1
25,Other,Married,Kolkata,Designer,4.8,48382,Large,Engineering,49,1.0,Partial,10,2,Medium,Migraine,6.5,5,Yes,Rarely,Travel_Rarely,1,2,3,0,No,3,4,3,3,4,2,1,2,97,58.3,4,5,1,4,27,No,Medium,1,1
33,Male,Married,Pune,Designer,5.5,48929,Large,Marketing,48,1.4,No,11,50,Medium,Migraine,5.2,4,Yes,Rarely,Travel_Rarely,8,2,3,0,No,3,4,3,3,5,0,1,2,65,40.7,4,4,1,0,44,No,Low,1,1
32,Male,Divorced,Mumbai,Designer,2.2,51916,Large,HR,44,2.4,Partial,15,37,Medium,Migraine,5.0,5,No,Rarely,Travel_Frequently,13,1,2,1,No,4,3,2,3,2,2,2,2,31,62.9,4,5,0,2,39,Yes,Low,1,1
42,Male,Divorced,Pune,CEO,13.3,544921,Small,Engineering,63,1.4,Partial,20,15,High,Hypertension,5.0,3,No,Often,Travel_Rarely,2,2,4,3,No,4,2,6,3,1,0,0,0,85,45.8,4,3,1,4,0,No,Medium,1,1
34,Male,Divorced,Hyderabad,Manager,3.7,270099,Medium,Marketing,52,0.9,No,13,38,Medium,,5.0,5,No,Often,Travel_Rarely,3,1,4,0,No,3,3,1,1,3,2,0,2,50,52.6,7,7,1,5,8,No,Medium,1,1
28,Male,Divorced,Pune,Developer,3.4,101871,Medium,Marketing,41,0.6,Partial,11,3,Low,Migraine,6.2,5,Yes,Sometimes,Travel_Frequently,6,1,3,1,Yes,3,4,2,3,3,1,0,2,152,36.0,8,4,1,2,41,Yes,Medium,1,1
33,Female,Married,Kolkata,Manager,8.1,285633,Large,Operations,52,0.9,Partial,8,48,Low,Migraine,5.0,4,Yes,Often,Travel_Frequently,3,1,3,1,Yes,3,3,3,3,8,7,3,0,62,57.2,7,4,0,2,50,Yes,Medium,1,1
31,Female,Married,Mumbai,Analyst,5.9,55527,Large,HR,44,1.9,Partial,7,5,Medium,Migraine,5.0,4,Yes,Sometimes,Non-Travel,1,2,3,0,No,3,4,2,3,5,4,1,4,124,64.5,3,2,1,4,19,No,High,1,1
33,Female,Married,Hyderabad,Manager,6.1,242850,Medium,HR,60,0.6,Partial,8,44,Medium,Migraine,5.0,4,No,Often,Travel_Rarely,8,2,3,0,No,3,4,3,3,5,0,1,2,149,44.9,6,3,2,3,50,Yes,High,1,1
53,Female,Single,Kolkata,CEO,6.1,518249,Large,HR,67,1.4,Partial,5,3,Low,,5.0,4,Yes,Often,Travel_Rarely,13,2,1,1,No,3,3,3,3,4,2,1,3,57,38.9,6,5,1,4,45,Yes,Medium,1,1
59,Female,Married,Delhi,CEO,15.0,576895,Large,Engineering,60,1.6,Yes,19,22,High,Back Pain,5.0,2,Yes,Often,Travel_Rarely,1,3,4,3,Yes,3,3,1,1,6,4,0,4,57,52.8,4,4,0,2,31,No,High,1,1
41,Other,Single,Bangalore,CEO,18.4,545253,Small,HR,69,2.4,Partial,17,24,High,Hypertension,5.0,2,Yes,Often,Non-Travel,10,2,2,1,No,3,1,4,3,19,2,11,9,85,64.5,6,7,0,4,44,No,Low,1,1
29,Male,Single,Kolkata,Developer,7.2,103253,Small,Marketing,41,1.0,No,7,15,Medium,Migraine,6.5,4,Yes,Sometimes,Travel_Rarely,1,1,3,0,No,3,4,1,2,6,2,1,5,48,35.5,9,5,1,2,43,Yes,Medium,1,1
29,Male,Married,Mumbai,Designer,3.0,43468,Medium,Operations,49,2.3,Partial,14,37,Medium,,5.2,5,No,Rarely,Travel_Frequently,20,1,4,1,No,3,2,5,3,3,1,0,2,179,38.9,6,4,2,0,53,No,Low,1,1
28,Female,Married,Delhi,Analyst,6.8,50211,Medium,Operations,45,1.8,Yes,5,37,Medium,,5.7,4,Yes,Sometimes,Travel_Rarely,9,2,4,1,No,3,4,1,3,7,5,0,7,169,45.5,4,2,2,3,53,No,Medium,1,1
35,Male,Single,Hyderabad,Analyst,3.8,58707,Large,Operations,45,1.0,No,15,31,Medium,Migraine,5.0,5,Yes,Sometimes,Travel_Rarely,23,1,1,3,Yes,3,3,3,3,2,2,2,2,69,41.8,6,6,0,3,14,No,Medium,1,1
32,Male,Single,Delhi,Designer,7.6,46160,Medium,Marketing,44,1.7,Yes,12,9,Low,,5.0,4,No,Rarely,Travel_Frequently,2,1,4,0,No,3,3,2,2,7,7,3,6,14,41.8,7,5,1,5,20,No,Low,1,1
56,Male,Single,Pune,CEO,0.7,573461,Small,Engineering,64,1.0,Partial,17,17,Low,Back Pain,5.0,5,No,Often,Travel_Rarely,23,1,3,1,No,3,4,3,3,2,2,2,2,53,30.0,4,4,1,6,65,No,High,1,1
25,Male,Single,Kolkata,Intern,4.0,19407,Small,HR,34,1.2,No,19,24,Low,Migraine,7.5,5,No,Rarely,Travel_Rarely,8,2,2,0,No,4,3,4,3,3,2,1,2,100,55.9,3,4,0,2,53,No,Low,1,1
30,Male,Single,Mumbai,Designer,7.5,42935,Small,Marketing,49,2.0,Partial,12,2,Medium,Migraine,5.0,4,No,Rarely,Travel_Rarely,5,1,1,5,No,3,4,3,3,3,2,2,2,7,53.4,4,4,1,10,48,No,Medium,1,1
25,Male,Single,Mumbai,Developer,3.5,100567,Small,Marketing,50,2.4,Partial,7,9,Medium,,5.2,5,Yes,Sometimes,Travel_Rarely,8,2,2,0,No,4,3,4,3,3,2,1,2,52,33.0,5,5,1,3,51,Yes,Medium,1,1
48,Female,Single,Bangalore,CEO,0.9,520599,Large,Engineering,69,1.6,Yes,18,27,Medium,,5.0,5,Yes,Often,Travel_Rarely,1,1,4,1,No,3,2,0,2,1,0,0,0,59,64.6,3,6,2,1,58,Yes,Low,1,1
26,Other,Divorced,Mumbai,Developer,1.6,110492,Medium,Engineering,45,2.4,Yes,8,28,Medium,,5.2,5,Yes,Sometimes,Travel_Rarely,25,1,3,1,No,3,3,2,2,1,0,0,1,107,66.8,5,7,0,5,38,No,Medium,1,1
31,Male,Divorced,Kolkata,Designer,0.9,49117,Large,Marketing,41,1.2,Partial,18,18,Low,,5.5,5,Yes,Rarely,Travel_Rarely,1,1,2,1,No,3,2,4,3,1,1,1,0,4,42.5,3,7,1,3,27,No,Low,1,1
28,Other,Single,Hyderabad,Designer,2.1,40497,Small,HR,49,0.6,No,14,24,Medium,,5.5,5,Yes,Rarely,Travel_Rarely,5,1,3,1,Yes,3,3,3,2,2,2,2,2,102,61.7,5,4,1,2,46,Yes,High,1,1
55,Female,Single,Delhi,CEO,25.6,533007,Medium,Engineering,62,2.6,Yes,13,41,High,Arthritis,5.0,1,Yes,Often,Travel_Frequently,11,4,4,3,No,4,1,2,3,14,9,1,12,5,44.3,5,3,0,2,34,Yes,High,1,1
31,Other,Married,Bangalore,Designer,9.7,50951,Small,Engineering,47,2.6,Partial,17,20,Medium,Migraine,5.0,4,Yes,Rarely,Travel_Rarely,7,2,4,3,No,4,4,3,2,7,7,1,7,108,51.8,5,2,0,6,66,No,Medium,1,1
42,Female,Married,Kolkata,CEO,5.9,503319,Large,Operations,69,0.7,No,10,24,Medium,Hypertension,5.0,4,No,Often,Travel_Rarely,2,1,3,1,No,3,4,3,2,5,3,1,4,115,41.6,6,7,2,1,66,No,High,1,1
52,Female,Married,Pune,CEO,3.8,518113,Large,Marketing,61,0.7,No,14,10,Medium,Back Pain,5.0,5,Yes,Often,Non-Travel,19,1,4,0,No,3,1,3,3,4,3,1,2,93,72.1,6,6,2,2,53,Yes,Low,1,1
25,Female,Single,Bangalore,Developer,2.5,94020,Large,Operations,42,1.8,Partial,17,42,Low,,5.0,5,Yes,Sometimes,Travel_Rarely,7,1,4,1,No,3,3,2,3,2,2,2,1,46,47.0,6,4,0,5,9,No,Medium,1,1
38,Male,Married,Delhi,Manager,9.2,280057,Medium,Engineering,60,2.0,Yes,9,48,Medium,,5.0,4,No,Often,Travel_Rarely,29,2,4,3,No,3,1,3,1,7,7,1,7,98,51.3,5,7,0,2,13,Yes,Low,1,1
24,Female,Divorced,Bangalore,Intern,1.8,17122,Medium,Engineering,30,2.6,Partial,14,27,Medium,Migraine,6.0,5,Yes,Rarely,Travel_Rarely,21,1,1,0,No,3,2,3,3,1,1,0,0,54,43.1,7,5,3,4,9,No,Medium,1,1
27,Male,Single,Delhi,Designer,4.7,41190,Large,Operations,40,1.7,Partial,13,38,Medium,Migraine,5.7,5,Yes,Rarely,Travel_Rarely,2,2,3,1,Yes,3,1,3,3,5,4,0,4,167,68.6,3,4,2,3,39,No,Low,1,1
21,Male,Divorced,Mumbai,Intern,0.5,15413,Medium,Marketing,33,2.8,Partial,9,11,Low,,6.2,3,No,Rarely,Travel_Rarely,15,1,4,1,No,3,4,6,3,0,0,0,0,51,68.9,5,7,0,3,53,No,Medium,1,1
26,Male,Married,Pune,Developer,3.3,103991,Large,HR,47,0.8,No,17,20,Low,,6.2,5,Yes,Sometimes,Travel_Rarely,23,1,4,1,No,4,2,3,1,3,2,0,2,143,66.3,7,2,2,3,29,Yes,Medium,1,1
60,Male,Married,Kolkata,CEO,26.7,511983,Large,Engineering,70,0.7,Partial,5,6,High,Back Pain,5.0,1,Yes,Often,Travel_Rarely,25,3,1,7,No,3,4,3,2,21,16,7,9,12,59.6,2,4,2,1,22,No,Low,1,1
22,Other,Single,Hyderabad,Intern,0.8,18047,Large,Operations,28,0.9,No,14,28,Low,,6.5,4,No,Rarely,Non-Travel,16,1,4,1,Yes,3,2,2,2,1,0,0,0,113,43.8,8,4,2,1,37,Yes,Low,1,1
28,Male,Single,Kolkata,Analyst,7.5,54703,Small,Marketing,40,1.0,Partial,14,16,Medium,,6.5,4,Yes,Sometimes,Travel_Rarely,9,2,4,1,No,3,4,1,3,7,5,0,7,123,58.3,4,6,0,4,19,No,Low,1,1
28,Other,Single,Hyderabad,Analyst,6.6,58613,Medium,HR,42,0.7,Partial,8,21,Low,Migraine,5.5,4,No,Sometimes,Travel_Rarely,9,2,4,1,No,3,4,1,3,7,5,0,7,105,49.9,2,3,1,4,40,No,Medium,1,1
27,Other,Married,Kolkata,Designer,4.4,44502,Large,Marketing,45,1.4,No,5,23,Low,Migraine,6.5,5,Yes,Rarely,Travel_Rarely,5,1,2,1,Yes,3,2,2,2,4,3,1,2,157,63.1,5,7,2,2,30,No,Low,1,1
43,Female,Single,Kolkata,Manager,2.2,267901,Medium,HR,50,0.6,Partial,20,27,Medium,Hypertension,5.0,5,Yes,Often,Travel_Rarely,8,2,2,4,No,4,3,2,4,1,0,0,0,146,61.2,5,8,1,4,22,No,Low,1,1
41,Female,Divorced,Bangalore,Manager,11.9,238022,Medium,Marketing,52,2.2,Yes,9,48,High,Arthritis,5.0,3,No,Often,Travel_Rarely,9,3,3,3,Yes,3,3,2,3,9,7,0,7,144,43.5,4,5,0,2,37,No,Medium,1,1
32,Other,Single,Bangalore,Manager,11.5,228858,Medium,HR,51,2.8,Yes,15,36,High,Arthritis,5.0,3,Yes,Often,Travel_Rarely,6,2,3,1,No,3,1,0,3,11,8,5,7,119,59.5,6,4,2,2,53,Yes,Low,1,1
44,Male,Single,Delhi,CEO,17.8,558619,Small,Marketing,63,1.8,Yes,16,22,High,Back Pain,5.0,2,No,Often,Non-Travel,23,2,2,4,No,3,3,3,4,3,2,1,2,62,56.8,8,5,1,3,5,Yes,Medium,1,1
31,Other,Single,Hyderabad,Analyst,8.9,56031,Medium,Marketing,44,1.3,Partial,7,42,Medium,Migraine,5.0,4,Yes,Sometimes,Travel_Frequently,3,3,3,9,No,3,1,3,3,2,2,2,2,18,30.0,4,3,0,3,38,No,Medium,1,1
44,Other,Single,Kolkata,CEO,11.7,519126,Small,Operations,68,1.3,Partial,16,46,High,Hypertension,5.0,3,Yes,Often,Travel_Frequently,1,2,3,7,No,3,3,4,2,1,0,0,0,91,58.0,3,7,0,2,0,Yes,Medium,1,1
57,Female,Married,Delhi,CEO,13.1,518804,Medium,Engineering,62,1.9,Partial,13,48,High,Arthritis,5.0,3,Yes,Often,Travel_Rarely,1,2,3,0,No,4,1,2,2,12,9,2,8,57,45.7,6,2,1,2,30,Yes,Medium,1,1
41,Male,Divorced,Pune,CEO,13.0,516227,Small,Engineering,70,1.3,No,14,24,High,Back Pain,5.0,3,No,Often,Travel_Rarely,14,1,3,4,No,3,1,2,3,9,8,1,8,89,41.1,4,4,0,2,49,No,Low,1,1
22,Female,Divorced,Pune,Intern,1.2,18641,Large,Marketing,32,0.8,Partial,5,35,Low,Migraine,7.2,4,No,Rarely,Non-Travel,16,1,4,1,Yes,3,2,2,2,1,0,0,0,116,41.6,2,4,1,1,55,No,Low,1,1
58,Other,Married,Hyderabad,CEO,2.3,540918,Large,Marketing,68,1.5,Partial,11,44,Low,Diabetes,5.0,5,Yes,Often,Travel_Rarely,23,1,3,1,No,3,4,3,3,2,2,2,2,61,48.6,3,5,0,2,25,Yes,Medium,1,1
22,Male,Single,Pune,Developer,1.8,80123,Small,Marketing,48,1.1,No,14,47,Low,Migraine,6.2,5,No,Sometimes,Travel_Rarely,19,1,4,1,No,4,1,6,3,2,2,2,2,22,54.8,1,6,1,3,24,No,Low,1,1
60,Male,Divorced,Hyderabad,CEO,6.7,592715,Medium,Marketing,70,0.7,Partial,6,7,Low,Hypertension,5.0,4,No,Often,Travel_Rarely,3,1,4,3,No,3,1,6,3,1,0,0,0,126,36.3,9,3,1,1,30,No,High,1,1
28,Other,Divorced,Pune,Developer,4.8,117445,Small,HR,40,1.5,Partial,10,23,Medium,Migraine,6.2,5,Yes,Sometimes,Non-Travel,4,2,3,1,No,3,2,3,4,5,4,0,4,136,51.9,5,10,1,3,13,No,Medium,1,1
41,Other,Divorced,Delhi,Manager,12.3,236483,Large,Marketing,57,2.4,Partial,6,10,High,Back Pain,5.0,3,Yes,Often,Travel_Rarely,9,3,3,3,Yes,3,3,2,3,9,7,0,7,139,55.8,3,7,3,1,38,Yes,Medium,1,1
29,Male,Single,Mumbai,Developer,8.9,89192,Large,Engineering,47,1.5,Yes,16,42,Low,,5.2,4,No,Sometimes,Travel_Rarely,1,4,4,3,No,3,2,2,2,7,7,1,7,128,68.6,4,9,1,1,15,No,Low,1,1
26,Female,Divorced,Mumbai,Designer,2.6,49525,Medium,HR,43,1.5,Yes,8,14,Medium,Migraine,5.2,5,Yes,Rarely,Travel_Rarely,23,1,4,1,No,4,2,3,1,3,2,0,2,57,39.2,3,3,2,3,46,No,High,1,1
21,Female,Married,Delhi,Intern,0.5,17628,Medium,Engineering,30,2.1,Partial,18,19,Medium,,6.7,3,No,Rarely,Travel_Rarely,15,1,4,1,No,3,4,6,3,0,0,0,0,121,46.5,4,12,3,4,21,No,Medium,1,1
20,Male,Married,Kolkata,Intern,0.4,19395,Large,Marketing,28,0.5,No,11,49,Low,,7.5,3,Yes,Rarely,Travel_Frequently,6,1,4,1,Yes,3,2,5,3,1,0,1,0,0,52.6,6,10,0,7,29,No,Medium,1,1
42,Other,Divorced,Delhi,CEO,19.4,584375,Small,HR,61,2.0,Partial,8,33,High,Back Pain,5.0,2,No,Often,Travel_Frequently,29,2,3,2,No,3,2,3,3,5,4,0,2,33,61.5,4,5,0,2,45,No,Medium,1,1
44,Other,Divorced,Bangalore,Manager,0.5,207348,Small,HR,51,2.7,Partial,9,25,Medium,Back Pain,5.0,5,No,Often,Travel_Rarely,2,1,3,1,No,3,4,3,3,1,0,0,0,95,47.0,2,6,1,3,48,No,Medium,1,1
20,Male,Married,Pune,Intern,0.5,18329,Large,Marketing,28,0.6,No,6,8,Low,Migraine,7.2,3,No,Rarely,Travel_Frequently,6,1,4,1,Yes,3,2,5,3,1,0,1,0,125,62.0,6,6,1,2,47,Yes,Medium,1,1
24,Male,Divorced,Mumbai,Intern,1.7,18481,Medium,Engineering,31,2.4,Yes,19,27,Medium,Migraine,6.2,3,No,Rarely,Travel_Rarely,21,1,1,0,No,3,2,3,3,1,1,0,0,117,30.6,3,12,0,4,40,Yes,Medium,1,1
26,Other,Single,Kolkata,Developer,3.0,110608,Large,Engineering,44,0.5,Partial,5,18,Medium,Migraine,6.5,5,Yes,Sometimes,Travel_Rarely,23,1,4,1,No,4,2,3,1,3,2,0,2,47,37.5,6,5,2,1,13,No,Medium,1,1
35,Female,Divorced,Bangalore,Analyst,5.8,57283,Small,Engineering,42,2.8,Partial,12,50,Low,,5.0,4,Yes,Sometimes,Travel_Rarely,16,1,2,0,No,3,3,5,3,5,4,0,3,88,53.5,2,3,1,3,34,Yes,Low,1,1
25,Other,Divorced,Bangalore,Analyst,1.3,46553,Large,Marketing,43,2.6,Yes,12,23,Medium,,5.0,5,Yes,Sometimes,Travel_Rarely,19,1,2,1,Yes,3,3,2,3,1,0,0,0,116,35.9,8,7,0,6,32,Yes,Low,1,1
20,Other,Single,Bangalore,Intern,0.3,17825,Medium,Operations,29,2.6,Partial,12,23,Low,Migraine,6.0,4,Yes,Rarely,Travel_Frequently,6,1,4,1,Yes,3,2,5,3,1,0,1,0,128,38.3,3,5,3,1,27,No,Low,1,1
30,Male,Married,Bangalore,Developer,2.7,91605,Small,Marketing,41,2.9,Partial,18,16,Low,Migraine,5.0,5,Yes,Sometimes,Travel_Frequently,4,1,4,9,Yes,4,3,4,3,1,0,0,0,15,44.7,6,4,1,4,36,No,Low,1,1
45,Other,Single,Pune,CEO,17.0,546622,Large,Operations,65,1.1,No,20,32,High,Hypertension,5.0,2,Yes,Often,Travel_Rarely,6,3,1,4,Yes,3,2,3,4,0,0,0,0,68,57.7,4,3,0,3,18,Yes,Low,1,1
44,Other,Single,Pune,CEO,22.4,518114,Large,Engineering,63,1.1,No,10,18,High,Arthritis,5.0,1,No,Often,Travel_Rarely,28,4,4,3,Yes,3,3,2,3,12,11,11,11,21,31.0,5,3,0,3,34,No,High,1,1
21,Male,Divorced,Bangalore,Intern,0.6,16581,Small,Marketing,30,3.0,Yes,7,26,Medium,Migraine,6.0,5,Yes,Rarely,Travel_Rarely,12,1,2,1,No,3,4,0,3,1,0,0,0,92,51.7,6,2,1,2,29,No,Medium,1,1
22,Male,Single,Mumbai,Developer,1.8,82129,Large,Operations,46,1.7,Yes,17,44,Medium,Migraine,5.2,5,Yes,Sometimes,Travel_Rarely,19,1,4,1,No,4,1,6,3,2,2,2,2,75,60.3,1,4,0,3,26,No,High,1,1
53,Male,Married,Delhi,CEO,22.7,534907,Large,Marketing,66,1.8,Partial,20,45,High,Arthritis,5.0,1,Yes,Often,Travel_Rarely,2,4,3,6,No,3,3,3,4,17,13,15,2,153,48.1,5,3,1,4,13,No,Low,1,1
38,Female,Single,Kolkata,Manager,6.0,212548,Medium,Engineering,55,1.0,Partial,16,20,Medium,Migraine,5.0,4,Yes,Often,Travel_Rarely,2,1,4,5,Yes,3,3,3,3,3,2,1,2,143,46.3,7,3,0,1,12,No,Medium,1,1
22,Female,Single,Pune,Developer,1.9,99491,Small,Engineering,47,1.5,No,13,14,Medium,,6.2,5,Yes,Sometimes,Travel_Rarely,19,1,4,1,No,4,1,6,3,2,2,2,2,178,54.0,6,8,0,3,62,No,Medium,1,1
57,Female,Divorced,Delhi,CEO,5.2,579703,Small,HR,70,2.0,Partial,10,8,Medium,Hypertension,5.0,4,Yes,Often,Travel_Rarely,1,1,1,2,No,4,4,3,4,3,2,1,0,85,48.1,6,6,0,4,37,No,Medium,1,1
35,Other,Divorced,Delhi,Designer,4.7,51048,Medium,Operations,41,2.8,Yes,17,30,Low,,5.0,5,Yes,Rarely,Travel_Frequently,1,1,1,4,No,3,4,2,2,3,2,1,2,28,63.9,7,6,2,4,71,No,Medium,1,1
22,Other,Married,Kolkata,Intern,0.8,16424,Large,Marketing,34,0.8,Partial,5,4,Low,,7.5,5,No,Rarely,Non-Travel,16,1,4,1,Yes,3,2,2,2,1,0,0,0,68,38.9,4,7,0,3,72,No,Medium,1,1
22,Male,Married,Delhi,Intern,0.6,17777,Large,HR,30,2.1,Yes,7,7,Low,Migraine,6.7,3,Yes,Rarely,Non-Travel,16,1,4,1,Yes,3,2,2,2,1,0,0,0,46,49.5,3,3,2,2,60,No,Medium,1,1
31,Male,Married,Bangalore,Manager,3.3,276421,Small,Operations,50,2.8,Partial,5,34,Medium,Migraine,5.0,5,Yes,Often,Travel_Rarely,2,1,4,0,Yes,3,2,2,1,2,2,2,2,93,52.1,8,8,1,4,9,No,Medium,1,1
48,Other,Divorced,Delhi,CEO,22.0,505520,Large,Operations,65,1.9,Yes,19,28,High,Hypertension,5.0,1,Yes,Often,Travel_Rarely,1,3,3,9,Yes,3,4,2,3,1,0,0,0,143,46.2,4,4,2,6,63,Yes,Medium,1,1
30,Male,Married,Mumbai,Developer,2.2,118473,Medium,HR,47,2.9,Partial,16,23,Medium,Migraine,5.0,5,Yes,Sometimes,Travel_Frequently,4,1,4,9,Yes,4,3,4,3,1,0,0,0,175,30.0,5,1,1,3,32,Yes,High,1,1
33,Male,Divorced,Delhi,Designer,12.5,50531,Large,Marketing,44,2.6,Yes,17,2,High,Diabetes,5.0,3,No,Rarely,Travel_Rarely,2,1,1,7,No,4,1,3,4,9,7,1,7,84,48.4,5,10,0,7,29,No,High,1,1
24,Female,Single,Hyderabad,Intern,1.6,17485,Medium,Operations,25,0.7,No,18,15,Low,,6.5,3,Yes,Rarely,Travel_Rarely,21,1,1,0,No,3,2,3,3,1,1,0,0,38,59.0,3,5,2,3,27,Yes,Medium,1,1
33,Other,Single,Hyderabad,Manager,10.4,228050,Small,HR,57,0.7,No,15,22,High,Hypertension,5.0,3,No,Often,Travel_Frequently,1,2,1,2,No,3,1,3,3,5,3,1,3,99,57.8,9,5,0,2,28,No,Low,1,1
41,Male,Married,Pune,Manager,12.1,272331,Small,HR,57,1.5,No,8,35,High,Hypertension,5.0,3,Yes,Often,Travel_Rarely,9,3,3,3,Yes,3,3,2,3,9,7,0,7,32,53.5,8,5,1,2,43,Yes,Low,1,1
28,Other,Divorced,Hyderabad,Designer,7.0,46705,Large,Engineering,47,1.1,No,9,28,Medium,,5.5,4,Yes,Rarely,Travel_Rarely,9,2,4,1,No,3,4,1,3,7,5,0,7,100,39.0,6,3,2,5,81,No,Low,1,1
35,Female,Single,Kolkata,Analyst,7.2,59278,Medium,Engineering,41,0.9,Partial,7,22,Medium,,5.5,4,Yes,Sometimes,Travel_Rarely,1,1,3,3,No,3,3,0,3,2,2,2,2,22,54.0,3,3,3,4,2,No,Low,1,1
38,Male,Single,Kolkata,Manager,11.1,226446,Medium,Marketing,60,1.3,Partial,8,43,High,Back Pain,5.0,3,Yes,Often,Travel_Rarely,2,2,1,3,No,3,4,3,3,7,7,1,7,9,44.3,5,5,1,1,74,No,Medium,1,1
44,Male,Married,Kolkata,Manager,11.9,297210,Large,HR,56,1.2,Partial,10,7,High,Back Pain,5.0,3,Yes,Often,Travel_Frequently,1,2,3,7,No,3,3,4,2,1,0,0,0,68,53.5,5,11,0,3,65,Yes,Low,1,1
29,Male,Married,Kolkata,Designer,1.7,51782,Medium,Marketing,45,1.1,No,7,11,Low,Migraine,6.5,5,No,Rarely,Travel_Rarely,10,1,2,1,No,3,4,2,3,2,2,2,2,99,51.2,5,6,0,1,31,No,Medium,1,1
48,Male,Married,Delhi,CEO,15.6,584308,Medium,Marketing,66,2.6,Yes,15,28,High,Arthritis,5.0,2,No,Often,Travel_Rarely,29,3,3,3,No,4,2,3,1,0,0,0,0,33,40.2,3,2,1,5,25,Yes,Low,1,1
59,Female,Single,Hyderabad,CEO,12.0,599547,Medium,Marketing,65,0.8,Partial,13,30,High,Arthritis,5.0,3,Yes,Often,Travel_Rarely,3,1,1,4,Yes,4,1,3,2,1,0,0,0,179,41.1,7,5,2,4,8,No,Medium,1,1
34,Male,Married,Delhi,Manager,10.1,244712,Large,Marketing,55,2.7,Partial,13,10,High,Diabetes,5.0,3,No,Often,Non-Travel,23,2,3,0,No,4,3,2,3,9,5,8,7,137,53.6,3,4,3,0,17,No,Low,1,1
26,Male,Single,Mumbai,Analyst,2.3,48659,Small,HR,45,1.9,Partial,18,25,Medium,Migraine,5.2,5,No,Sometimes,Travel_Rarely,23,1,4,1,No,4,2,3,1,3,2,0,2,146,47.8,0,8,2,2,23,No,High,1,1
22,Female,Single,Bangalore,Developer,1.4,87722,Medium,Operations,43,1.9,Yes,18,50,Low,Migraine,5.0,5,Yes,Sometimes,Non-Travel,16,1,4,1,Yes,3,2,2,2,1,0,0,0,95,41.6,6,5,0,2,33,Yes,Medium,1,1
28,Male,Single,Bangalore,Developer,5.1,80724,Small,Marketing,45,2.6,Yes,11,42,Medium,Migraine,5.0,4,Yes,Sometimes,Non-Travel,4,2,3,1,No,3,2,3,4,5,4,0,4,0,40.8,6,4,2,3,34,No,Medium,1,1
35,Male,Single,Bangalore,Designer,13.2,46231,Medium,HR,44,2.6,Yes,11,33,High,Back Pain,5.0,3,Yes,Rarely,Travel_Frequently,12,2,4,3,Yes,4,1,2,4,11,9,6,7,68,47.0,4,4,0,6,50,No,High,1,1
35,Male,Single,Mumbai,Analyst,6.8,46476,Medium,Engineering,42,1.8,Yes,8,27,Medium,,5.0,4,Yes,Sometimes,Travel_Rarely,1,1,3,3,No,3,3,0,3,2,2,2,2,3,65.7,5,4,1,3,48,Yes,Low,1,1
41,Male,Single,Pune,CEO,11.9,542755,Large,Operations,67,1.0,Partial,12,2,High,Diabetes,5.0,3,Yes,Often,Travel_Rarely,9,3,3,3,Yes,3,3,2,3,9,7,0,7,15,44.7,9,3,1,3,40,No,High,1,1
37,Other,Single,Bangalore,Manager,6.4,252359,Small,Operations,54,2.0,Partial,20,31,Medium,,5.0,4,Yes,Often,Travel_Rarely,10,1,1,0,Yes,3,2,3,2,5,3,4,3,23,49.9,5,2,1,3,34,No,Medium,1,1
24,Female,Married,Mumbai,Developer,2.1,112869,Small,Engineering,42,3.0,Yes,10,33,Low,,5.2,5,No,Sometimes,Travel_Rarely,21,1,1,0,No,3,2,3,3,1,1,0,0,79,51.0,4,5,4,3,58,No,Low,1,1
20,Female,Divorced,Kolkata,Intern,0.4,15398,Large,HR,30,1.2,No,20,6,Medium,,7.5,5,Yes,Rarely,Travel_Frequently,6,1,4,1,Yes,3,2,5,3,1,0,1,0,1,38.7,3,5,0,2,52,Yes,Low,1,1
25,Female,Married,Kolkata,Intern,1.9,17615,Medium,Operations,30,0.7,No,19,10,Low,,7.5,3,Yes,Rarely,Travel_Rarely,7,1,4,1,No,3,3,2,3,2,2,2,1,127,32.4,6,6,1,1,44,No,Low,1,1
22,Female,Married,Bangalore,Developer,1.2,84402,Small,Operations,45,1.6,Yes,13,10,Low,Migraine,5.0,5,No,Sometimes,Non-Travel,16,1,4,1,Yes,3,2,2,2,1,0,0,0,159,39.7,2,3,1,1,27,No,High,1,1
27,Other,Divorced,Mumbai,Analyst,3.7,45127,Medium,Engineering,43,2.5,Yes,10,45,Medium,,5.2,5,No,Sometimes,Travel_Rarely,5,1,2,1,Yes,3,2,2,2,4,3,1,2,83,52.5,6,6,2,2,57,No,Medium,1,1
42,Male,Single,Kolkata,Manager,0.7,223054,Large,HR,60,1.2,No,15,39,Medium,Back Pain,5.0,5,Yes,Often,Travel_Rarely,2,1,3,0,Yes,3,3,5,3,3,2,1,0,151,50.9,6,2,1,1,52,No,Low,1,1
58,Other,Divorced,Kolkata,CEO,23.4,574675,Small,Marketing,62,1.2,Partial,15,41,High,Back Pain,5.0,1,No,Often,Travel_Frequently,15,4,3,2,Yes,3,2,3,3,2,2,2,2,139,57.0,6,4,1,4,30,No,Medium,1,1
50,Male,Single,Pune,CEO,21.0,560945,Small,HR,60,0.8,Partial,13,46,High,Diabetes,5.0,1,No,Often,Travel_Rarely,11,5,2,3,No,3,2,5,3,5,4,4,4,177,51.0,5,4,0,5,0,No,Low,1,1
27,Female,Single,Kolkata,Developer,4.8,115638,Large,HR,44,1.1,No,17,43,Low,Migraine,6.5,5,No,Sometimes,Travel_Rarely,2,2,3,1,Yes,3,1,3,3,5,4,0,4,162,48.9,3,6,0,5,37,No,Low,1,1
21,Other,Married,Hyderabad,Intern,0.8,19008,Small,HR,26,1.0,No,8,49,Medium,Migraine,6.5,5,No,Rarely,Travel_Rarely,12,1,2,1,No,3,4,0,3,1,0,0,0,123,44.0,4,4,2,2,21,No,High,1,1
31,Male,Single,Kolkata,Designer,7.5,46833,Large,Operations,47,1.0,Partial,20,10,Medium,,5.5,4,Yes,Rarely,Travel_Rarely,12,1,4,8,Yes,4,3,0,3,4,2,0,2,32,58.8,4,5,3,4,49,No,Medium,1,1
31,Other,Divorced,Kolkata,Analyst,10.3,47956,Medium,HR,42,0.6,Partial,7,2,High,Back Pain,5.5,3,No,Sometimes,Travel_Rarely,7,2,4,3,No,4,4,3,2,7,7,1,7,160,40.8,5,6,1,2,39,Yes,Medium,1,1
20,Other,Divorced,Hyderabad,Intern,0.2,15552,Medium,Marketing,32,0.9,No,5,38,Low,,6.5,4,No,Rarely,Travel_Frequently,6,1,4,1,Yes,3,2,5,3,1,0,1,0,178,38.9,4,6,0,4,2,No,High,1,1
26,Female,Married,Hyderabad,Analyst,2.4,59186,Medium,Operations,43,1.2,Partial,17,28,Low,,5.5,5,No,Sometimes,Travel_Rarely,23,1,4,1,No,4,2,3,1,3,2,0,2,170,55.7,4,6,1,4,41,No,Medium,1,1
25,Male,Married,Bangalore,Intern,4.6,18779,Large,Engineering,30,3.0,Partial,10,7,Low,,6.0,5,No,Rarely,Travel_Rarely,1,2,3,0,No,3,4,3,3,4,2,1,2,100,36.7,5,5,0,7,69,No,Low,1,1
29,Male,Divorced,Bangalore,Designer,7.8,51643,Large,Operations,43,2.7,Yes,12,22,Medium,Migraine,5.0,4,Yes,Rarely,Travel_Rarely,19,2,4,4,No,3,2,2,4,3,2,1,2,11,74.1,5,4,0,2,32,No,Low,1,1
22,Female,Single,Pune,Intern,1.3,18241,Large,Operations,28,0.8,No,12,21,Low,,7.2,3,No,Rarely,Non-Travel,16,1,4,1,Yes,3,2,2,2,1,0,0,0,66,50.8,5,6,1,2,35,Yes,Medium,1,1
29,Female,Single,Mumbai,Developer,7.7,102271,Large,Engineering,46,2.3,Yes,19,2,Low,,5.2,4,Yes,Sometimes,Travel_Rarely,19,2,4,4,No,3,2,2,4,3,2,1,2,64,53.5,7,7,0,9,28,No,Medium,1,1
24,Female,Single,Delhi,Developer,2.6,101887,Small,HR,48,1.5,Yes,15,17,Medium,,5.7,5,Yes,Sometimes,Travel_Frequently,24,1,4,0,No,3,3,3,3,2,2,2,1,160,41.9,3,9,1,4,36,No,Low,1,1
31,Male,Divorced,Bangalore,Designer,3.1,44352,Large,HR,45,2.9,Yes,9,14,Low,,5.0,5,Yes,Rarely,Travel_Rarely,2,1,4,0,Yes,3,2,2,1,2,2,2,2,167,46.8,2,6,2,5,66,Yes,Medium,1,1
35,Male,Divorced,Kolkata,Designer,3.3,48778,Large,Marketing,50,0.5,No,15,32,Low,,5.5,5,No,Rarely,Travel_Rarely,8,1,4,1,No,3,2,1,2,3,2,0,2,73,45.7,4,3,1,1,56,No,Medium,1,1
27,Female,Married,Bangalore,Analyst,3.0,56158,Medium,Operations,42,1.9,Yes,18,25,Medium,,5.0,5,Yes,Sometimes,Non-Travel,8,1,3,1,No,3,4,4,3,3,2,1,2,42,44.6,4,1,2,0,23,No,Medium,1,1
25,Other,Married,Bangalore,Intern,3.6,17972,Medium,HR,31,3.0,Partial,16,47,Medium,,6.0,4,No,Rarely,Travel_Rarely,8,2,2,0,No,4,3,4,3,3,2,1,2,43,56.3,6,4,1,4,34,Yes,High,1,1
33,Male,Married,Pune,Designer,8.2,50497,Small,Operations,43,0.7,No,19,12,Low,Migraine,5.2,4,No,Rarely,Travel_Frequently,3,1,3,1,Yes,3,3,3,3,8,7,3,0,28,45.5,3,4,1,3,35,No,Low,1,1
25,Other,Divorced,Mumbai,Intern,3.6,19683,Medium,Operations,32,1.8,Partial,17,9,Medium,,6.2,5,No,Rarely,Travel_Rarely,8,2,2,0,No,4,3,4,3,3,2,1,2,140,60.2,5,10,0,1,43,No,Low,1,1
57,Other,Divorced,Hyderabad,CEO,22.9,563345,Large,HR,70,1.2,Partial,17,32,High,Diabetes,5.0,1,No,Often,Travel_Frequently,15,4,3,2,Yes,3,2,3,3,2,2,2,2,11,76.6,5,3,1,6,44,Yes,Medium,1,1
35,Male,Single,Pune,Analyst,13.3,46192,Medium,Marketing,45,1.5,No,17,11,High,Back Pain,5.2,3,Yes,Sometimes,Travel_Frequently,12,2,4,3,Yes,4,1,2,4,11,9,6,7,94,47.0,5,6,1,1,33,No,Low,1,1
25,Other,Divorced,Mumbai,Analyst,3.1,49802,Large,Marketing,40,2.2,Partial,8,18,Low,Migraine,5.2,5,No,Sometimes,Travel_Rarely,8,2,2,0,No,4,3,4,3,3,2,1,2,45,51.5,5,6,1,0,10,No,Low,1,1
30,Other,Single,Kolkata,Analyst,1.5,54200,Large,HR,45,0.9,Partial,12,16,Low,Migraine,5.5,5,Yes,Sometimes,Travel_Rarely,24,1,3,1,No,4,2,2,3,1,0,0,0,129,53.8,3,4,1,1,33,Yes,Low,1,1
28,Female,Married,Hyderabad,Analyst,7.3,54335,Large,Engineering,41,0.8,No,9,2,Medium,,5.5,4,No,Sometimes,Travel_Rarely,9,2,4,1,No,3,4,1,3,7,5,0,7,34,68.1,10,2,0,1,28,Yes,Medium,1,1
24,Other,Single,Hyderabad,Developer,4.0,99770,Small,Marketing,45,1.2,Partial,12,44,Low,Migraine,5.5,5,Yes,Sometimes,Travel_Rarely,3,2,3,0,No,4,1,2,2,3,2,0,2,80,49.2,5,5,1,6,17,No,Low,1,1
22,Male,Divorced,Delhi,Intern,0.7,18242,Small,Marketing,28,2.2,Partial,20,13,Medium,Migraine,6.7,4,Yes,Rarely,Non-Travel,16,1,4,1,Yes,3,2,2,2,1,0,0,0,89,41.7,4,4,2,3,51,Yes,Low,1,1
56,Female,Single,Delhi,CEO,21.5,576317,Small,Engineering,63,2.7,Partial,18,45,High,Hypertension,5.0,1,Yes,Often,Travel_Rarely,8,4,3,2,Yes,3,3,2,3,5,0,0,2,7,37.3,4,12,1,2,35,No,Low,1,1
53,Female,Single,Hyderabad,CEO,15.6,576656,Large,Marketing,65,0.6,No,11,23,High,Arthritis,5.0,2,No,Often,Travel_Rarely,24,3,1,6,Yes,3,2,2,2,2,2,2,2,92,49.4,7,4,1,7,14,No,Medium,1,1
26,Female,Married,Delhi,Analyst,2.6,57901,Large,Engineering,40,2.2,Yes,9,30,Medium,Migraine,5.7,5,Yes,Sometimes,Travel_Rarely,23,1,4,1,No,4,2,3,1,3,2,0,2,153,45.5,3,5,1,4,75,No,Medium,1,1
29,Other,Single,Kolkata,Analyst,7.2,49984,Medium,HR,41,1.4,No,16,27,Low,Migraine,6.5,4,Yes,Sometimes,Travel_Rarely,1,1,3,0,No,3,4,1,2,6,2,1,5,89,70.1,6,3,0,2,43,No,Low,1,1
33,Male,Married,Pune,Analyst,7.4,55776,Small,Marketing,45,1.1,Partial,16,45,Medium,Migraine,5.2,4,No,Sometimes,Travel_Rarely,2,1,4,4,No,3,4,3,3,1,1,0,0,161,67.7,2,3,1,2,51,Yes,Medium,1,1
60,Male,Married,Kolkata,CEO,10.6,561466,Medium,Engineering,63,0.7,Partial,5,47,High,Diabetes,5.0,3,No,Often,Travel_Rarely,16,2,1,8,No,3,4,1,3,2,2,2,2,114,39.7,4,6,2,3,56,No,Medium,1,1
44,Male,Single,Bangalore,Manager,18.7,251556,Medium,Marketing,54,2.6,Yes,11,49,High,Arthritis,5.0,2,Yes,Often,Travel_Frequently,24,1,3,3,Yes,4,4,0,1,1,0,0,0,104,42.9,4,5,1,1,26,No,Medium,1,1
25,Female,Single,Delhi,Developer,1.3,86013,Large,Engineering,46,2.0,Partial,6,9,Low,Migraine,5.7,5,Yes,Sometimes,Travel_Rarely,19,1,2,1,Yes,3,3,2,3,1,0,0,0,134,50.7,4,4,0,1,46,No,Low,1,1
35,Male,Single,Kolkata,Designer,13.6,42701,Large,Marketing,44,0.7,No,19,35,High,Diabetes,5.5,3,Yes,Rarely,Travel_Frequently,12,2,4,3,Yes,4,1,2,4,11,9,6,7,57,64.0,8,5,1,2,0,No,Medium,1,1
24,Other,Married,Hyderabad,Developer,1.0,95053,Small,Marketing,43,0.7,Partial,8,30,Low,Migraine,5.5,5,No,Sometimes,Travel_Rarely,17,1,2,1,No,4,4,2,3,1,0,0,0,113,50.6,5,5,0,3,54,Yes,High,1,1
28,Other,Divorced,Pune,Analyst,3.4,59144,Large,Marketing,41,1.5,Partial,10,23,Medium,Migraine,6.2,5,Yes,Sometimes,Travel_Frequently,6,1,3,1,Yes,3,4,2,3,3,1,0,2,74,43.5,8,6,5,3,34,Yes,Low,1,1
41,Other,Divorced,Kolkata,Manager,14.7,229723,Small,Marketing,54,1.1,No,6,34,High,Arthritis,5.0,3,Yes,Often,Travel_Rarely,8,2,2,5,No,4,3,3,3,5,4,1,4,156,49.4,5,3,1,6,46,Yes,Low,1,1
20,Other,Divorced,Bangalore,Intern,0.2,17341,Small,Marketing,34,1.8,Partial,18,39,Low,,6.0,5,Yes,Rarely,Travel_Frequently,6,1,4,1,Yes,3,2,5,3,1,0,1,0,119,43.7,7,8,0,8,34,No,Low,1,1
25,Female,Married,Kolkata,Intern,3.3,19371,Small,Operations,31,1.1,No,12,9,Medium,,7.5,5,No,Rarely,Travel_Rarely,8,2,2,0,No,4,3,4,3,3,2,1,2,163,56.0,8,9,2,2,71,Yes,Medium,1,1
34,Male,Married,Pune,Manager,10.7,286575,Medium,HR,56,0.9,Partial,14,7,High,Diabetes,5.0,3,Yes,Often,Travel_Frequently,23,3,1,9,Yes,3,3,2,3,3,2,0,2,20,42.9,3,5,0,2,59,Yes,Medium,1,1
28,Female,Single,Delhi,Developer,4.5,111323,Small,Marketing,47,2.9,Yes,5,8,Medium,Migraine,5.7,5,Yes,Sometimes,Non-Travel,4,2,3,1,No,3,2,3,4,5,4,0,4,163,44.9,4,6,0,2,0,No,Low,1,1
30,Male,Married,Delhi,Analyst,7.6,57486,Medium,Operations,44,2.8,Partial,20,13,Low,,5.0,4,Yes,Sometimes,Travel_Rarely,5,1,1,5,No,3,4,3,3,3,2,2,2,137,61.6,6,2,2,1,46,Yes,Low,1,1
32,Male,Single,Kolkata,Manager,1.9,222240,Small,Marketing,51,0.6,No,13,47,Medium,,5.0,5,Yes,Often,Travel_Frequently,13,1,2,1,No,4,3,2,3,2,2,2,2,100,42.3,4,8,1,3,29,Yes,High,1,1
57,Female,Single,Kolkata,CEO,20.4,553545,Small,HR,62,1.2,Partial,13,32,High,Hypertension,5.0,1,No,Often,Travel_Frequently,1,2,3,7,No,3,4,2,2,4,3,1,3,151,35.5,4,4,5,1,47,No,Medium,1,1
28,Other,Divorced,Hyderabad,Designer,4.1,47699,Medium,Operations,47,1.1,Partial,6,18,Low,Migraine,5.5,5,Yes,Rarely,Travel_Rarely,5,2,4,1,No,3,2,3,3,4,2,0,2,176,50.9,6,7,2,4,47,No,High,1,1
33,Male,Divorced,Delhi,Analyst,3.3,52291,Medium,HR,45,2.6,Partial,16,24,Low,Migraine,5.0,5,No,Sometimes,Non-Travel,8,1,4,0,No,3,4,2,2,2,2,2,2,98,46.4,2,3,3,4,20,Yes,High,1,1
25,Male,Married,Kolkata,Designer,0.7,40100,Small,Operations,48,1.1,No,19,31,Low,Migraine,6.5,5,No,Rarely,Travel_Rarely,19,1,2,1,Yes,3,3,2,3,1,0,0,0,35,55.1,4,6,0,4,33,No,Medium,1,1
23,Male,Single,Pune,Intern,2.7,19502,Large,Operations,35,1.4,Partial,19,8,Low,,7.2,3,No,Rarely,Travel_Rarely,2,1,1,3,No,3,3,3,3,0,0,0,0,95,53.2,2,3,0,2,15,No,Low,1,1
34,Male,Single,Bangalore,Manager,5.1,287694,Medium,Engineering,50,2.5,Yes,7,8,Medium,,5.0,4,Yes,Often,Travel_Rarely,1,2,2,1,No,3,3,2,3,5,2,1,3,151,49.7,8,5,1,1,65,No,Medium,1,1
42,Male,Divorced,Hyderabad,CEO,20.0,553341,Large,HR,67,0.8,Partial,11,28,High,Back Pain,5.0,1,Yes,Often,Travel_Rarely,1,2,3,1,No,4,3,3,3,20,16,11,6,150,49.4,7,7,1,2,42,No,Medium,1,1
42,Male,Married,Mumbai,CEO,3.5,527744,Small,Engineering,70,1.8,Partial,9,50,Low,Back Pain,5.0,5,No,Often,Travel_Rarely,2,1,3,0,Yes,3,3,5,3,3,2,1,0,36,42.6,2,7,3,2,44,Yes,Medium,1,1
48,Other,Married,Kolkata,CEO,4.0,561052,Large,Engineering,60,0.9,No,18,17,Low,Diabetes,5.0,5,Yes,Often,Non-Travel,2,2,2,7,No,3,4,3,1,1,0,0,0,11,50.8,5,7,2,5,41,No,Medium,1,1
21,Female,Single,Kolkata,Intern,0.9,16765,Large,Operations,33,1.0,No,8,31,Medium,,7.5,5,Yes,Rarely,Travel_Rarely,12,1,2,1,No,3,4,0,3,1,0,0,0,112,58.8,6,7,0,3,14,No,High,1,1
22,Male,Married,Pune,Developer,1.4,117013,Large,Engineering,47,0.8,No,9,41,Low,Migraine,6.2,5,No,Sometimes,Non-Travel,16,1,4,1,Yes,3,2,2,2,1,0,0,0,12,40.3,7,7,3,2,48,No,Low,1,1
45,Male,Married,Pune,CEO,18.4,528479,Small,HR,68,1.4,Partial,12,39,High,Hypertension,5.0,2,No,Often,Travel_Rarely,9,3,1,4,Yes,3,3,2,3,5,4,0,2,22,49.9,7,4,1,6,71,No,Low,1,1
34,Female,Single,Bangalore,Analyst,13.9,57410,Medium,Marketing,44,1.9,Partial,10,29,High,Arthritis,5.0,3,No,Sometimes,Travel_Rarely,5,3,1,2,No,3,4,6,3,11,10,5,8,98,60.4,7,5,0,4,4,No,Medium,1,1
34,Female,Single,Hyderabad,Designer,4.0,40002,Large,Operations,41,0.8,No,16,47,Medium,,5.0,5,Yes,Rarely,Travel_Rarely,3,1,4,0,No,3,3,1,1,3,2,0,2,104,55.1,6,5,1,4,37,No,High,1,1
33,Female,Married,Mumbai,Designer,7.7,47214,Medium,Engineering,45,2.2,Partial,17,50,Low,,5.0,4,No,Rarely,Travel_Frequently,3,1,3,1,Yes,3,3,3,3,8,7,3,0,29,63.1,5,5,1,2,50,No,High,1,1
28,Male,Single,Kolkata,Analyst,1.2,51848,Large,Engineering,43,0.9,No,11,2,Low,,6.5,5,Yes,Sometimes,Travel_Rarely,10,1,2,1,No,4,2,5,3,1,0,0,0,16,44.3,5,3,3,1,20,No,Medium,1,1
27,Other,Married,Hyderabad,Analyst,6.0,54444,Large,Engineering,44,0.6,Partial,5,47,Medium,Migraine,5.5,4,Yes,Sometimes,Travel_Rarely,2,1,2,9,No,3,4,3,3,2,2,2,2,112,31.7,8,5,1,2,50,No,Low,1,1
35,Other,Married,Kolkata,Manager,12.5,275430,Large,Engineering,57,0.6,No,5,23,High,Hypertension,5.0,3,No,Often,Travel_Rarely,16,3,2,0,No,3,3,3,2,11,9,6,9,61,52.0,7,5,0,5,36,Yes,Medium,1,1
28,Female,Single,Mumbai,Analyst,1.3,49962,Medium,HR,40,2.8,Yes,19,21,Medium,Migraine,5.2,5,No,Sometimes,Travel_Rarely,10,1,2,1,No,4,2,5,3,1,0,0,0,83,53.6,4,6,1,3,21,Yes,High,1,1
50,Female,Divorced,Hyderabad,CEO,24.1,537025,Small,HR,69,1.0,Partial,17,27,High,Back Pain,5.0,1,Yes,Often,Travel_Rarely,28,4,1,4,Yes,3,2,2,3,3,2,1,2,111,63.7,5,7,4,4,0,No,Medium,1,1
52,Male,Married,Bangalore,CEO,12.1,568778,Medium,HR,61,2.4,Yes,15,49,High,Arthritis,5.0,3,Yes,Often,Travel_Rarely,8,1,1,9,No,3,3,2,1,5,4,0,4,85,61.9,8,6,1,1,33,Yes,Medium,1,1
53,Female,Single,Mumbai,CEO,11.9,594755,Medium,Engineering,61,2.2,Partial,12,22,High,Back Pain,5.0,3,Yes,Often,Travel_Rarely,24,3,4,3,No,3,3,2,3,4,3,1,2,140,55.4,5,5,0,4,34,No,Low,1,1
22,Male,Divorced,Pune,Developer,0.8,93313,Small,HR,40,1.1,Partial,14,44,Low,Migraine,6.2,5,Yes,Sometimes,Non-Travel,16,1,4,1,Yes,3,2,2,2,1,0,0,0,18,57.7,2,8,0,5,61,Yes,Low,1,1
22,Other,Single,Bangalore,Developer,1.4,105537,Large,HR,46,2.5,Yes,11,6,Medium,Migraine,5.0,5,Yes,Sometimes,Non-Travel,16,1,4,1,Yes,3,2,2,2,1,0,0,0,176,48.1,3,9,3,3,42,Yes,Medium,1,1
44,Female,Divorced,Pune,CEO,11.0,596454,Medium,Operations,66,1.3,Partial,19,23,High,Hypertension,5.0,3,Yes,Often,Travel_Frequently,1,2,3,7,No,3,3,4,2,1,0,0,0,99,37.8,7,5,1,1,24,No,High,1,1
31,Female,Married,Bangalore,Designer,8.3,52787,Medium,Operations,43,2.1,Partial,9,43,Medium,,5.0,4,No,Rarely,Travel_Rarely,11,1,4,3,Yes,3,2,2,3,6,4,0,2,139,51.2,3,9,1,3,4,Yes,High,1,1
25,Other,Married,Hyderabad,Developer,4.1,97452,Medium,Marketing,40,0.8,Partial,13,18,Medium,,5.5,5,Yes,Sometimes,Travel_Rarely,8,2,2,0,No,4,3,4,3,3,2,1,2,146,59.8,8,7,0,2,52,Yes,High,1,1
52,Male,Divorced,Mumbai,CEO,19.9,540405,Large,Marketing,67,2.0,Partial,11,30,High,Arthritis,5.0,2,No,Often,Travel_Rarely,6,2,1,3,Yes,3,2,3,3,10,9,6,9,75,56.6,1,10,4,5,37,No,Medium,1,1
42,Female,Married,Hyderabad,Manager,12.8,271322,Large,HR,58,1.4,No,11,4,High,Diabetes,5.0,3,No,Often,Travel_Frequently,9,1,4,1,No,3,3,3,3,12,9,5,8,8,58.3,5,9,0,3,27,No,Medium,1,1
22,Female,Married,Bangalore,Intern,1.1,16127,Large,Operations,29,2.7,Yes,10,46,Medium,,6.0,3,Yes,Rarely,Non-Travel,16,1,4,1,Yes,3,2,2,2,1,0,0,0,27,45.7,3,2,3,2,24,Yes,High,1,1
25,Male,Divorced,Pune,Developer,2.2,100881,Small,Engineering,40,1.0,Partial,13,41,Medium,Migraine,6.2,5,No,Sometimes,Travel_Rarely,7,1,4,1,No,3,3,2,3,2,2,2,1,127,47.3,5,4,1,3,60,No,Low,1,1
45,Other,Single,Hyderabad,Manager,19.2,213642,Medium,Engineering,54,0.7,No,8,10,High,Back Pain,5.0,2,Yes,Often,Travel_Rarely,9,2,2,8,No,3,3,2,1,17,9,0,15,51,54.8,5,8,1,1,63,Yes,High,1,1
29,Female,Divorced,Mumbai,Analyst,4.3,54617,Small,HR,42,1.6,Partial,13,20,Medium,Migraine,5.2,5,Yes,Sometimes,Travel_Rarely,18,1,4,1,Yes,3,3,3,2,4,3,0,1,82,44.5,2,6,3,1,22,No,Medium,1,1
52,Female,Single,Kolkata,CEO,20.8,524556,Medium,Engineering,66,0.9,Partial,5,27,High,Arthritis,5.0,1,No,Often,Travel_Rarely,3,4,2,3,No,3,3,6,3,7,7,1,0,110,44.8,7,2,1,4,0,No,High,1,1
22,Female,Single,Pune,Developer,1.5,102168,Small,Operations,46,1.4,No,12,31,Medium,Migraine,6.2,5,Yes,Sometimes,Non-Travel,16,1,4,1,Yes,3,2,2,2,1,0,0,0,143,53.0,2,9,0,5,31,No,Medium,1,1
24,Other,Divorced,Mumbai,Intern,3.2,19481,Large,Marketing,31,3.0,Yes,16,23,Low,,6.2,4,Yes,Rarely,Travel_Frequently,24,1,4,0,No,3,3,3,3,2,2,2,1,116,57.6,4,3,1,1,40,No,Low,1,1
48,Female,Divorced,Kolkata,CEO,9.0,524134,Medium,Engineering,65,1.4,No,16,2,Medium,,5.0,4,Yes,Often,Travel_Rarely,11,3,4,1,No,3,1,3,4,9,8,7,7,68,48.0,5,7,1,3,36,No,Low,1,1
26,Female,Divorced,Kolkata,Designer,1.4,43663,Medium,Marketing,45,1.0,No,12,2,Low,Migraine,6.5,5,No,Rarely,Travel_Rarely,25,1,3,1,No,3,3,2,2,1,0,0,1,98,38.4,4,2,1,3,4,No,Medium,1,1
31,Female,Single,Delhi,Analyst,4.8,56331,Large,HR,43,2.8,Partial,7,49,Medium,,5.0,5,Yes,Sometimes,Travel_Rarely,26,1,3,1,No,3,4,1,2,5,2,4,3,139,42.6,4,3,1,2,66,Yes,Low,1,1
23,Other,Divorced,Kolkata,Developer,0.7,117287,Medium,Operations,46,1.0,No,5,31,Low,,6.5,5,No,Sometimes,Travel_Rarely,6,1,1,1,Yes,4,3,2,3,0,0,0,0,24,52.0,5,10,1,2,0,Yes,Medium,1,1
25,Male,Married,Delhi,Developer,2.7,81088,Large,Marketing,48,2.7,Yes,13,40,Medium,Migraine,5.7,5,No,Sometimes,Travel_Rarely,7,1,4,1,No,3,3,2,3,2,2,2,1,179,51.9,4,5,0,4,20,No,Medium,1,1
35,Female,Single,Kolkata,Manager,14.3,272017,Medium,Engineering,59,1.4,No,5,43,High,Diabetes,5.0,3,No,Often,Travel_Rarely,1,2,3,9,No,3,3,2,3,11,9,6,9,122,52.4,4,2,2,4,15,Yes,Medium,1,1
50,Other,Single,Kolkata,CEO,16.5,575968,Small,Marketing,66,0.7,Partial,18,34,High,Back Pain,5.0,2,Yes,Often,Travel_Frequently,12,3,4,4,No,3,4,3,3,2,2,2,1,52,55.2,5,4,2,1,14,No,Low,1,1
34,Male,Divorced,Delhi,Designer,6.0,48577,Large,Operations,40,1.7,Yes,19,10,Medium,,5.0,4,No,Rarely,Travel_Frequently,2,1,3,6,No,3,4,3,3,4,3,1,2,150,50.1,7,4,0,2,0,Yes,High,1,1
28,Female,Single,Bangalore,Analyst,4.8,54065,Small,HR,43,2.1,Partial,11,24,Low,,5.0,5,No,Sometimes,Non-Travel,4,2,3,1,No,3,2,3,4,5,4,0,4,143,52.7,6,3,1,3,36,No,Medium,1,1
40,Female,Divorced,Pune,CEO,6.7,542492,Large,HR,60,0.6,No,19,44,Low,Diabetes,5.0,4,No,Often,Travel_Rarely,10,2,2,7,No,3,2,2,4,5,1,1,3,56,49.5,6,3,0,0,63,No,High,1,1
23,Other,Divorced,Kolkata,Intern,0.6,16715,Large,HR,25,0.8,Partial,14,14,Low,,7.5,5,No,Rarely,Travel_Rarely,6,1,1,1,Yes,4,3,2,3,0,0,0,0,38,61.5,8,6,2,1,32,No,Low,1,1
34,Male,Single,Bangalore,Analyst,5.5,49021,Small,Operations,43,2.6,Yes,17,24,Low,Migraine,5.0,4,Yes,Sometimes,Travel_Rarely,1,2,2,1,No,3,3,2,3,5,2,1,3,108,64.3,5,8,2,7,15,No,High,1,1
23,Other,Divorced,Delhi,Developer,2.2,113531,Large,Marketing,43,2.9,Partial,11,39,Low,,5.7,5,No,Sometimes,Travel_Rarely,10,1,3,1,No,3,4,3,3,2,2,0,2,180,38.1,2,7,1,3,63,No,Low,1,1
26,Female,Divorced,Bangalore,Analyst,5.9,57246,Small,HR,42,1.6,Partial,17,28,Medium,,5.0,4,No,Sometimes,Travel_Frequently,1,2,2,1,No,4,1,6,1,6,5,1,4,41,47.4,4,5,0,2,52,No,Medium,1,1
28,Female,Married,Delhi,Analyst,2.6,55329,Small,HR,43,3.0,Yes,6,31,Medium,,5.7,5,Yes,Sometimes,Travel_Frequently,6,1,3,1,Yes,3,4,2,3,3,1,0,2,166,50.3,6,8,0,7,18,Yes,Medium,1,1
25,Other,Divorced,Mumbai,Developer,4.4,91574,Medium,HR,44,2.6,Yes,14,31,Low,,5.2,5,No,Sometimes,Travel_Rarely,8,2,2,0,No,4,3,4,3,3,2,1,2,141,47.3,3,10,0,4,41,No,High,1,1
40,Other,Divorced,Mumbai,CEO,6.3,521674,Small,HR,70,2.1,Yes,6,2,Medium,Diabetes,5.0,4,No,Often,Travel_Rarely,1,2,4,2,Yes,4,3,2,2,4,3,0,2,121,67.9,3,4,0,1,57,No,Low,1,1
25,Female,Divorced,Delhi,Developer,1.8,94587,Small,Engineering,45,1.7,Yes,17,25,Low,Migraine,5.7,5,No,Sometimes,Travel_Rarely,7,1,4,1,No,3,3,2,3,2,2,2,1,132,52.2,5,5,0,3,17,No,Low,1,1
47,Other,Married,Pune,CEO,14.7,587763,Large,HR,64,1.2,Partial,20,33,High,Diabetes,5.0,3,No,Often,Non-Travel,1,3,2,0,No,3,1,3,1,13,8,5,12,162,41.9,5,3,2,2,37,Yes,High,1,1
57,Male,Divorced,Delhi,CEO,25.0,504967,Large,Operations,69,1.6,Yes,16,22,High,Back Pain,5.0,1,No,Often,Travel_Rarely,5,3,2,2,Yes,3,4,3,3,6,0,0,4,74,56.0,6,3,1,3,27,Yes,Low,1,1
32,Male,Divorced,Mumbai,Designer,2.9,40586,Small,HR,43,1.8,Partial,10,43,Medium,,5.0,5,No,Rarely,Travel_Rarely,1,1,2,0,No,3,2,2,3,2,2,2,2,145,52.7,2,10,0,10,11,No,Low,1,1
24,Male,Single,Kolkata,Intern,2.3,15816,Medium,Engineering,29,1.3,No,11,48,Low,,7.5,5,No,Rarely,Travel_Rarely,21,1,1,0,No,3,2,3,3,1,1,0,0,75,53.0,6,7,0,4,38,Yes,Medium,1,1
34,Other,Divorced,Hyderabad,Manager,6.3,299112,Large,Operations,59,0.8,No,5,31,Low,,5.0,4,No,Often,Travel_Frequently,2,1,3,6,No,3,4,3,3,4,3,1,2,8,68.1,4,11,2,1,44,No,Low,1,1
31,Female,Divorced,Mumbai,Manager,10.9,295577,Large,Engineering,50,2.4,Yes,13,31,High,Back Pain,5.0,3,No,Often,Travel_Rarely,8,2,4,1,No,4,4,2,3,11,7,1,8,73,53.5,3,5,1,2,36,Yes,Low,1,1
37,Other,Married,Pune,Manager,14.2,299697,Small,Engineering,53,1.5,Partial,5,3,High,Diabetes,5.0,3,No,Often,Travel_Rarely,1,2,4,1,No,3,2,2,2,14,8,3,11,144,47.0,4,6,0,3,19,Yes,Medium,1,1
20,Other,Single,Mumbai,Intern,0.3,19150,Large,Operations,33,2.0,Partial,16,30,Low,Migraine,6.2,3,No,Rarely,Travel_Frequently,6,1,4,1,Yes,3,2,5,3,1,0,1,0,6,30.4,2,4,1,2,77,No,Low,1,1
33,Other,Married,Hyderabad,Designer,7.6,46282,Large,Operations,40,1.0,Partial,8,8,Low,,5.0,4,Yes,Rarely,Travel_Frequently,3,1,3,1,Yes,3,3,3,3,8,7,3,0,173,48.3,6,4,1,2,25,No,Medium,1,1
24,Male,Married,Mumbai,Intern,0.6,18850,Small,Marketing,25,2.2,Yes,12,39,Low,Migraine,6.2,5,Yes,Rarely,Travel_Rarely,17,1,2,1,No,4,4,2,3,1,0,0,0,140,63.1,8,4,2,2,46,No,Medium,1,1
25,Other,Single,Pune,Developer,2.7,96402,Small,Marketing,44,1.3,Partial,18,10,Medium,,6.2,5,Yes,Sometimes,Travel_Rarely,7,1,4,1,No,3,3,2,3,2,2,2,1,167,49.1,5,5,1,2,51,No,Medium,1,1
30,Female,Divorced,Kolkata,Analyst,0.8,47355,Large,Marketing,43,1.1,No,11,28,Medium,Migraine,5.5,5,Yes,Sometimes,Travel_Rarely,24,1,3,1,No,4,2,2,3,1,0,0,0,169,30.0,6,4,0,2,0,No,High,1,1
45,Other,Single,Bangalore,CEO,1.6,542409,Large,Operations,66,2.6,Partial,9,41,Low,Diabetes,5.0,5,Yes,Often,Travel_Rarely,2,1,3,1,No,3,4,3,3,1,0,0,0,136,45.0,5,1,1,7,52,No,Low,1,1
24,Male,Divorced,Delhi,Intern,3.8,17887,Small,Operations,25,2.0,Yes,5,33,Medium,Migraine,6.7,3,Yes,Rarely,Travel_Rarely,3,2,3,0,No,4,1,2,2,3,2,0,2,177,59.9,5,6,0,3,35,No,High,1,1
25,Male,Married,Mumbai,Intern,2.9,16525,Large,HR,28,1.6,Yes,10,31,Medium,Migraine,6.2,5,Yes,Rarely,Travel_Rarely,7,1,4,1,No,3,3,2,3,2,2,2,1,26,55.5,6,5,0,0,30,No,High,1,1
42,Other,Married,Hyderabad,Manager,18.8,261148,Large,HR,52,1.3,No,13,34,High,Back Pain,5.0,2,Yes,Often,Travel_Frequently,29,2,3,2,No,3,2,3,3,5,4,0,2,121,41.6,4,7,1,5,33,No,Medium,1,1
29,Other,Married,Delhi,Analyst,0.5,49557,Medium,HR,44,2.8,Yes,7,14,Low,,5.7,5,No,Sometimes,Travel_Rarely,10,1,3,1,No,3,3,6,3,1,0,0,0,4,44.3,4,6,0,2,47,No,High,1,1
31,Other,Married,Pune,Manager,8.3,286080,Medium,Operations,57,1.4,No,19,22,Medium,,5.0,4,No,Often,Travel_Rarely,11,1,4,3,Yes,3,2,2,3,6,4,0,2,28,45.9,5,6,1,4,0,No,Low,1,1
41,Female,Divorced,Mumbai,Manager,20.8,293993,Small,HR,52,1.6,Yes,8,45,High,Arthritis,5.0,1,Yes,Often,Travel_Frequently,10,4,1,4,No,3,2,2,2,7,6,7,7,164,43.4,5,8,1,2,36,Yes,High,1,1
34,Female,Divorced,Hyderabad,Analyst,5.5,59915,Medium,Operations,43,1.3,Partial,11,42,Low,Migraine,5.0,4,No,Sometimes,Travel_Rarely,1,2,2,1,No,3,3,2,3,5,2,1,3,165,30.0,4,5,2,3,44,Yes,Medium,1,1
23,Female,Married,Mumbai,Intern,0.6,17713,Small,Engineering,28,2.6,Partial,6,17,Medium,Migraine,6.2,4,No,Rarely,Travel_Rarely,6,1,1,1,Yes,4,3,2,3,0,0,0,0,82,57.6,4,5,0,3,78,Yes,Low,1,1
26,Male,Divorced,Kolkata,Developer,2.7,99157,Small,HR,41,0.8,Partial,13,32,Low,,6.5,5,Yes,Sometimes,Travel_Rarely,23,1,4,1,No,4,2,3,1,3,2,0,2,135,62.6,7,6,2,8,8,No,Medium,1,1
32,Female,Single,Mumbai,Designer,1.8,48411,Small,HR,45,2.7,Yes,5,25,Low,Migraine,5.0,5,No,Rarely,Travel_Frequently,13,1,2,1,No,4,3,2,3,2,2,2,2,108,34.8,5,4,0,5,44,Yes,Medium,1,1
48,Other,Single,Pune,CEO,19.9,582925,Large,HR,61,0.6,Partial,18,33,High,Hypertension,5.0,2,No,Often,Travel_Rarely,6,2,3,2,No,3,4,0,3,2,2,2,2,64,62.4,4,4,0,7,25,No,Low,1,1
24,Male,Single,Kolkata,Intern,4.0,19364,Medium,Marketing,34,0.5,No,16,7,Medium,Migraine,7.5,4,Yes,Rarely,Travel_Rarely,3,2,3,0,No,4,1,2,2,3,2,0,2,85,49.0,3,5,2,3,45,No,Low,1,1
21,Female,Married,Pune,Intern,1.0,19198,Medium,Engineering,31,0.5,No,9,4,Medium,,7.2,4,No,Rarely,Travel_Rarely,12,1,2,1,No,3,4,0,3,1,0,0,0,144,62.3,9,7,0,2,52,No,Medium,1,1
25,Female,Divorced,Bangalore,Analyst,3.7,50560,Small,Operations,45,2.1,Yes,16,32,Low,Migraine,5.0,5,No,Sometimes,Travel_Rarely,8,2,2,0,No,4,3,4,3,3,2,1,2,70,50.4,6,7,0,4,20,Yes,Medium,1,1
23,Other,Married,Pune,Intern,2.3,15289,Medium,Operations,30,1.3,Partial,15,8,Low,,7.2,4,No,Rarely,Travel_Rarely,10,1,3,1,No,3,4,3,3,2,2,0,2,44,51.4,6,4,0,4,74,No,Medium,1,1
30,Female,Married,Kolkata,Manager,7.2,213459,Large,Marketing,58,1.0,No,13,37,Low,,5.0,4,No,Often,Travel_Rarely,1,1,3,3,No,4,3,2,3,2,2,0,2,131,53.7,4,2,2,3,61,Yes,Medium,1,1
21,Other,Single,Delhi,Intern,0.9,18019,Large,Operations,26,1.7,Yes,14,45,Low,,6.7,3,No,Rarely,Travel_Rarely,12,1,2,1,No,3,4,0,3,1,0,0,0,35,42.1,7,6,1,3,51,No,Low,1,1
58,Female,Divorced,Hyderabad,CEO,26.4,532315,Small,HR,61,1.4,Partial,9,39,High,Back Pain,5.0,1,No,Often,Travel_Rarely,5,3,2,2,Yes,3,4,3,3,6,0,0,4,69,61.9,6,6,2,0,28,No,Medium,1,1
30,Female,Divorced,Pune,Designer,0.9,41284,Small,Engineering,46,1.5,Partial,8,39,Low,,5.2,5,No,Rarely,Travel_Rarely,24,1,3,1,No,4,2,2,3,1,0,0,0,158,38.8,6,6,1,3,24,Yes,High,1,1
55,Other,Single,Hyderabad,CEO,1.3,536301,Small,Engineering,63,1.5,Partial,12,24,Medium,Hypertension,5.0,5,Yes,Often,Travel_Rarely,4,2,3,0,Yes,3,2,2,3,3,2,1,2,18,46.0,2,4,2,1,44,Yes,High,1,1
23,Male,Divorced,Kolkata,Intern,2.8,17196,Small,Marketing,34,1.5,No,16,25,Medium,,7.5,4,No,Rarely,Travel_Rarely,2,1,1,3,No,3,3,3,3,0,0,0,0,107,55.2,6,2,3,1,27,Yes,Medium,1,1
23,Female,Single,Kolkata,Intern,0.6,17887,Medium,HR,34,0.9,No,17,50,Medium,,7.5,5,Yes,Rarely,Travel_Rarely,6,1,1,1,Yes,4,3,2,3,0,0,0,0,166,44.9,4,5,0,3,25,Yes,High,1,1
24,Female,Married,Hyderabad,Developer,1.1,109145,Large,HR,48,0.8,Partial,20,27,Medium,,5.5,5,No,Sometimes,Travel_Rarely,17,1,2,1,No,4,4,2,3,1,0,0,0,90,57.8,7,5,2,2,73,Yes,High,1,1
28,Female,Divorced,Mumbai,Designer,1.8,53288,Large,HR,40,1.8,Yes,8,22,Low,,5.2,5,No,Rarely,Travel_Rarely,5,1,3,1,Yes,3,3,3,2,2,2,2,2,89,63.8,8,2,1,3,46,No,Low,1,1
32,Female,Divorced,Hyderabad,Designer,6.7,45848,Large,HR,44,1.5,Partial,8,28,Medium,,5.0,4,Yes,Rarely,Travel_Rarely,5,1,2,0,Yes,3,4,5,2,6,2,0,5,18,60.1,6,6,0,3,51,No,Medium,1,1
46,Female,Divorced,Pune,CEO,4.9,578637,Medium,Operations,69,0.8,No,7,5,Low,Hypertension,5.0,5,No,Often,Travel_Frequently,4,2,3,3,No,3,1,3,3,0,0,0,0,38,30.6,3,4,2,1,73,No,Low,1,1
25,Other,Divorced,Bangalore,Analyst,0.7,54837,Medium,Operations,45,1.8,Yes,8,42,Medium,,5.0,5,Yes,Sometimes,Travel_Rarely,19,1,2,1,Yes,3,3,2,3,1,0,0,0,125,51.3,4,1,5,3,37,No,Medium,1,1
29,Male,Married,Hyderabad,Designer,2.4,48964,Medium,Engineering,41,0.5,No,11,16,Low,,5.5,5,No,Rarely,Travel_Rarely,10,1,2,1,No,3,4,2,3,2,2,2,2,172,60.3,5,2,0,3,22,No,Medium,1,1
32,Male,Married,Kolkata,Manager,6.6,227987,Medium,Operations,50,0.8,No,17,39,Medium,Migraine,5.0,4,No,Often,Travel_Rarely,5,1,2,0,Yes,3,4,5,2,6,2,0,5,140,36.8,3,3,0,4,14,Yes,Low,1,1
27,Other,Married,Pune,Analyst,6.1,48501,Large,Marketing,42,1.1,Partial,6,24,Medium,,6.2,4,No,Sometimes,Travel_Rarely,2,1,2,9,No,3,4,3,3,2,2,2,2,125,57.2,5,5,0,1,62,Yes,High,1,1
45,Other,Married,Hyderabad,CEO,13.9,595869,Small,Operations,60,0.6,Partial,12,13,High,Hypertension,5.0,3,No,Often,Travel_Frequently,5,2,4,4,Yes,4,3,4,3,9,6,0,8,57,56.7,8,4,0,1,28,No,Medium,1,1
35,Female,Married,Bangalore,Designer,13.6,51306,Medium,HR,50,2.5,Yes,5,41,High,Arthritis,5.0,3,Yes,Rarely,Travel_Frequently,12,2,4,3,Yes,4,1,2,4,11,9,6,7,147,37.9,8,1,2,2,0,No,Medium,1,1
24,Male,Divorced,Bangalore,Intern,3.7,19784,Medium,HR,26,2.7,Partial,15,36,Low,,6.0,5,No,Rarely,Travel_Rarely,3,2,3,0,No,4,1,2,2,3,2,0,2,60,58.3,5,7,2,2,0,Yes,Low,1,1
39,Other,Divorced,Hyderabad,Manager,6.9,243680,Small,Engineering,50,1.2,No,19,8,Medium,,5.0,4,No,Often,Travel_Rarely,1,1,3,7,No,3,3,1,3,3,2,1,2,126,52.7,5,3,1,2,5,No,Low,1,1
41,Female,Single,Mumbai,Manager,18.4,249732,Medium,Engineering,57,1.8,Yes,12,8,High,Arthritis,5.0,2,Yes,Often,Non-Travel,10,2,2,1,No,3,1,4,3,19,2,11,9,104,56.5,8,5,1,3,27,Yes,Medium,1,1
43,Female,Married,Kolkata,Manager,11.0,226234,Medium,Marketing,56,0.8,No,13,45,High,Diabetes,5.0,3,No,Often,Non-Travel,21,2,3,2,No,3,2,5,3,5,3,0,2,166,40.3,5,3,2,0,30,No,High,1,1
23,Female,Single,Pune,Intern,2.6,15029,Medium,HR,26,1.4,No,17,38,Medium,Migraine,7.2,3,No,Rarely,Travel_Rarely,2,1,1,3,No,3,3,3,3,0,0,0,0,0,51.5,4,4,1,6,46,No,High,1,1
23,Other,Divorced,Hyderabad,Intern,2.0,18482,Small,HR,33,1.3,No,17,33,Medium,,6.5,5,No,Rarely,Travel_Rarely,10,1,3,1,No,3,4,3,3,2,2,0,2,130,33.0,3,7,3,2,12,No,Medium,1,1
52,Female,Single,Hyderabad,CEO,17.8,568339,Small,HR,60,1.1,Partial,8,36,High,Arthritis,5.0,2,No,Often,Travel_Rarely,6,2,1,3,Yes,3,2,3,3,10,9,6,9,91,30.0,7,6,0,5,39,Yes,Low,1,1
28,Other,Divorced,Pune,Designer,6.2,44310,Small,Marketing,47,1.4,No,7,33,Medium,Migraine,6.2,4,Yes,Rarely,Travel_Rarely,24,1,3,5,Yes,3,2,4,3,4,2,0,3,112,51.4,4,2,1,0,53,Yes,Low,1,1
26,Other,Married,Hyderabad,Designer,5.1,45764,Large,Marketing,47,1.3,Partial,11,29,Medium,,5.5,4,No,Rarely,Travel_Rarely,23,2,4,7,Yes,3,3,2,2,2,2,0,0,152,61.0,4,3,2,2,32,No,High,1,1
24,Female,Married,Mumbai,Developer,2.6,85030,Small,Marketing,42,2.5,Yes,8,29,Low,Migraine,5.2,5,Yes,Sometimes,Travel_Frequently,24,1,4,0,No,3,3,3,3,2,2,2,1,55,52.5,5,4,0,5,26,No,Low,1,1
25,Male,Single,Kolkata,Analyst,3.6,48111,Small,Marketing,42,1.1,No,18,24,Low,Migraine,6.5,5,Yes,Sometimes,Travel_Rarely,8,2,2,0,No,4,3,4,3,3,2,1,2,160,49.4,3,5,2,4,18,No,Medium,1,1
22,Male,Divorced,Kolkata,Developer,1.0,105435,Medium,HR,49,0.9,Partial,12,12,Low,Migraine,6.5,5,Yes,Sometimes,Non-Travel,16,1,4,1,Yes,3,2,2,2,1,0,0,0,165,48.1,5,8,1,2,58,No,Medium,1,1
27,Other,Single,Bangalore,Developer,6.2,118214,Medium,Operations,45,2.0,Yes,6,20,Low,,5.0,4,No,Sometimes,Travel_Rarely,2,1,2,9,No,3,4,3,3,2,2,2,2,116,40.6,4,5,0,2,8,No,Medium,1,1
31,Female,Single,Hyderabad,Manager,7.8,286299,Medium,Marketing,57,0.7,No,13,32,Low,Migraine,5.0,4,No,Often,Travel_Rarely,11,1,4,3,Yes,3,2,2,3,6,4,0,2,133,47.8,6,3,0,3,67,Yes,Medium,1,1
24,Male,Divorced,Kolkata,Intern,1.3,16609,Large,Engineering,31,1.0,Partial,15,41,Medium,,7.5,5,Yes,Rarely,Travel_Rarely,17,1,2,1,No,4,4,2,3,1,0,0,0,57,54.2,5,4,1,1,35,No,High,1,1
39,Male,Divorced,Mumbai,Manager,6.4,229053,Large,Marketing,51,2.5,Partial,15,35,Low,,5.0,4,No,Often,Travel_Rarely,23,1,1,0,No,3,1,2,3,5,2,0,3,43,45.6,5,6,2,3,14,Yes,High,1,1
23,Other,Single,Pune,Intern,2.2,18151,Small,Marketing,31,1.4,Partial,10,6,Low,Migraine,7.2,4,No,Rarely,Travel_Rarely,10,1,3,1,No,3,4,3,3,2,2,0,2,172,57.5,2,3,0,6,52,No,High,1,1
20,Female,Divorced,Pune,Intern,0.3,18442,Large,Operations,34,0.7,Partial,11,46,Medium,Migraine,7.2,3,Yes,Rarely,Travel_Frequently,6,1,4,1,Yes,3,2,5,3,1,0,1,0,159,52.0,5,7,2,2,45,No,Medium,1,1
28,Male,Married,Pune,Designer,7.8,42942,Medium,Operations,43,0.9,Partial,15,16,Low,Migraine,6.2,4,No,Rarely,Travel_Rarely,2,2,2,1,Yes,4,1,2,3,8,7,7,5,172,53.2,3,4,0,3,43,No,Low,1,1
30,Female,Married,Pune,Designer,9.7,43299,Small,Operations,45,1.0,Partial,16,13,Low,Migraine,5.2,4,No,Rarely,Travel_Rarely,9,1,3,1,No,3,1,5,3,10,0,1,8,60,58.9,3,3,1,1,49,Yes,High,1,1
22,Female,Married,Delhi,Intern,1.0,15046,Medium,Marketing,34,2.9,Yes,17,21,Low,Migraine,6.7,3,Yes,Rarely,Non-Travel,16,1,4,1,Yes,3,2,2,2,1,0,0,0,46,44.7,5,8,0,0,38,No,Low,1,1
28,Other,Divorced,Kolkata,Designer,1.9,48396,Small,Marketing,47,0.9,No,20,18,Low,,6.5,5,No,Rarely,Travel_Rarely,5,1,3,1,Yes,3,3,3,2,2,2,2,2,148,56.6,4,5,0,2,44,Yes,Medium,1,1
22,Male,Married,Kolkata,Intern,1.7,18633,Small,Marketing,25,0.6,No,14,47,Medium,Migraine,7.5,3,No,Rarely,Travel_Rarely,19,1,4,1,No,4,1,6,3,2,2,2,2,79,46.1,3,3,0,3,62,No,Low,1,1
30,Female,Single,Hyderabad,Developer,7.6,112445,Small,Marketing,47,0.6,No,13,10,Low,,5.0,4,No,Sometimes,Travel_Rarely,5,1,1,5,No,3,4,3,3,3,2,2,2,117,53.4,4,8,2,6,39,No,Medium,1,1
23,Other,Single,Kolkata,Intern,2.0,17834,Large,Engineering,30,0.5,Partial,13,31,Medium,,7.5,4,No,Rarely,Travel_Rarely,10,1,3,1,No,3,4,3,3,2,2,0,2,163,43.5,2,6,3,1,51,No,Low,1,1
26,Other,Single,Pune,Analyst,0.9,52068,Large,Engineering,44,1.5,No,5,45,Medium,,6.2,5,Yes,Sometimes,Travel_Rarely,25,1,3,1,No,3,3,2,2,1,0,0,1,146,40.9,6,4,1,2,0,Yes,High,1,1
46,Other,Married,Bangalore,CEO,20.4,540315,Medium,Engineering,66,2.0,Partial,11,17,High,Back Pain,5.0,1,No,Often,Travel_Frequently,1,3,1,2,Yes,3,3,5,2,10,9,9,5,19,50.9,7,3,1,4,41,No,High,1,1
23,Male,Married,Pune,Developer,1.6,118014,Medium,Operations,44,1.0,Partial,12,20,Low,Migraine,6.2,5,Yes,Sometimes,Travel_Rarely,10,1,3,1,No,3,4,3,3,2,2,0,2,145,31.1,3,5,0,3,85,Yes,Medium,1,1
33,Female,Married,Kolkata,Designer,2.6,45744,Large,Engineering,44,1.0,Partial,13,46,Medium,,5.5,5,No,Rarely,Non-Travel,8,1,4,0,No,3,4,2,2,2,2,2,2,46,47.0,5,3,0,6,0,No,Low,1,1
25,Male,Divorced,Delhi,Intern,1.9,19474,Large,Marketing,27,2.7,Partial,7,15,Medium,Migraine,6.7,5,No,Rarely,Travel_Rarely,7,1,4,1,No,3,3,2,3,2,2,2,1,48,33.9,4,4,1,2,75,Yes,Medium,1,1
35,Male,Single,Delhi,Manager,0.6,213480,Large,Marketing,58,2.7,Partial,12,34,Low,Migraine,5.0,5,No,Often,Travel_Rarely,4,1,4,1,No,3,3,3,3,1,0,0,0,13,57.8,6,4,1,4,49,No,Medium,1,1
33,Other,Divorced,Mumbai,Designer,11.2,50715,Large,Engineering,48,1.8,Partial,10,22,High,Hypertension,5.0,3,No,Rarely,Travel_Rarely,16,3,1,2,Yes,4,3,2,2,0,0,0,0,142,60.5,6,3,1,6,1,Yes,High,1,1
50,Male,Single,Bangalore,CEO,0.6,562615,Small,Engineering,66,1.9,Partial,5,29,Medium,,5.0,5,No,Often,Travel_Rarely,1,1,4,1,No,3,2,0,2,1,0,0,0,158,41.4,2,11,0,2,36,Yes,Low,1,1
21,Other,Single,Mumbai,Intern,0.6,19303,Medium,HR,29,2.4,Yes,7,29,Medium,Migraine,6.2,4,No,Rarely,Travel_Rarely,12,1,2,1,No,3,4,0,3,1,0,0,0,0,54.3,2,8,1,3,43,Yes,Low,1,1
27,Male,Divorced,Kolkata,Developer,1.6,99210,Large,Operations,43,1.0,No,11,5,Low,Migraine,6.5,5,No,Sometimes,Travel_Rarely,2,1,1,1,No,3,4,6,3,1,0,0,0,116,59.0,5,4,2,1,53,Yes,Medium,1,1
35,Other,Divorced,Pune,Manager,2.9,273102,Medium,HR,55,0.8,Partial,12,29,Medium,,5.0,5,No,Often,Travel_Rarely,8,1,4,1,No,3,2,1,2,3,2,0,2,53,59.0,2,3,0,6,26,No,Medium,1,1
34,Other,Married,Pune,Analyst,6.3,57625,Small,Marketing,45,1.2,Partial,5,13,Medium,,5.2,4,No,Sometimes,Travel_Frequently,2,1,3,6,No,3,4,3,3,4,3,1,2,117,52.1,7,7,2,4,49,No,Medium,1,1
34,Other,Married,Mumbai,Designer,0.6,44265,Small,Operations,45,2.3,Yes,6,32,Medium,Migraine,5.0,5,No,Rarely,Travel_Rarely,10,1,2,1,No,3,2,3,3,1,0,1,0,2,57.3,4,5,1,2,63,Yes,Low,1,1
44,Male,Married,Delhi,Manager,16.1,237648,Small,Marketing,52,1.8,Yes,14,3,High,Arthritis,5.0,2,No,Often,Travel_Frequently,2,3,3,5,Yes,3,2,2,2,2,2,2,2,143,43.5,5,5,1,4,53,Yes,Low,1,1
22,Other,Married,Kolkata,Intern,0.9,18323,Medium,Marketing,25,0.5,No,15,9,Medium,Migraine,7.5,5,No,Rarely,Non-Travel,16,1,4,1,Yes,3,2,2,2,1,0,0,0,11,50.8,7,6,1,4,59,No,Low,1,1
28,Male,Married,Hyderabad,Designer,2.2,54665,Medium,HR,42,1.5,Partial,18,40,Low,,5.5,5,Yes,Rarely,Travel_Rarely,5,1,3,1,Yes,3,3,3,2,2,2,2,2,73,45.3,5,5,1,2,26,No,Low,1,1
27,Male,Married,Delhi,Designer,4.3,42027,Large,Marketing,42,3.0,Yes,8,43,Medium,,5.7,5,No,Rarely,Travel_Rarely,5,1,2,1,Yes,3,2,2,2,4,3,1,2,15,42.7,7,6,1,5,49,No,High,1,1
24,Other,Married,Pune,Developer,3.5,93917,Medium,HR,46,1.0,No,18,45,Medium,Migraine,6.2,5,No,Sometimes,Travel_Rarely,3,2,3,0,No,4,1,2,2,3,2,0,2,101,50.4,1,4,0,2,81,No,Low,1,1
31,Male,Divorced,Delhi,Analyst,9.9,57065,Large,Operations,40,3.0,Yes,20,46,Medium,Migraine,5.0,4,Yes,Sometimes,Travel_Rarely,7,2,4,3,No,4,4,3,2,7,7,1,7,151,53.5,3,7,2,2,13,No,Medium,1,1
23,Male,Divorced,Delhi,Intern,2.1,15469,Small,HR,26,2.3,Yes,6,18,Medium,,6.7,4,No,Rarely,Travel_Rarely,10,1,3,1,No,3,4,3,3,2,2,0,2,155,61.6,4,6,0,3,43,No,Medium,1,1
50,Male,Single,Mumbai,CEO,0.6,576090,Medium,Marketing,69,1.6,Yes,14,35,Medium,Diabetes,5.0,5,Yes,Often,Travel_Rarely,1,1,4,1,No,3,2,0,2,1,0,0,0,116,52.7,9,3,0,4,13,No,Low,1,1
45,Female,Divorced,Bangalore,CEO,20.5,555521,Small,Marketing,69,2.1,Partial,9,12,High,Back Pain,5.0,1,No,Often,Travel_Rarely,9,2,2,8,No,3,3,2,1,17,9,0,15,7,56.4,4,3,0,2,60,Yes,High,1,1
40,Female,Single,Delhi,Manager,12.6,222218,Large,Marketing,53,3.0,Partial,20,35,High,Hypertension,5.0,3,Yes,Often,Travel_Rarely,1,2,4,4,No,3,4,3,3,5,3,0,3,121,56.5,5,6,1,3,0,No,Medium,1,1
32,Female,Single,Delhi,Designer,10.5,42929,Large,Engineering,48,2.5,Partial,18,6,High,Arthritis,5.0,3,No,Rarely,Travel_Frequently,16,1,1,1,Yes,4,2,5,3,10,2,6,7,91,76.9,6,6,1,5,24,Yes,Low,1,1
26,Male,Single,Mumbai,Designer,0.7,43634,Small,Marketing,40,2.6,Yes,8,44,Medium,,5.2,5,No,Rarely,Travel_Rarely,25,1,3,1,No,3,3,2,2,1,0,0,1,163,31.9,6,6,1,4,81,No,High,1,1
29,Other,Married,Mumbai,Designer,5.6,45855,Small,Marketing,49,2.1,Yes,16,17,Low,,5.2,4,No,Rarely,Travel_Rarely,2,1,2,0,No,4,4,3,3,5,4,0,4,89,43.1,3,9,2,2,25,No,Medium,1,1
46,Female,Divorced,Mumbai,CEO,6.5,549031,Large,Engineering,66,2.5,Yes,17,33,Low,Back Pain,5.0,4,No,Often,Non-Travel,7,2,3,2,No,3,3,2,4,1,0,0,0,135,64.7,3,10,1,4,34,No,Medium,1,1
21,Female,Married,Hyderabad,Intern,0.6,15658,Small,Marketing,26,0.8,Partial,16,6,Medium,Migraine,6.5,5,No,Rarely,Travel_Rarely,12,1,2,1,No,3,4,0,3,1,0,0,0,59,46.5,5,8,1,2,60,Yes,High,1,1
24,Female,Married,Hyderabad,Intern,2.8,19701,Large,HR,32,0.8,No,9,9,Low,Migraine,6.5,5,Yes,Rarely,Travel_Frequently,24,1,4,0,No,3,3,3,3,2,2,2,1,177,58.9,7,6,1,3,32,No,High,1,1
45,Male,Married,Bangalore,CEO,15.3,535493,Small,Engineering,61,2.4,Partial,8,17,High,Back Pain,5.0,2,Yes,Often,Non-Travel,9,2,3,1,No,3,4,2,3,15,10,4,12,27,52.3,6,5,0,2,0,Yes,Medium,1,1
42,Female,Divorced,Kolkata,CEO,1.1,560845,Large,Operations,60,0.9,No,20,42,Medium,Hypertension,5.0,5,No,Often,Travel_Rarely,2,1,3,0,Yes,3,3,5,3,3,2,1,0,100,71.1,6,7,2,2,14,No,Low,1,1
22,Male,Married,Bangalore,Intern,1.4,16809,Medium,Marketing,30,1.9,Partial,8,24,Low,Migraine,6.0,5,No,Rarely,Non-Travel,16,1,4,1,Yes,3,2,2,2,1,0,0,0,40,38.9,4,3,0,4,61,No,Low,1,1
22,Other,Married,Hyderabad,Developer,0.5,116099,Medium,Operations,50,1.0,No,18,43,Low,,5.5,5,No,Sometimes,Non-Travel,16,1,4,1,Yes,3,2,2,2,1,0,0,0,154,62.2,7,3,0,0,64,No,Medium,1,1
47,Male,Single,Delhi,CEO,6.9,511622,Medium,Operations,66,1.5,Yes,13,49,Low,Hypertension,5.0,4,Yes,Often,Travel_Rarely,9,1,3,4,No,3,3,2,3,2,2,2,0,144,67.5,4,7,1,1,0,No,High,1,1
33,Other,Single,Kolkata,Designer,5.9,41787,Large,Marketing,40,1.3,Partial,14,13,Low,Migraine,5.5,4,No,Rarely,Travel_Rarely,8,2,3,0,No,3,4,3,3,5,0,1,2,160,39.9,8,8,1,6,16,No,Low,1,1
28,Male,Married,Delhi,Developer,6.1,97671,Medium,Operations,40,1.6,Partial,7,40,Low,Migraine,5.7,4,No,Sometimes,Travel_Rarely,24,1,3,5,Yes,3,2,4,3,4,2,0,3,156,57.8,5,6,0,3,22,No,Low,1,1
26,Male,Divorced,Delhi,Designer,4.4,52036,Medium,HR,49,1.6,Partial,12,32,Medium,Migraine,5.7,5,No,Rarely,Travel_Rarely,23,2,4,7,Yes,3,3,2,2,2,2,0,0,140,40.3,5,2,4,4,27,Yes,High,1,1
23,Male,Divorced,Delhi,Developer,2.8,113017,Small,Operations,50,2.4,Yes,16,39,Medium,,5.7,5,Yes,Sometimes,Travel_Rarely,2,1,1,3,No,3,3,3,3,0,0,0,0,45,50.3,4,7,2,6,16,Yes,Medium,1,1
45,Female,Single,Delhi,CEO,17.9,564506,Large,Engineering,61,1.6,Partial,16,23,High,Arthritis,5.0,2,No,Often,Travel_Rarely,9,3,1,4,Yes,3,3,2,3,5,4,0,2,34,47.4,5,5,1,4,37,No,Low,1,1
34,Male,Divorced,Pune,Designer,5.0,45309,Medium,Marketing,44,1.3,Partial,20,8,Medium,Migraine,5.2,4,Yes,Rarely,Travel_Rarely,1,2,2,1,No,3,3,2,3,5,2,1,3,133,30.0,2,4,1,3,24,No,Low,1,1
27,Other,Divorced,Bangalore,Developer,4.1,107018,Medium,Operations,43,2.3,Partial,6,49,Low,Migraine,5.0,5,Yes,Sometimes,Travel_Rarely,5,1,2,1,Yes,3,2,2,2,4,3,1,2,81,54.2,3,2,0,2,26,No,Low,1,1
40,Female,Divorced,Hyderabad,CEO,19.6,569954,Large,Engineering,63,1.0,No,7,48,High,Back Pain,5.0,2,Yes,Often,Travel_Frequently,26,2,2,1,No,3,1,2,3,20,7,2,13,114,51.4,7,8,0,6,12,Yes,High,1,1
33,Other,Single,Pune,Designer,6.0,44067,Small,Operations,42,0.9,No,5,26,Medium,Migraine,5.2,4,Yes,Rarely,Travel_Rarely,8,2,3,0,No,3,4,3,3,5,0,1,2,46,64.8,5,3,0,8,51,No,High,1,1
35,Male,Married,Pune,Designer,2.8,48697,Large,HR,47,0.7,Partial,18,32,Medium,,5.2,5,Yes,Rarely,Travel_Rarely,8,1,4,1,No,3,2,1,2,3,2,0,2,152,56.1,6,8,0,5,7,No,Low,1,1
44,Female,Married,Kolkata,Manager,3.1,232216,Medium,HR,58,1.4,No,19,41,Low,,5.0,5,No,Often,Travel_Rarely,8,2,2,4,No,4,3,2,4,1,0,0,0,9,72.9,7,9,2,2,43,No,High,1,1
29,Other,Single,Mumbai,Designer,8.8,49873,Small,Engineering,42,2.9,Yes,5,37,Low,Migraine,5.2,4,Yes,Rarely,Travel_Rarely,1,4,4,3,No,3,2,2,2,7,7,1,7,55,51.1,2,7,2,1,55,No,Low,1,1
26,Female,Divorced,Mumbai,Developer,0.7,91131,Medium,Operations,45,2.4,Yes,16,16,Medium,,5.2,5,No,Sometimes,Travel_Rarely,25,1,3,1,No,3,3,2,2,1,0,0,1,29,48.9,7,4,0,6,75,No,High,1,1
26,Male,Divorced,Pune,Designer,2.5,43079,Medium,HR,50,0.7,Partial,19,19,Medium,,6.2,5,No,Rarely,Travel_Rarely,23,1,4,1,No,4,2,3,1,3,2,0,2,108,48.2,5,3,1,3,45,No,Low,1,1
45,Male,Single,Kolkata,CEO,15.4,537623,Large,HR,67,1.3,No,20,47,High,Hypertension,5.0,2,No,Often,Non-Travel,9,2,3,1,No,3,4,2,3,15,10,4,12,4,45.6,5,6,0,1,40,No,High,1,1
29,Female,Married,Pune,Developer,7.2,80256,Large,HR,49,0.5,No,17,12,Medium,,6.2,4,No,Sometimes,Travel_Rarely,1,1,3,0,No,3,4,1,2,6,2,1,5,118,30.0,7,7,0,2,1,No,Medium,1,1
33,Female,Single,Mumbai,Analyst,4.7,52956,Large,Operations,43,2.9,Yes,15,19,Medium,,5.0,5,No,Sometimes,Travel_Rarely,13,1,4,3,No,3,1,4,3,3,2,0,2,32,47.8,6,1,2,1,64,No,Low,1,1
34,Male,Divorced,Mumbai,Designer,4.3,54836,Medium,HR,49,1.9,Partial,20,13,Low,Migraine,5.0,5,No,Rarely,Travel_Rarely,3,1,4,0,No,3,3,1,1,3,2,0,2,117,30.0,5,5,0,5,38,No,High,1,1
31,Other,Single,Bangalore,Designer,10.5,47759,Medium,Operations,48,2.3,Yes,20,43,High,Diabetes,5.0,3,No,Rarely,Travel_Rarely,7,2,4,3,No,4,4,3,2,7,7,1,7,64,54.5,0,6,2,3,41,No,Low,1,1
58,Male,Divorced,Bangalore,CEO,21.2,588148,Large,Engineering,65,1.9,Yes,10,25,High,Back Pain,5.0,1,Yes,Often,Travel_Frequently,15,4,3,2,Yes,3,2,3,3,2,2,2,2,145,37.6,7,6,2,2,43,No,High,1,1
33,Male,Divorced,Delhi,Manager,4.4,263405,Medium,Marketing,60,1.7,Yes,6,40,Low,Migraine,5.0,5,Yes,Often,Travel_Rarely,2,1,4,0,No,3,1,2,4,3,1,0,2,176,41.1,5,5,1,4,37,Yes,Low,1,1
22,Male,Single,Delhi,Intern,1.4,16772,Medium,Marketing,29,1.9,Yes,9,5,Medium,,6.7,3,No,Rarely,Non-Travel,16,1,4,1,Yes,3,2,2,2,1,0,0,0,10,43.3,5,5,1,5,35,Yes,Low,1,1
25,Female,Married,Pune,Intern,1.4,17037,Medium,Operations,34,1.2,No,8,16,Medium,,7.2,4,No,Rarely,Travel_Rarely,19,1,2,1,Yes,3,3,2,3,1,0,0,0,84,48.0,6,3,0,3,28,No,High,1,1
24,Male,Married,Pune,Intern,2.4,19230,Medium,Marketing,34,1.3,Partial,5,26,Low,,7.2,3,Yes,Rarely,Travel_Rarely,21,1,1,0,No,3,2,3,3,1,1,0,0,25,50.1,8,2,2,2,50,Yes,Medium,1,1
26,Other,Married,Mumbai,Analyst,5.5,45903,Large,Engineering,40,2.8,Yes,16,4,Low,Migraine,5.2,4,No,Sometimes,Travel_Rarely,23,2,4,7,Yes,3,3,2,2,2,2,0,0,62,60.8,4,4,0,6,5,No,Medium,1,1
49,Female,Married,Mumbai,CEO,21.6,541568,Large,HR,63,2.1,Yes,7,27,High,Arthritis,5.0,1,No,Often,Travel_Frequently,10,5,1,9,Yes,3,4,4,3,3,2,1,2,85,44.2,6,7,0,0,5,Yes,Low,1,1
25,Other,Divorced,Mumbai,Developer,3.1,109848,Large,Marketing,49,1.6,Yes,18,36,Low,,5.2,5,Yes,Sometimes,Travel_Rarely,8,2,2,0,No,4,3,4,3,3,2,1,2,58,54.8,4,3,2,2,18,Yes,Medium,1,1
37,Male,Single,Bangalore,Manager,1.0,214139,Large,Engineering,50,2.6,Partial,20,27,Medium,,5.0,5,No,Often,Travel_Frequently,2,1,4,1,Yes,4,3,3,3,1,0,0,0,26,77.3,1,3,2,6,60,Yes,Medium,1,1
26,Female,Divorced,Delhi,Developer,2.9,82678,Medium,HR,47,2.4,Partial,20,45,Low,Migraine,5.7,5,Yes,Sometimes,Travel_Rarely,23,1,4,1,No,4,2,3,1,3,2,0,2,176,53.8,3,2,1,3,44,No,Medium,1,1
27,Female,Single,Hyderabad,Designer,6.6,41504,Large,Engineering,41,1.0,No,10,27,Medium,,5.5,4,Yes,Rarely,Travel_Rarely,9,1,2,1,No,3,4,2,2,7,7,0,3,160,48.2,4,4,1,4,22,Yes,Medium,1,1
25,Male,Divorced,Pune,Intern,1.7,15815,Medium,HR,26,1.4,No,15,34,Low,,7.2,4,No,Rarely,Travel_Rarely,7,1,4,1,No,3,3,2,3,2,2,2,1,97,42.2,5,6,0,1,19,No,Medium,1,1
23,Male,Single,Hyderabad,Intern,0.9,19139,Medium,HR,25,1.4,Partial,18,50,Medium,,6.5,3,Yes,Rarely,Travel_Rarely,6,1,1,1,Yes,4,3,2,3,0,0,0,0,104,48.1,4,7,0,4,33,No,High,1,1
25,Female,Married,Hyderabad,Developer,4.5,112492,Large,Marketing,46,1.1,No,7,6,Medium,Migraine,5.5,5,Yes,Sometimes,Travel_Rarely,1,2,3,0,No,3,4,3,3,4,2,1,2,98,41.1,5,6,1,2,43,No,Medium,1,1
33,Male,Divorced,Bangalore,Analyst,3.3,49858,Small,HR,42,2.6,Partial,11,45,Medium,Migraine,5.0,5,Yes,Sometimes,Non-Travel,8,1,4,0,No,3,4,2,2,2,2,2,2,128,52.7,2,5,0,1,62,No,Low,1,1
24,Female,Married,Pune,Developer,3.5,93889,Medium,Operations,50,1.0,No,15,31,Low,Migraine,6.2,5,Yes,Sometimes,Travel_Rarely,3,2,3,0,No,4,1,2,2,3,2,0,2,148,51.0,2,11,3,2,76,No,Low,1,1
29,Male,Married,Hyderabad,Designer,4.9,40726,Small,Marketing,44,1.3,No,10,47,Medium,Migraine,5.5,5,Yes,Rarely,Travel_Rarely,1,1,3,6,Yes,3,3,3,3,3,2,0,2,54,30.0,5,1,1,3,32,No,Medium,1,1
30,Other,Divorced,Hyderabad,Designer,6.4,45899,Small,Operations,49,1.2,Partial,18,50,Low,,5.0,4,Yes,Rarely,Travel_Rarely,2,1,4,0,No,3,4,3,3,5,3,1,2,5,49.8,5,6,0,3,79,No,Low,1,1
28,Male,Single,Pune,Developer,5.0,101830,Small,HR,47,0.9,No,17,39,Low,,6.2,4,Yes,Sometimes,Non-Travel,4,2,3,1,No,3,2,3,4,5,4,0,4,94,60.8,5,8,1,3,37,No,Medium,1,1
46,Male,Married,Bangalore,CEO,15.0,588191,Medium,Marketing,63,1.9,Partial,12,46,High,Hypertension,5.0,2,No,Often,Travel_Rarely,10,3,4,2,Yes,3,3,3,3,3,2,1,2,132,46.0,6,3,0,4,41,Yes,High,1,1
38,Male,Divorced,Kolkata,Manager,11.6,215647,Large,HR,56,1.2,Partial,19,20,High,Hypertension,5.0,3,No,Often,Travel_Rarely,1,2,4,4,No,4,3,2,4,8,3,0,7,101,43.5,4,5,2,3,55,Yes,High,1,1
32,Other,Divorced,Hyderabad,Designer,11.6,49192,Medium,Operations,47,1.3,Partial,19,28,High,Diabetes,5.0,3,Yes,Rarely,Travel_Rarely,6,2,3,1,No,3,1,0,3,11,8,5,7,2,36.2,9,4,0,4,57,Yes,Medium,1,1
44,Female,Divorced,Mumbai,CEO,1.6,578472,Medium,Operations,62,3.0,Partial,12,39,Low,,5.0,5,No,Often,Travel_Rarely,2,1,3,1,No,3,4,3,3,1,0,0,0,180,31.4,7,8,0,3,67,No,Medium,1,1
31,Other,Divorced,Bangalore,Designer,4.4,46919,Medium,HR,43,2.9,Partial,20,29,Medium,,5.0,5,No,Rarely,Travel_Rarely,20,2,3,3,Yes,3,3,2,3,2,2,2,2,22,58.3,2,6,1,1,9,No,Medium,1,1
43,Other,Single,Bangalore,CEO,8.9,545230,Small,Marketing,69,2.3,Yes,17,32,Low,Diabetes,5.0,4,No,Often,Travel_Frequently,10,1,4,0,No,3,1,5,3,8,7,1,7,52,48.2,3,4,1,1,37,No,Medium,1,1
35,Other,Divorced,Mumbai,Designer,14.1,51425,Small,HR,44,2.3,Yes,6,39,High,Arthritis,5.0,3,No,Rarely,Travel_Rarely,1,2,3,9,No,3,3,2,3,11,9,6,9,164,57.7,4,3,1,1,60,No,High,1,1
22,Male,Married,Mumbai,Intern,1.8,19476,Medium,Operations,28,2.5,Yes,7,17,Medium,,6.2,3,No,Rarely,Travel_Rarely,19,1,4,1,No,4,1,6,3,2,2,2,2,82,65.3,6,5,1,4,14,No,Medium,1,1
26,Male,Married,Delhi,Designer,2.1,50114,Medium,Engineering,48,2.5,Partial,8,30,Low,,5.7,5,Yes,Rarely,Travel_Rarely,23,1,4,1,No,4,2,3,1,3,2,0,2,144,59.2,7,7,1,3,0,No,Low,1,1
52,Male,Divorced,Bangalore,CEO,0.6,581884,Medium,Engineering,68,2.6,Partial,18,40,Medium,Back Pain,5.0,5,No,Often,Travel_Rarely,1,1,4,1,No,3,2,0,2,1,0,0,0,84,44.6,4,3,1,7,5,No,Medium,1,1
44,Female,Single,Kolkata,Manager,12.2,219971,Small,Marketing,51,1.2,No,5,48,High,Arthritis,5.0,3,No,Often,Travel_Rarely,8,2,4,9,No,3,1,3,3,10,9,9,8,77,51.4,5,5,2,7,33,No,Medium,1,1
48,Male,Single,Delhi,CEO,22.0,530280,Small,HR,66,2.1,Partial,9,26,High,Hypertension,5.0,1,No,Often,Travel_Rarely,1,3,3,9,Yes,3,4,2,3,1,0,0,0,109,43.9,5,8,1,4,75,Yes,Low,1,1
24,Other,Single,Hyderabad,Developer,1.1,85921,Small,HR,44,1.2,Partial,6,29,Low,Migraine,5.5,5,Yes,Sometimes,Travel_Rarely,17,1,2,1,No,4,4,2,3,1,0,0,0,0,42.9,3,3,0,4,5,No,Low,1,1
38,Female,Married,Delhi,Manager,15.9,229972,Medium,Engineering,57,1.6,Yes,19,17,High,Hypertension,5.0,2,No,Often,Travel_Rarely,1,2,2,0,No,3,1,3,3,15,13,5,8,50,53.4,3,6,2,3,12,No,Medium,1,1
45,Other,Single,Bangalore,CEO,25.0,518437,Large,Engineering,68,1.6,Partial,15,40,High,Diabetes,5.0,1,No,Often,Travel_Rarely,7,3,1,2,No,3,3,2,3,1,0,0,0,172,41.7,7,9,1,10,25,No,Medium,1,1
58,Female,Single,Bangalore,CEO,8.4,589881,Small,HR,64,2.7,Partial,9,46,Low,Hypertension,5.0,4,No,Often,Travel_Rarely,9,1,2,4,Yes,4,2,3,2,1,0,0,0,3,30.0,3,2,1,3,15,No,High,1,1
31,Male,Single,Bangalore,Analyst,2.4,50522,Large,Operations,45,1.6,Partial,18,14,Low,,5.0,5,No,Sometimes,Travel_Frequently,5,1,2,1,No,3,3,5,2,2,2,2,2,112,41.1,8,5,1,4,12,Yes,Low,1,1
45,Other,Single,Kolkata,Manager,22.3,249399,Large,Operations,58,0.5,Partial,14,27,High,Hypertension,5.0,1,Yes,Often,Non-Travel,2,4,4,9,No,4,4,1,3,20,8,11,8,31,46.9,8,7,2,2,0,Yes,Low,1,1
30,Male,Divorced,Pune,Designer,1.8,40814,Small,HR,47,0.8,Partial,7,34,Medium,,5.2,5,Yes,Rarely,Travel_Rarely,24,1,3,1,No,4,2,2,3,1,0,0,0,33,65.2,5,5,1,5,24,Yes,Low,1,1
52,Male,Single,Mumbai,CEO,15.2,586536,Small,Operations,64,1.7,Yes,20,49,High,Arthritis,5.0,2,No,Often,Non-Travel,29,1,4,2,No,3,2,3,2,9,8,0,0,91,45.1,5,5,0,2,74,No,Medium,1,1
29,Female,Single,Bangalore,Analyst,8.5,56139,Small,Engineering,40,2.6,Yes,13,43,Low,,5.0,4,No,Sometimes,Travel_Rarely,19,2,4,4,No,3,2,2,4,3,2,1,2,94,55.1,3,3,0,3,46,No,Medium,1,1
28,Other,Single,Delhi,Developer,2.7,119900,Medium,HR,44,1.8,Yes,10,5,Medium,Migraine,5.7,5,No,Sometimes,Travel_Frequently,6,1,3,1,Yes,3,4,2,3,3,1,0,2,71,48.3,3,5,1,2,59,No,High,1,1
23,Male,Divorced,Mumbai,Intern,2.1,15734,Small,HR,34,1.7,Yes,18,47,Medium,,6.2,5,Yes,Rarely,Travel_Rarely,10,1,3,1,No,3,4,3,3,2,2,0,2,38,62.3,6,6,2,3,23,No,Medium,1,1
22,Male,Married,Kolkata,Intern,0.8,16979,Large,Marketing,29,1.2,Partial,20,39,Low,,7.5,5,No,Rarely,Non-Travel,16,1,4,1,Yes,3,2,2,2,1,0,0,0,153,61.6,5,4,1,4,18,Yes,High,1,1
43,Other,Married,Kolkata,CEO,19.8,524259,Medium,Operations,60,1.3,Partial,12,36,High,Arthritis,5.0,2,No,Often,Travel_Rarely,6,2,3,1,Yes,3,1,3,1,20,7,1,8,161,61.8,4,7,1,2,45,Yes,Low,1,1
24,Other,Married,Mumbai,Developer,1.7,80420,Large,HR,48,2.3,Partial,16,3,Low,,5.2,5,Yes,Sometimes,Travel_Rarely,21,1,1,0,No,3,2,3,3,1,1,0,0,117,32.7,6,3,2,5,37,No,Low,1,1
20,Female,Divorced,Delhi,Intern,0.3,17832,Medium,HR,25,2.9,Partial,17,14,Low,Migraine,6.7,4,Yes,Rarely,Travel_Frequently,6,1,4,1,Yes,3,2,5,3,1,0,1,0,2,52.1,3,5,1,3,34,No,Low,1,1
27,Other,Married,Pune,Designer,4.4,46909,Large,Marketing,46,1.2,Partial,11,20,Low,Migraine,6.2,5,Yes,Rarely,Travel_Rarely,5,1,2,1,Yes,3,2,2,2,4,3,1,2,122,57.6,12,7,0,3,69,No,Medium,1,1
25,Other,Single,Delhi,Intern,4.2,16191,Medium,HR,30,2.1,Yes,7,23,Medium,,6.7,4,No,Rarely,Travel_Rarely,8,2,2,0,No,4,3,4,3,3,2,1,2,49,53.8,1,4,2,4,19,No,Low,1,1
20,Male,Divorced,Bangalore,Intern,0.5,15426,Small,Engineering,29,3.0,Partial,14,3,Low,,6.0,4,Yes,Rarely,Travel_Frequently,6,1,4,1,Yes,3,2,5,3,1,0,1,0,11,56.4,6,6,0,4,16,Yes,Medium,1,1
44,Other,Single,Mumbai,Manager,8.6,262475,Large,HR,57,1.6,Partial,18,20,Low,Diabetes,5.0,4,No,Often,Travel_Rarely,10,2,4,2,Yes,3,4,5,4,4,2,1,3,53,50.6,1,6,1,4,52,Yes,Low,1,1
38,Female,Divorced,Hyderabad,Manager,7.9,240189,Small,HR,53,1.1,Partial,10,12,Low,,5.0,4,No,Often,Travel_Rarely,7,2,1,1,Yes,4,3,3,3,8,0,7,7,132,42.6,6,2,2,0,49,No,Low,1,1
31,Male,Divorced,Hyderabad,Manager,8.7,284418,Large,HR,57,0.9,No,13,46,Medium,Migraine,5.0,4,No,Often,Travel_Frequently,3,3,3,9,No,3,1,3,3,2,2,2,2,56,33.0,1,6,0,2,14,No,Medium,1,1
31,Male,Single,Pune,Designer,7.6,53054,Medium,Marketing,50,0.8,Partial,11,40,Medium,,5.2,4,Yes,Rarely,Travel_Rarely,11,1,4,3,Yes,3,2,2,3,6,4,0,2,144,43.5,4,7,0,6,37,No,Medium,1,1
34,Male,Single,Pune,Analyst,8.4,52282,Large,HR,44,1.0,Partial,16,24,Medium,Migraine,5.2,4,Yes,Sometimes,Travel_Rarely,6,1,1,2,No,3,3,2,3,4,2,1,3,111,76.8,3,3,1,2,0,No,High,1,1
43,Male,Married,Mumbai,Manager,14.4,228068,Small,HR,56,2.7,Partial,10,17,High,Back Pain,5.0,3,Yes,Often,Travel_Rarely,15,4,3,1,No,4,1,3,3,14,10,6,11,46,45.1,3,4,0,4,41,No,High,1,1
24,Female,Married,Delhi,Intern,3.6,17217,Large,Operations,26,1.9,Yes,9,23,Low,,6.7,3,No,Rarely,Travel_Rarely,3,2,3,0,No,4,1,2,2,3,2,0,2,150,30.4,5,1,1,3,26,No,Low,1,1
50,Male,Married,Mumbai,CEO,24.6,592145,Medium,HR,64,2.9,Partial,18,47,High,Diabetes,5.0,1,Yes,Often,Travel_Rarely,28,4,1,4,Yes,3,2,2,3,3,2,1,2,84,57.3,5,3,1,4,30,No,High,1,1
37,Other,Divorced,Hyderabad,Manager,5.9,219743,Medium,Engineering,56,0.6,Partial,18,21,Medium,,5.0,4,No,Often,Travel_Rarely,10,1,1,0,Yes,3,2,3,2,5,3,4,3,141,58.6,5,6,2,3,12,No,Medium,1,1
31,Male,Single,Pune,Designer,9.0,40910,Small,HR,42,1.3,Partial,14,45,Medium,Migraine,5.2,4,No,Rarely,Travel_Frequently,3,3,3,9,No,3,1,3,3,2,2,2,2,65,62.9,9,4,1,2,59,No,Medium,1,1
45,Male,Divorced,Hyderabad,Manager,22.6,286547,Large,Operations,54,0.8,No,16,27,High,Diabetes,5.0,1,No,Often,Non-Travel,6,3,4,6,No,3,4,2,3,19,7,12,8,74,54.7,3,4,4,2,40,Yes,Low,1,1
23,Other,Divorced,Kolkata,Developer,2.6,94698,Medium,Operations,47,1.5,No,6,19,Low,Migraine,6.5,5,No,Sometimes,Travel_Rarely,2,1,1,3,No,3,3,3,3,0,0,0,0,178,58.5,3,6,1,1,55,No,Medium,1,1
21,Male,Single,Pune,Intern,0.8,15576,Large,Operations,32,1.2,No,10,7,Medium,Migraine,7.2,4,Yes,Rarely,Travel_Rarely,12,1,2,1,No,3,4,0,3,1,0,0,0,102,68.4,6,6,0,3,33,No,Low,1,1
23,Other,Single,Pune,Developer,1.1,90561,Large,Marketing,45,0.8,Partial,20,15,Low,Migraine,6.2,5,No,Sometimes,Travel_Rarely,6,1,1,1,Yes,4,3,2,3,0,0,0,0,165,42.5,6,9,2,1,59,No,Low,1,1
27,Other,Single,Delhi,Developer,5.0,85971,Small,HR,45,2.0,Yes,17,28,Medium,,5.7,4,No,Sometimes,Travel_Rarely,2,2,3,1,Yes,3,1,3,3,5,4,0,4,37,40.6,3,4,0,6,0,No,Low,1,1
27,Other,Married,Hyderabad,Analyst,5.8,59611,Small,Marketing,44,0.8,Partial,14,28,Medium,,5.5,4,No,Sometimes,Travel_Rarely,2,1,2,9,No,3,4,3,3,2,2,2,2,49,39.1,7,5,2,1,35,No,Medium,1,1
35,Other,Single,Kolkata,Manager,3.0,205498,Medium,Engineering,54,1.5,Partial,15,44,Low,Migraine,5.0,5,No,Often,Travel_Rarely,8,1,4,1,No,3,2,1,2,3,2,0,2,97,47.3,4,6,0,0,59,Yes,Medium,1,1
34,Other,Married,Mumbai,Manager,8.0,200530,Medium,Marketing,50,2.6,Yes,9,3,Low,Migraine,5.0,4,Yes,Often,Travel_Rarely,6,1,1,2,No,3,3,2,3,4,2,1,3,81,64.3,1,6,0,4,0,No,High,1,1
27,Other,Married,Delhi,Analyst,1.6,55651,Medium,Operations,44,2.5,Partial,18,50,Medium,,5.7,5,Yes,Sometimes,Travel_Rarely,2,1,1,1,No,3,4,6,3,1,0,0,0,29,55.3,7,7,0,1,38,No,Medium,1,1
23,Other,Divorced,Hyderabad,Developer,1.0,113843,Large,Operations,42,1.3,Partial,15,44,Medium,Migraine,5.5,5,No,Sometimes,Travel_Rarely,6,1,1,1,Yes,4,3,2,3,0,0,0,0,78,54.9,7,3,2,4,47,No,High,1,1
29,Male,Single,Kolkata,Developer,4.3,117134,Medium,Engineering,47,0.8,Partial,8,5,Low,Migraine,6.5,5,No,Sometimes,Travel_Rarely,18,1,4,1,Yes,3,3,3,2,4,3,0,1,90,31.8,2,1,2,1,27,Yes,Medium,1,1
20,Female,Single,Pune,Intern,0.2,17023,Large,HR,33,0.8,Partial,14,18,Medium,,7.2,4,Yes,Rarely,Travel_Frequently,6,1,4,1,Yes,3,2,5,3,1,0,1,0,178,43.1,5,4,2,3,55,No,Low,1,1
48,Other,Married,Mumbai,CEO,27.8,580538,Small,Engineering,65,2.2,Partial,20,30,High,Back Pain,5.0,1,No,Often,Travel_Rarely,4,3,3,7,No,3,2,3,3,15,11,4,8,51,31.6,6,5,1,3,55,No,Medium,1,1
21,Male,Divorced,Hyderabad,Intern,0.6,19080,Small,Operations,30,1.0,Partial,12,4,Medium,,6.5,4,Yes,Rarely,Travel_Rarely,12,1,2,1,No,3,4,0,3,1,0,0,0,165,61.7,9,5,0,2,23,No,Medium,1,1
24,Other,Single,Hyderabad,Intern,2.2,15780,Small,Engineering,31,0.5,No,12,49,Medium,Migraine,6.5,4,Yes,Rarely,Travel_Rarely,21,1,1,0,No,3,2,3,3,1,1,0,0,78,65.9,3,5,0,4,27,Yes,Medium,1,1
25,Other,Single,Mumbai,Designer,2.3,41575,Medium,Operations,46,2.5,Partial,17,5,Low,,5.2,5,Yes,Rarely,Travel_Rarely,7,1,4,1,No,3,3,2,3,2,2,2,1,29,57.8,4,5,0,5,12,No,Medium,1,1
20,Female,Single,Hyderabad,Intern,0.1,18022,Small,Marketing,25,1.1,Partial,13,43,Low,Migraine,6.5,3,Yes,Rarely,Travel_Frequently,6,1,4,1,Yes,3,2,5,3,1,0,1,0,105,40.1,10,6,0,1,41,Yes,Medium,1,1
35,Male,Married,Pune,Analyst,6.5,55918,Large,Engineering,44,1.2,No,12,31,Low,Migraine,5.2,4,No,Sometimes,Travel_Rarely,16,1,2,0,No,3,3,5,3,5,4,0,3,50,64.8,4,7,0,3,39,No,Low,1,1
33,Male,Single,Pune,Analyst,10.3,51444,Small,HR,41,1.2,Partial,10,17,High,Arthritis,5.2,3,Yes,Sometimes,Travel_Frequently,1,2,1,2,No,3,1,3,3,5,3,1,3,80,47.5,4,6,0,6,35,Yes,Medium,1,1
25,Other,Single,Kolkata,Analyst,1.0,45282,Medium,Engineering,41,0.6,No,8,50,Low,Migraine,6.5,5,Yes,Sometimes,Travel_Rarely,19,1,2,1,Yes,3,3,2,3,1,0,0,0,132,37.9,4,8,2,1,37,No,Low,1,1
38,Other,Married,Kolkata,Manager,16.6,281959,Small,Marketing,58,1.2,No,13,25,High,Hypertension,5.0,2,No,Often,Non-Travel,6,2,4,7,Yes,3,4,3,3,13,11,1,9,28,40.4,7,4,0,3,18,No,Low,1,1
32,Male,Married,Kolkata,Designer,10.6,40592,Large,Operations,40,0.7,Partial,8,17,High,Back Pain,5.5,3,No,Rarely,Travel_Frequently,16,1,1,1,Yes,4,2,5,3,10,2,6,7,131,45.7,8,7,1,1,6,No,Medium,1,1
45,Male,Divorced,Pune,Manager,15.1,255721,Large,Operations,54,0.9,No,11,15,High,Back Pain,5.0,2,Yes,Often,Non-Travel,9,2,3,1,No,3,4,2,3,15,10,4,12,137,50.5,6,2,1,3,44,Yes,Medium,1,1
42,Other,Single,Delhi,CEO,0.9,529278,Small,HR,67,2.3,Yes,13,8,Low,Diabetes,5.0,5,No,Often,Travel_Rarely,2,1,3,0,Yes,3,3,5,3,3,2,1,0,144,48.4,6,1,0,4,31,Yes,Low,1,1
22,Male,Single,Bangalore,Intern,1.4,16261,Large,HR,32,1.7,Yes,13,3,Medium,,6.0,3,Yes,Rarely,Non-Travel,16,1,4,1,Yes,3,2,2,2,1,0,0,0,73,35.9,3,4,0,4,14,No,Medium,1,1
49,Female,Single,Hyderabad,CEO,11.6,538269,Large,Operations,70,0.8,Partial,5,43,High,Diabetes,5.0,3,No,Often,Travel_Rarely,2,2,2,3,No,3,4,3,3,2,2,2,2,16,62.1,5,4,0,3,20,No,Medium,1,1
41,Other,Single,Kolkata,Manager,14.0,274230,Medium,Engineering,52,0.9,No,11,40,High,Arthritis,5.0,3,Yes,Often,Travel_Rarely,8,2,2,5,No,4,3,3,3,5,4,1,4,83,48.5,6,10,0,3,53,No,Low,1,1
27,Female,Single,Hyderabad,Designer,3.2,46005,Medium,Operations,45,0.8,Partial,18,21,Low,Migraine,5.5,5,No,Rarely,Non-Travel,8,1,3,1,No,3,4,4,3,3,2,1,2,68,42.9,2,5,1,3,52,No,Medium,1,1
32,Female,Divorced,Mumbai,Analyst,3.1,46635,Small,HR,44,2.0,Partial,11,16,Low,Migraine,5.0,5,Yes,Sometimes,Travel_Rarely,1,1,2,0,No,3,2,2,3,2,2,2,2,33,61.1,8,4,2,1,48,No,Low,1,1
35,Female,Married,Delhi,Analyst,14.5,49768,Medium,Engineering,41,2.2,Partial,5,29,High,Diabetes,5.0,3,Yes,Sometimes,Travel_Rarely,1,2,3,9,No,3,3,2,3,11,9,6,9,5,38.2,5,4,0,2,34,No,Medium,1,1
31,Other,Divorced,Kolkata,Analyst,3.3,55320,Large,Engineering,45,0.9,Partial,14,3,Low,Migraine,5.5,5,Yes,Sometimes,Travel_Rarely,2,1,4,0,Yes,3,2,2,1,2,2,2,2,52,33.7,4,9,2,4,21,No,Low,1,1
40,Female,Divorced,Bangalore,Manager,10.8,248564,Medium,Operations,58,2.8,Partial,11,39,High,Diabetes,5.0,3,Yes,Often,Travel_Rarely,10,3,2,2,No,3,2,2,2,1,0,0,0,125,62.7,4,3,1,2,61,Yes,Medium,1,1
31,Male,Divorced,Pune,Designer,7.2,53666,Medium,HR,45,0.9,Partial,15,44,Low,,5.2,4,Yes,Rarely,Travel_Rarely,12,1,4,8,Yes,4,3,0,3,4,2,0,2,42,68.9,2,3,0,5,29,No,High,1,1
40,Other,Divorced,Mumbai,CEO,5.5,521064,Medium,HR,68,1.6,Yes,18,20,Medium,Back Pain,5.0,4,Yes,Often,Non-Travel,9,2,4,9,No,3,4,5,1,3,2,0,2,114,45.4,5,6,0,0,40,Yes,High,1,1
24,Other,Single,Pune,Intern,3.7,16906,Large,HR,28,0.9,No,10,16,Low,Migraine,7.2,3,No,Rarely,Travel_Rarely,3,2,3,0,No,4,1,2,2,3,2,0,2,110,49.5,5,2,0,3,18,No,Medium,1,1
20,Female,Single,Kolkata,Intern,0.5,15337,Large,Marketing,32,0.7,No,16,18,Low,Migraine,7.5,5,No,Rarely,Travel_Frequently,6,1,4,1,Yes,3,2,5,3,1,0,1,0,150,38.5,4,2,1,2,30,No,Low,1,1
56,Female,Married,Hyderabad,CEO,16.4,534103,Large,Operations,60,1.0,No,12,36,High,Arthritis,5.0,2,Yes,Often,Travel_Frequently,18,2,2,3,Yes,3,4,3,3,8,7,6,7,79,50.1,2,7,1,5,0,Yes,Low,1,1
27,Female,Single,Bangalore,Analyst,4.3,54072,Small,Operations,45,2.8,Yes,5,45,Medium,Migraine,5.0,5,Yes,Sometimes,Travel_Rarely,5,1,2,1,Yes,3,2,2,2,4,3,1,2,94,45.2,4,5,1,6,22,Yes,Medium,1,1
24,Other,Single,Kolkata,Intern,1.1,19115,Large,Operations,28,1.1,No,12,3,Medium,Migraine,7.5,4,No,Rarely,Travel_Rarely,17,1,2,1,No,4,4,2,3,1,0,0,0,117,49.0,4,6,1,3,5,No,Medium,1,1
40,Other,Single,Pune,Manager,2.3,209022,Large,Marketing,52,1.3,Partial,7,20,Low,Diabetes,5.0,5,Yes,Often,Travel_Frequently,9,1,2,8,Yes,3,4,2,3,1,1,0,0,143,54.1,1,5,0,1,39,Yes,High,1,1
25,Female,Married,Bangalore,Intern,3.1,16962,Large,HR,25,1.8,Partial,12,24,Low,,6.0,3,No,Rarely,Travel_Rarely,8,2,2,0,No,4,3,4,3,3,2,1,2,7,39.0,8,8,0,4,23,No,Low,1,1
26,Male,Married,Delhi,Analyst,5.1,54619,Medium,Operations,42,1.5,Partial,10,12,Low,Migraine,5.7,4,Yes,Sometimes,Travel_Rarely,23,2,4,7,Yes,3,3,2,2,2,2,0,0,131,46.4,4,5,1,1,29,Yes,Medium,1,1
35,Female,Divorced,Bangalore,Analyst,14.0,55837,Small,Engineering,41,2.1,Yes,7,34,High,Hypertension,5.0,3,No,Sometimes,Travel_Rarely,5,3,1,2,No,3,4,6,3,11,10,5,8,103,32.0,10,7,2,4,78,Yes,Medium,1,1
35,Male,Married,Mumbai,Designer,13.4,44525,Small,Marketing,50,2.9,Partial,19,44,High,Diabetes,5.0,3,No,Rarely,Travel_Frequently,12,2,4,3,Yes,4,1,2,4,11,9,6,7,131,46.5,6,7,1,1,15,Yes,Medium,1,1
53,Male,Divorced,Delhi,CEO,26.4,528069,Small,Engineering,64,2.0,Yes,18,31,High,Hypertension,5.0,1,Yes,Often,Travel_Rarely,5,5,3,4,No,3,4,3,2,14,13,4,8,24,49.1,3,7,0,4,37,Yes,Low,1,1
26,Male,Divorced,Pune,Analyst,5.9,48730,Large,Marketing,45,0.9,Partial,5,42,Low,,6.2,4,Yes,Sometimes,Travel_Frequently,1,2,2,1,No,4,1,6,1,6,5,1,4,95,52.3,6,4,0,1,39,No,High,1,1
34,Other,Divorced,Kolkata,Analyst,8.9,46921,Large,Operations,44,1.3,No,12,10,Medium,Migraine,5.5,4,Yes,Sometimes,Travel_Frequently,7,2,3,1,Yes,4,4,3,3,9,7,0,6,154,52.4,4,7,1,5,16,No,Medium,1,1
36,Male,Divorced,Kolkata,Manager,5.5,242995,Large,Marketing,50,1.0,No,10,30,Medium,,5.0,4,No,Often,Travel_Rarely,5,1,1,9,Yes,3,4,3,4,1,1,0,0,92,59.0,3,4,0,2,57,Yes,High,1,1
48,Other,Divorced,Hyderabad,CEO,11.2,500760,Medium,HR,61,1.3,No,9,12,High,Diabetes,5.0,3,No,Often,Travel_Rarely,4,3,4,1,No,3,3,2,3,10,9,0,8,159,34.6,2,3,0,5,68,Yes,Medium,1,1
29,Female,Divorced,Hyderabad,Designer,4.0,49659,Medium,Engineering,43,0.6,Partial,14,25,Medium,,5.5,5,Yes,Rarely,Travel_Rarely,18,1,4,1,Yes,3,3,3,2,4,3,0,1,177,35.1,3,7,0,2,59,Yes,Medium,1,1
60,Other,Married,Bangalore,CEO,26.2,551870,Small,Engineering,69,1.6,Yes,10,32,High,Arthritis,5.0,1,No,Often,Travel_Rarely,18,3,4,6,No,3,4,6,2,9,7,5,4,60,55.3,5,6,3,3,16,No,Low,1,1
40,Female,Married,Pune,CEO,3.3,507407,Small,HR,64,0.7,Partial,12,16,Low,Back Pain,5.0,5,No,Often,Travel_Frequently,9,1,2,8,Yes,3,4,2,3,1,1,0,0,121,30.0,3,4,1,2,21,No,Medium,1,1
27,Female,Single,Mumbai,Developer,5.4,87611,Large,Operations,48,2.7,Partial,15,42,Medium,,5.2,4,No,Sometimes,Travel_Rarely,2,2,3,1,Yes,3,1,3,3,5,4,0,4,50,51.8,4,4,0,1,0,Yes,Medium,1,1
25,Male,Single,Kolkata,Designer,0.9,45850,Small,Engineering,42,1.4,Partial,6,31,Medium,,6.5,5,No,Rarely,Travel_Rarely,19,1,2,1,Yes,3,3,2,3,1,0,0,0,146,38.2,3,5,1,7,31,Yes,Medium,1,1
30,Female,Single,Delhi,Analyst,7.2,55972,Large,HR,44,2.4,Partial,20,44,Low,Migraine,5.0,4,No,Sometimes,Travel_Rarely,1,1,3,3,No,4,3,2,3,2,2,0,2,20,65.7,6,4,1,4,33,No,Low,1,1
25,Other,Married,Delhi,Intern,1.3,18963,Medium,Engineering,29,2.7,Yes,16,47,Medium,,6.7,5,Yes,Rarely,Travel_Rarely,19,1,2,1,Yes,3,3,2,3,1,0,0,0,4,52.5,5,2,0,3,51,Yes,Medium,1,1
31,Female,Single,Hyderabad,Manager,6.2,222862,Large,HR,59,1.1,Partial,16,49,Low,Migraine,5.0,4,No,Often,Non-Travel,1,2,3,0,No,3,4,2,3,5,4,1,4,91,47.8,5,3,2,6,70,No,Low,1,1
27,Other,Divorced,Mumbai,Designer,2.2,47095,Small,HR,48,2.9,Yes,15,44,Low,Migraine,5.2,5,No,Rarely,Non-Travel,8,1,3,1,No,3,4,4,3,3,2,1,2,169,62.3,4,7,0,1,10,No,Low,1,1
24,Male,Single,Pune,Intern,2.9,16809,Small,Operations,31,1.5,No,19,31,Medium,Migraine,7.2,3,Yes,Rarely,Travel_Frequently,24,1,4,0,No,3,3,3,3,2,2,2,1,60,39.4,4,5,1,3,38,Yes,Low,1,1
28,Female,Married,Pune,Designer,3.3,45382,Small,HR,49,0.7,Partial,18,28,Low,Migraine,6.2,5,Yes,Rarely,Travel_Frequently,6,1,3,1,Yes,3,4,2,3,3,1,0,2,21,41.3,6,2,0,5,30,Yes,Low,1,1
34,Male,Single,Hyderabad,Analyst,7.8,57182,Large,Engineering,41,0.6,Partial,8,20,Medium,,5.0,4,No,Sometimes,Travel_Rarely,6,1,1,2,No,3,3,2,3,4,2,1,3,148,37.4,4,3,0,3,32,Yes,Medium,1,1
25,Other,Married,Pune,Intern,2.6,15620,Large,Marketing,25,1.0,No,13,36,Medium,Migraine,7.2,5,No,Rarely,Travel_Rarely,7,1,4,1,No,3,3,2,3,2,2,2,1,69,41.3,6,4,2,3,66,No,Low,1,1
32,Male,Divorced,Kolkata,Designer,2.0,43749,Large,HR,42,1.4,No,16,40,Low,,5.5,5,No,Rarely,Travel_Frequently,13,1,2,1,No,4,3,2,3,2,2,2,2,0,50.6,4,4,0,1,37,Yes,Low,1,1
50,Female,Single,Bangalore,CEO,28.4,510181,Small,Operations,67,1.5,Yes,16,38,High,Hypertension,5.0,1,No,Often,Travel_Frequently,1,5,2,3,Yes,3,1,1,2,8,3,0,7,132,54.9,5,5,0,4,46,No,Low,1,1
26,Male,Married,Kolkata,Analyst,1.6,54514,Large,Operations,43,1.2,No,17,27,Medium,,6.5,5,No,Sometimes,Travel_Rarely,25,1,3,1,No,3,3,2,2,1,0,0,1,11,59.6,5,6,0,4,44,No,Medium,1,1
45,Other,Married,Kolkata,CEO,18.6,542218,Large,Marketing,63,1.0,No,11,19,High,Hypertension,5.0,2,Yes,Often,Travel_Rarely,9,3,1,4,Yes,3,3,2,3,5,4,0,2,89,31.8,4,7,2,5,39,Yes,Medium,1,1
52,Other,Married,Hyderabad,CEO,1.4,549561,Large,Engineering,61,0.5,No,18,14,Low,Diabetes,5.0,5,No,Often,Travel_Rarely,1,1,4,1,No,3,2,0,2,1,0,0,0,45,48.3,5,9,1,2,20,No,Medium,1,1
25,Female,Divorced,Pune,Intern,2.6,15421,Medium,HR,27,0.6,No,20,29,Medium,,7.2,4,Yes,Rarely,Travel_Rarely,7,1,4,1,No,3,3,2,3,2,2,2,1,33,38.9,3,5,2,2,72,No,Medium,1,1
27,Male,Married,Bangalore,Analyst,6.3,57460,Medium,HR,45,2.3,Partial,11,15,Low,,5.0,4,No,Sometimes,Travel_Rarely,2,1,2,9,No,3,4,3,3,2,2,2,2,176,47.9,4,6,1,2,34,Yes,Medium,1,1
27,Other,Married,Hyderabad,Developer,1.6,84147,Small,Engineering,44,1.2,No,13,18,Low,Migraine,5.5,5,Yes,Sometimes,Travel_Rarely,2,1,1,1,No,3,4,6,3,1,0,0,0,77,73.3,6,7,0,3,46,Yes,High,1,1
25,Female,Divorced,Kolkata,Intern,0.5,18490,Large,Operations,34,0.6,Partial,7,15,Low,,7.5,4,Yes,Rarely,Travel_Rarely,19,1,2,1,Yes,3,3,2,3,1,0,0,0,44,52.9,6,3,2,3,40,No,Low,1,1
24,Other,Single,Pune,Intern,1.2,18177,Large,Engineering,27,1.1,Partial,18,13,Medium,Migraine,7.2,5,No,Rarely,Travel_Rarely,17,1,2,1,No,4,4,2,3,1,0,0,0,154,59.0,1,8,2,2,0,Yes,High,1,1
24,Female,Divorced,Bangalore,Intern,3.1,18382,Large,HR,32,3.0,Partial,18,46,Medium,Migraine,6.0,3,No,Rarely,Travel_Frequently,24,1,4,0,No,3,3,3,3,2,2,2,1,72,69.6,3,6,0,2,14,No,Low,1,1
32,Other,Married,Mumbai,Designer,6.4,40549,Large,HR,47,2.3,Partial,8,4,Medium,Migraine,5.0,4,No,Rarely,Travel_Rarely,4,1,2,2,No,3,1,5,3,4,3,1,2,25,61.3,4,4,1,2,37,Yes,Medium,1,1
33,Other,Divorced,Bangalore,Designer,8.6,49944,Small,HR,42,2.0,Yes,15,24,Low,,5.0,4,Yes,Rarely,Travel_Frequently,10,2,4,3,No,3,3,6,2,7,7,0,1,46,45.5,6,11,1,5,18,No,Medium,1,1
50,Male,Single,Pune,CEO,22.2,504939,Large,Operations,70,1.4,Partial,15,36,High,Hypertension,5.0,1,Yes,Often,Travel_Rarely,24,4,3,3,Yes,3,4,2,3,12,11,1,5,120,37.2,4,3,0,2,43,No,Low,1,1
40,Female,Single,Kolkata,Manager,16.4,228041,Small,Engineering,56,1.3,No,16,3,High,Diabetes,5.0,2,No,Often,Travel_Frequently,26,2,4,3,Yes,3,4,3,1,1,1,0,0,55,49.7,3,8,0,3,17,Yes,Medium,1,1
31,Other,Single,Mumbai,Manager,0.8,201938,Medium,Engineering,60,2.3,Partial,10,47,Medium,,5.0,5,Yes,Often,Travel_Rarely,1,1,2,1,No,3,2,4,3,1,1,1,0,93,44.3,14,4,1,4,35,Yes,Medium,1,1
20,Female,Married,Pune,Intern,0.3,15539,Small,Marketing,29,0.6,Partial,15,48,Low,Migraine,7.2,3,No,Rarely,Travel_Frequently,6,1,4,1,Yes,3,2,5,3,1,0,1,0,106,34.8,5,3,1,2,1,Yes,Medium,1,1
22,Male,Single,Hyderabad,Intern,1.4,19355,Small,Operations,29,1.3,No,13,12,Low,,6.5,3,No,Rarely,Non-Travel,16,1,4,1,Yes,3,2,2,2,1,0,0,0,62,52.4,4,3,1,1,52,No,Medium,1,1
30,Other,Single,Kolkata,Developer,7.6,89568,Small,Marketing,43,0.6,No,7,13,Medium,Migraine,5.5,4,Yes,Sometimes,Travel_Rarely,5,1,1,5,No,3,4,3,3,3,2,2,2,47,52.7,5,5,0,5,44,No,Low,1,1
25,Other,Single,Pune,Analyst,0.9,55636,Small,Operations,40,1.1,No,19,11,Medium,Migraine,6.2,5,No,Sometimes,Travel_Rarely,19,1,2,1,Yes,3,3,2,3,1,0,0,0,60,67.7,5,8,0,4,45,Yes,High,1,1
27,Other,Divorced,Mumbai,Developer,1.7,115576,Medium,Marketing,44,1.9,Partial,9,25,Low,Migraine,5.2,5,Yes,Sometimes,Travel_Rarely,2,1,1,1,No,3,4,6,3,1,0,0,0,80,46.4,7,2,0,4,33,No,High,1,1
53,Male,Divorced,Bangalore,CEO,22.8,577978,Large,HR,67,2.6,Partial,9,48,High,Back Pain,5.0,1,No,Often,Travel_Rarely,2,4,3,6,No,3,3,3,4,17,13,15,2,25,52.8,7,4,0,3,21,No,Medium,1,1
32,Female,Married,Bangalore,Designer,9.2,54765,Large,HR,44,2.0,Yes,20,4,Medium,,5.0,4,Yes,Rarely,Travel_Rarely,1,2,4,1,Yes,4,2,3,3,9,8,7,8,35,43.3,7,6,0,3,67,No,Medium,1,1
23,Male,Single,Pune,Intern,2.5,15743,Small,Operations,35,1.3,Partial,13,40,Low,Migraine,7.2,5,Yes,Rarely,Travel_Rarely,2,1,1,3,No,3,3,3,3,0,0,0,0,0,58.7,2,6,0,6,68,No,Low,1,1
27,Other,Divorced,Kolkata,Developer,2.0,84917,Medium,Operations,49,1.5,No,19,41,Medium,,6.5,5,No,Sometimes,Travel_Rarely,2,1,1,1,No,3,4,6,3,1,0,0,0,7,48.8,5,4,1,1,34,No,Medium,1,1
54,Female,Single,Kolkata,CEO,18.5,573667,Medium,Marketing,66,0.9,Partial,17,2,High,Diabetes,5.0,2,No,Often,Travel_Rarely,8,2,3,7,No,3,3,3,3,1,0,0,0,112,38.3,3,3,2,5,24,No,Medium,1,1
23,Other,Single,Bangalore,Developer,2.4,102107,Small,Engineering,40,1.8,Yes,10,4,Medium,Migraine,5.0,5,Yes,Sometimes,Travel_Rarely,10,1,3,1,No,3,4,3,3,2,2,0,2,98,49.9,7,3,1,5,0,No,Medium,1,1
33,Male,Single,Mumbai,Manager,1.8,233759,Large,HR,58,3.0,Yes,11,23,Medium,Migraine,5.0,5,No,Often,Travel_Rarely,5,1,4,1,No,3,3,2,2,2,2,0,2,179,53.9,2,7,0,5,40,Yes,Low,1,1
25,Other,Married,Delhi,Intern,0.7,16349,Large,Marketing,28,2.2,Partial,10,27,Low,,6.7,4,No,Rarely,Travel_Rarely,19,1,2,1,Yes,3,3,2,3,1,0,0,0,46,52.6,6,4,4,6,22,Yes,High,1,1
45,Male,Divorced,Pune,Manager,23.4,205562,Small,Engineering,60,0.7,No,14,37,High,Arthritis,5.0,1,Yes,Often,Non-Travel,6,3,4,6,No,3,4,2,3,19,7,12,8,126,60.5,4,4,0,2,25,No,High,1,1
27,Female,Divorced,Mumbai,Developer,7.0,117820,Large,HR,44,1.7,Yes,18,47,Medium,Migraine,5.2,4,No,Sometimes,Travel_Rarely,9,1,2,1,No,3,4,2,2,7,7,0,3,55,35.5,8,4,0,3,54,No,Medium,1,1
22,Other,Single,Delhi,Intern,0.5,17674,Medium,Marketing,28,1.6,Partial,6,36,Medium,,6.7,5,No,Rarely,Non-Travel,16,1,4,1,Yes,3,2,2,2,1,0,0,0,13,41.6,5,4,3,6,16,Yes,Low,1,1
21,Male,Divorced,Kolkata,Intern,0.7,16795,Medium,Engineering,32,1.3,Partial,16,37,Low,,7.5,4,Yes,Rarely,Travel_Rarely,12,1,2,1,No,3,4,0,3,1,0,0,0,27,56.4,1,4,0,1,73,No,Low,1,1
32,Female,Married,Mumbai,Manager,2.8,266774,Medium,HR,55,2.5,Yes,10,42,Low,,5.0,5,No,Often,Travel_Rarely,1,1,2,0,No,3,2,2,3,2,2,2,2,77,42.7,2,5,2,2,15,No,Medium,1,1
41,Female,Married,Delhi,Manager,5.6,275317,Medium,HR,51,2.1,Partial,10,29,Medium,Back Pain,5.0,4,Yes,Often,Travel_Rarely,12,1,4,3,Yes,3,1,4,3,1,0,0,0,129,52.4,3,2,0,4,0,Yes,High,1,1
24,Female,Single,Bangalore,Intern,3.9,15082,Medium,Engineering,25,2.4,Yes,8,2,Medium,,6.0,4,Yes,Rarely,Travel_Rarely,3,2,3,0,No,4,1,2,2,3,2,0,2,108,30.0,6,8,0,1,22,Yes,High,1,1
24,Other,Married,Delhi,Intern,1.7,15621,Small,Engineering,31,1.7,Yes,17,29,Low,Migraine,6.7,3,No,Rarely,Travel_Rarely,21,1,1,0,No,3,2,3,3,1,1,0,0,153,77.2,8,7,0,2,42,Yes,Low,1,1
35,Male,Married,Pune,Designer,14.2,48029,Medium,HR,46,1.3,No,5,28,High,Arthritis,5.2,3,No,Rarely,Travel_Rarely,1,2,3,9,No,3,3,2,3,11,9,6,9,13,47.3,4,8,2,3,38,No,Medium,1,1
31,Female,Single,Bangalore,Analyst,9.5,52602,Medium,Operations,43,2.0,Yes,9,47,Low,Migraine,5.0,4,No,Sometimes,Travel_Rarely,7,2,4,3,No,4,4,3,2,7,7,1,7,55,61.9,3,5,1,0,39,Yes,Medium,1,1
20,Other,Married,Kolkata,Intern,0.2,15178,Large,HR,34,1.4,No,15,30,Medium,,7.5,5,Yes,Rarely,Travel_Frequently,6,1,4,1,Yes,3,2,5,3,1,0,1,0,114,46.6,6,7,0,3,29,Yes,Low,1,1
30,Female,Single,Delhi,Developer,9.3,105968,Large,Engineering,48,2.3,Partial,11,45,Low,,5.0,4,Yes,Sometimes,Travel_Frequently,26,2,1,5,No,3,3,5,2,6,3,0,1,6,54.1,6,7,2,2,25,No,Medium,1,1
25,Female,Single,Pune,Analyst,1.2,51650,Small,HR,41,1.1,Partial,12,21,Low,,6.2,5,Yes,Sometimes,Travel_Rarely,19,1,2,1,Yes,3,3,2,3,1,0,0,0,2,64.9,8,5,0,0,10,Yes,Low,1,1
37,Female,Divorced,Bangalore,Manager,13.5,216101,Small,Marketing,59,1.7,Partial,13,44,High,Diabetes,5.0,3,No,Often,Travel_Frequently,4,1,4,4,No,3,3,2,3,9,8,5,8,110,61.7,6,6,0,2,38,No,Medium,1,1
32,Female,Married,Mumbai,Designer,4.6,53311,Medium,Marketing,48,2.9,Yes,10,19,Low,Migraine,5.0,5,Yes,Rarely,Travel_Frequently,7,1,2,1,No,4,3,3,1,5,1,0,3,150,48.0,6,5,0,3,56,No,High,1,1
27,Female,Divorced,Mumbai,Analyst,1.6,50620,Small,Engineering,41,3.0,Yes,8,46,Low,,5.2,5,No,Sometimes,Travel_Rarely,2,1,1,1,No,3,4,6,3,1,0,0,0,106,48.6,5,7,1,0,35,Yes,High,1,1
34,Male,Single,Mumbai,Designer,6.5,47507,Large,Operations,46,2.3,Partial,18,4,Medium,Migraine,5.0,4,No,Rarely,Travel_Frequently,2,1,3,6,No,3,4,3,3,4,3,1,2,17,60.0,4,3,1,2,20,Yes,Medium,1,1
23,Other,Divorced,Hyderabad,Intern,2.4,15356,Small,HR,26,0.8,No,13,36,Low,,6.5,5,No,Rarely,Travel_Rarely,10,1,3,1,No,3,4,3,3,2,2,0,2,37,73.3,5,7,1,3,38,No,Low,1,1
29,Other,Divorced,Kolkata,Designer,2.2,49971,Large,Engineering,49,1.5,No,19,38,Low,,6.5,5,No,Rarely,Travel_Rarely,10,1,2,1,No,3,4,2,3,2,2,2,2,114,51.9,5,8,0,1,64,No,Medium,1,1
25,Male,Single,Delhi,Designer,2.5,41440,Large,HR,48,2.9,Yes,12,11,Low,,5.7,5,Yes,Rarely,Travel_Rarely,7,1,4,1,No,3,3,2,3,2,2,2,1,14,69.6,6,6,2,6,31,No,High,1,1
23,Other,Married,Pune,Developer,3.0,98496,Small,Engineering,40,0.6,Partial,10,47,Low,,6.2,5,No,Sometimes,Travel_Rarely,2,1,1,3,No,3,3,3,3,0,0,0,0,118,47.6,11,3,1,3,10,No,Medium,1,1
20,Other,Married,Pune,Intern,0.4,16959,Medium,Marketing,29,1.4,Partial,5,17,Low,,7.2,4,No,Rarely,Travel_Frequently,6,1,4,1,Yes,3,2,5,3,1,0,1,0,27,59.5,8,6,3,1,39,No,Medium,1,1
45,Male,Married,Pune,CEO,12.5,586831,Large,Operations,63,1.1,Partial,19,36,High,Diabetes,5.0,3,No,Often,Travel_Rarely,8,2,4,9,No,3,1,3,3,10,9,9,8,38,61.0,7,5,0,2,47,Yes,High,1,1
43,Female,Divorced,Hyderabad,Manager,20.6,208850,Small,Engineering,52,0.9,Partial,16,26,High,Arthritis,5.0,1,No,Often,Travel_Rarely,6,4,4,4,Yes,3,3,3,2,1,0,0,0,16,45.9,7,7,2,4,52,No,High,1,1
32,Female,Divorced,Pune,Manager,11.4,282319,Large,Operations,52,1.5,No,9,5,High,Hypertension,5.0,3,Yes,Often,Travel_Rarely,6,2,3,1,No,3,1,0,3,11,8,5,7,85,42.5,4,4,2,1,49,Yes,High,1,1
24,Other,Married,Pune,Intern,1.8,18882,Large,Marketing,26,0.9,No,7,49,Low,,7.2,3,No,Rarely,Travel_Rarely,21,1,1,0,No,3,2,3,3,1,1,0,0,125,61.5,8,7,0,5,38,No,High,1,1
22,Other,Married,Bangalore,Intern,1.2,17812,Small,Marketing,29,2.9,Yes,12,46,Medium,Migraine,6.0,4,Yes,Rarely,Non-Travel,16,1,4,1,Yes,3,2,2,2,1,0,0,0,43,44.7,6,4,3,5,18,Yes,Medium,1,1
25,Male,Divorced,Pune,Intern,5.0,15924,Large,Marketing,32,0.5,No,18,39,Low,Migraine,7.2,5,No,Rarely,Travel_Rarely,1,2,3,0,No,3,4,3,3,4,2,1,2,24,41.1,2,6,2,1,15,No,High,1,1
26,Female,Divorced,Hyderabad,Designer,0.8,51607,Large,Operations,40,1.2,No,20,38,Low,,5.5,5,Yes,Rarely,Travel_Rarely,25,1,3,1,No,3,3,2,2,1,0,0,1,144,43.2,4,6,1,2,28,No,Medium,1,1
58,Other,Single,Mumbai,CEO,2.7,532567,Medium,Engineering,68,2.0,Partial,12,38,Low,,5.0,5,Yes,Often,Travel_Frequently,2,1,4,9,Yes,3,4,3,2,1,0,0,0,12,44.6,0,4,0,2,47,Yes,Low,1,1
35,Female,Divorced,Delhi,Designer,2.7,53444,Large,Operations,43,1.8,Yes,16,26,Medium,,5.0,5,Yes,Rarely,Travel_Rarely,8,1,4,1,No,3,2,1,2,3,2,0,2,24,58.6,6,8,1,4,22,Yes,Medium,1,1
27,Female,Married,Hyderabad,Developer,3.0,102122,Large,Marketing,40,0.8,Partial,10,13,Low,Migraine,5.5,5,Yes,Sometimes,Non-Travel,8,1,3,1,No,3,4,4,3,3,2,1,2,67,55.2,0,6,0,2,25,No,Medium,1,1
57,Male,Divorced,Delhi,CEO,2.2,510578,Medium,HR,65,1.7,Partial,11,6,Low,Hypertension,5.0,5,Yes,Often,Travel_Rarely,23,1,3,1,No,3,4,3,3,2,2,2,2,137,57.2,7,1,0,2,17,Yes,Low,1,1
25,Other,Divorced,Hyderabad,Designer,0.7,50879,Large,HR,44,1.2,Partial,14,3,Medium,Migraine,5.5,5,Yes,Rarely,Travel_Rarely,19,1,2,1,Yes,3,3,2,3,1,0,0,0,66,54.2,9,3,0,3,66,No,High,1,1
28,Female,Single,Bangalore,Designer,3.5,47147,Medium,HR,40,2.6,Partial,18,20,Low,,5.0,5,No,Rarely,Travel_Rarely,5,2,4,1,No,3,2,3,3,4,2,0,2,108,44.1,7,7,0,6,31,No,Low,1,1
29,Female,Single,Mumbai,Analyst,2.3,47433,Large,HR,45,2.9,Yes,11,6,Medium,,5.2,5,No,Sometimes,Travel_Rarely,10,1,2,1,No,3,4,2,3,2,2,2,2,145,57.0,2,5,1,2,48,No,High,1,1
27,Female,Single,Mumbai,Analyst,7.0,53802,Medium,HR,40,2.8,Yes,12,27,Medium,,5.2,4,Yes,Sometimes,Travel_Rarely,9,1,2,1,No,3,4,2,2,7,7,0,3,110,61.8,4,6,2,3,67,No,Low,1,1
24,Male,Married,Mumbai,Intern,3.7,16244,Large,Operations,27,2.2,Yes,19,19,Low,Migraine,6.2,5,Yes,Rarely,Travel_Rarely,3,2,3,0,No,4,1,2,2,3,2,0,2,110,55.8,8,2,1,3,16,No,Medium,1,1
44,Female,Single,Mumbai,CEO,2.8,524221,Small,Operations,60,2.1,Partial,8,11,Low,Hypertension,5.0,5,Yes,Often,Travel_Rarely,8,2,2,4,No,4,3,2,4,1,0,0,0,33,54.5,5,3,0,3,50,Yes,Medium,1,1
33,Male,Single,Mumbai,Designer,10.0,51999,Small,Engineering,40,2.2,Yes,15,50,Low,Migraine,5.0,3,No,Rarely,Travel_Frequently,1,2,1,2,No,3,1,3,3,5,3,1,3,110,42.3,5,4,2,3,33,No,Medium,1,1
33,Other,Divorced,Pune,Manager,8.4,220666,Large,Operations,60,1.0,Partial,12,40,Low,Migraine,5.0,4,No,Often,Travel_Frequently,3,1,3,1,Yes,3,3,3,3,8,7,3,0,7,52.1,6,8,1,4,63,No,Low,1,1
35,Male,Single,Kolkata,Manager,4.3,228486,Small,Marketing,55,0.9,No,18,5,Low,Migraine,5.0,5,Yes,Often,Travel_Rarely,23,1,1,3,Yes,3,3,3,3,2,2,2,2,167,41.8,2,6,3,1,19,No,High,1,1
28,Female,Single,Delhi,Developer,4.0,96211,Medium,Marketing,40,2.4,Yes,10,3,Low,,5.7,5,No,Sometimes,Travel_Rarely,5,2,4,1,No,3,2,3,3,4,2,0,2,112,49.8,4,7,0,2,39,No,Medium,1,1
48,Female,Married,Pune,CEO,19.2,506686,Large,Marketing,70,0.6,Partial,14,27,High,Back Pain,5.0,2,Yes,Often,Travel_Rarely,6,2,3,2,No,3,4,0,3,2,2,2,2,82,33.6,7,8,0,0,48,No,Medium,1,1
24,Male,Married,Kolkata,Intern,0.6,18762,Medium,HR,30,1.0,No,20,22,Low,Migraine,7.5,3,Yes,Rarely,Travel_Rarely,17,1,2,1,No,4,4,2,3,1,0,0,0,41,33.7,3,2,0,2,21,No,Low,1,1
43,Other,Married,Bangalore,CEO,10.5,569663,Large,Operations,60,2.4,Partial,17,16,High,Arthritis,5.0,3,Yes,Often,Travel_Rarely,7,3,1,8,No,3,1,1,2,1,0,0,0,168,48.1,6,7,0,6,31,No,Medium,1,1
49,Male,Divorced,Pune,CEO,8.8,592731,Large,Engineering,63,1.0,Partial,10,5,Low,Diabetes,5.0,4,Yes,Often,Travel_Rarely,11,3,4,1,No,3,1,3,4,9,8,7,7,100,44.5,2,3,0,4,32,No,High,1,1
35,Male,Divorced,Delhi,Analyst,3.9,57646,Large,HR,44,1.8,Partial,17,16,Medium,Migraine,5.0,5,No,Sometimes,Travel_Rarely,23,1,1,3,Yes,3,3,3,3,2,2,2,2,5,51.1,8,3,2,3,57,No,Low,1,1
58,Other,Married,Hyderabad,CEO,13.1,591094,Large,Marketing,60,1.3,Partial,18,43,High,Hypertension,5.0,3,No,Often,Non-Travel,1,2,3,2,Yes,3,4,2,3,5,3,1,2,179,48.7,10,4,1,4,79,No,Low,1,1
25,Other,Single,Hyderabad,Developer,1.1,116116,Small,HR,48,0.9,No,16,41,Medium,Migraine,5.5,5,No,Sometimes,Travel_Rarely,19,1,2,1,Yes,3,3,2,3,1,0,0,0,25,50.3,5,8,0,2,67,Yes,Medium,1,1
30,Male,Married,Delhi,Developer,1.0,117037,Medium,Engineering,44,2.5,Yes,13,50,Low,,5.0,5,No,Sometimes,Travel_Rarely,24,1,3,1,No,4,2,2,3,1,0,0,0,63,56.1,4,5,1,0,64,No,High,1,1
27,Other,Single,Bangalore,Designer,1.3,47099,Large,HR,47,1.9,Partial,5,23,Low,Migraine,5.0,5,Yes,Rarely,Travel_Rarely,2,1,1,1,No,3,4,6,3,1,0,0,0,58,45.4,4,4,2,3,0,No,Medium,1,1
26,Male,Divorced,Kolkata,Designer,1.3,45930,Large,HR,47,0.8,No,14,7,Medium,Migraine,6.5,5,Yes,Rarely,Travel_Rarely,25,1,3,1,No,3,3,2,2,1,0,0,1,108,47.8,8,5,1,0,38,No,Medium,1,1
57,Other,Single,Delhi,CEO,3.7,530207,Large,HR,64,2.2,Partial,11,22,Medium,Back Pain,5.0,5,Yes,Often,Travel_Frequently,2,1,4,9,Yes,3,4,3,2,1,0,0,0,120,64.6,9,3,1,2,36,No,Medium,1,1
22,Male,Single,Delhi,Developer,0.7,105352,Large,Operations,50,1.6,Partial,14,16,Medium,,5.7,5,No,Sometimes,Non-Travel,16,1,4,1,Yes,3,2,2,2,1,0,0,0,32,50.0,7,2,0,3,51,No,High,1,1
27,Female,Single,Kolkata,Developer,0.5,116334,Large,Operations,45,1.3,Partial,18,4,Medium,,6.5,5,No,Sometimes,Travel_Rarely,2,1,1,1,No,3,4,6,3,1,0,0,0,180,48.2,7,6,2,3,6,No,Low,1,1
28,Other,Divorced,Kolkata,Designer,2.4,49729,Large,Engineering,40,1.3,No,8,40,Medium,Migraine,6.5,5,Yes,Rarely,Travel_Rarely,5,1,3,1,Yes,3,3,3,2,2,2,2,2,149,50.8,3,6,1,3,50,No,Low,1,1
22,Male,Divorced,Mumbai,Intern,0.6,19662,Large,Marketing,31,1.7,Yes,17,2,Medium,Migraine,6.2,4,No,Rarely,Non-Travel,16,1,4,1,Yes,3,2,2,2,1,0,0,0,20,48.4,8,6,4,6,0,No,Low,1,1
42,Female,Single,Kolkata,Manager,12.3,295811,Small,Operations,51,0.7,Partial,15,3,High,Arthritis,5.0,3,No,Often,Travel_Frequently,9,1,4,1,No,3,3,3,3,12,9,5,8,69,42.9,7,5,1,2,56,Yes,Low,1,1
33,Male,Divorced,Bangalore,Designer,12.5,53509,Large,Marketing,42,1.6,Partial,17,37,High,Back Pain,5.0,3,Yes,Rarely,Travel_Rarely,2,1,1,7,No,4,1,3,4,9,7,1,7,111,40.0,2,2,0,5,2,No,Low,1,1
56,Female,Divorced,Pune,CEO,7.5,554313,Medium,HR,60,1.4,No,20,48,Low,,5.0,4,No,Often,Travel_Rarely,14,1,2,9,Yes,3,1,2,3,5,4,4,3,3,42.4,5,4,3,6,59,No,Low,1,1
45,Female,Single,Bangalore,CEO,5.6,597314,Small,HR,66,1.9,Partial,17,21,Low,,5.0,4,No,Often,Travel_Rarely,24,1,2,1,No,3,1,3,3,6,3,0,4,93,58.7,7,5,0,4,58,No,Medium,1,1
20,Male,Divorced,Pune,Intern,0.2,17665,Small,Operations,26,0.9,No,11,31,Medium,,7.2,5,No,Rarely,Travel_Frequently,6,1,4,1,Yes,3,2,5,3,1,0,1,0,74,43.7,6,3,0,3,28,No,Low,1,1
31,Male,Married,Kolkata,Designer,4.0,40523,Medium,Marketing,40,1.5,Partial,13,26,Low,,5.5,5,Yes,Rarely,Travel_Rarely,20,2,3,3,Yes,3,3,2,3,2,2,2,2,61,48.5,1,9,1,3,44,Yes,Medium,1,1
25,Female,Single,Delhi,Intern,3.4,19241,Medium,HR,31,1.7,Partial,15,43,Low,,6.7,4,Yes,Rarely,Travel_Rarely,8,2,2,0,No,4,3,4,3,3,2,1,2,93,57.0,3,6,1,2,35,No,High,1,1
20,Female,Married,Hyderabad,Intern,0.0,15153,Medium,Operations,33,1.5,No,5,35,Low,,6.5,4,No,Rarely,Travel_Rarely,15,1,4,1,No,3,4,6,3,0,0,0,0,94,47.2,4,8,1,4,5,No,Low,1,1
44,Other,Divorced,Delhi,Manager,7.3,222855,Medium,Marketing,52,2.7,Yes,9,36,Low,Back Pain,5.0,4,Yes,Often,Non-Travel,5,1,3,3,No,3,4,5,3,5,2,0,3,151,56.3,4,4,4,6,46,No,Medium,1,1
22,Male,Single,Delhi,Developer,1.5,80502,Large,Marketing,46,3.0,Yes,9,45,Low,,5.7,5,Yes,Sometimes,Non-Travel,16,1,4,1,Yes,3,2,2,2,1,0,0,0,54,34.6,3,1,0,3,59,Yes,Low,1,1
22,Other,Divorced,Bangalore,Intern,1.5,15822,Small,Engineering,25,1.9,Yes,13,19,Medium,,6.0,5,No,Rarely,Non-Travel,16,1,4,1,Yes,3,2,2,2,1,0,0,0,136,48.7,7,5,1,3,29,Yes,Medium,1,1
46,Female,Married,Hyderabad,CEO,8.1,531686,Large,Marketing,61,1.4,Partial,15,44,Low,Diabetes,5.0,4,No,Often,Travel_Rarely,9,3,4,1,No,3,4,3,3,9,8,4,7,130,50.8,9,4,3,2,48,No,Medium,1,1
35,Female,Single,Pune,Analyst,12.1,54870,Large,Engineering,40,0.6,No,14,40,High,Back Pain,5.2,3,Yes,Sometimes,Travel_Rarely,16,3,2,0,No,3,3,3,2,11,9,6,9,30,50.2,4,5,0,6,17,Yes,High,1,1
44,Other,Single,Pune,CEO,6.8,545733,Medium,HR,60,0.7,Partial,19,46,Medium,,5.0,4,Yes,Often,Non-Travel,5,1,3,3,No,3,4,5,3,5,2,0,3,39,33.5,3,6,0,2,53,No,Medium,1,1
27,Other,Married,Hyderabad,Designer,1.2,49818,Small,HR,48,0.9,No,20,23,Low,,5.5,5,No,Rarely,Travel_Rarely,2,1,1,1,No,3,4,6,3,1,0,0,0,35,62.0,4,3,0,3,35,Yes,High,1,1
39,Other,Divorced,Hyderabad,Manager,13.9,292407,Small,Engineering,51,1.3,Partial,17,26,High,Arthritis,5.0,3,Yes,Often,Travel_Rarely,2,2,4,8,No,3,3,2,3,5,4,0,4,151,41.5,4,7,0,3,35,No,Medium,1,1
34,Male,Married,Hyderabad,Designer,12.5,45468,Small,Engineering,42,1.4,No,20,9,High,Arthritis,5.0,3,Yes,Rarely,Travel_Rarely,7,3,2,0,No,3,3,4,3,12,6,2,11,5,53.4,6,4,1,1,44,No,Low,1,1
30,Female,Single,Mumbai,Manager,6.3,234189,Large,Engineering,51,2.1,Partial,19,6,Low,Migraine,5.0,4,Yes,Often,Travel_Rarely,2,1,4,0,No,3,4,3,3,5,3,1,2,65,50.1,3,9,1,1,66,No,Low,1,1
45,Female,Divorced,Bangalore,CEO,19.2,514036,Small,HR,66,2.1,Yes,13,2,High,Hypertension,5.0,2,No,Often,Travel_Rarely,9,2,2,8,No,3,3,2,1,17,9,0,15,74,60.0,10,5,0,2,46,Yes,Medium,1,1
35,Female,Married,Pune,Designer,0.9,50497,Medium,Operations,48,0.6,No,12,20,Low,Migraine,5.2,5,No,Rarely,Travel_Rarely,4,1,4,1,No,3,3,3,3,1,0,0,0,3,71.9,5,8,0,1,13,No,High,1,1
25,Male,Single,Bangalore,Developer,3.4,108278,Small,Marketing,47,2.5,Partial,11,8,Low,,5.0,5,No,Sometimes,Travel_Rarely,8,2,2,0,No,4,3,4,3,3,2,1,2,78,37.1,5,7,0,5,21,Yes,Medium,1,1
24,Female,Divorced,Pune,Developer,2.6,110931,Medium,Operations,45,0.9,Partial,9,45,Low,Migraine,6.2,5,Yes,Sometimes,Travel_Frequently,24,1,4,0,No,3,3,3,3,2,2,2,1,133,43.5,3,5,0,0,34,No,Low,1,1
29,Female,Single,Pune,Analyst,8.8,56145,Large,HR,40,1.0,No,16,37,Medium,,6.2,4,No,Sometimes,Travel_Rarely,1,4,4,3,No,3,2,2,2,7,7,1,7,117,51.9,2,5,0,3,45,No,High,1,1
25,Male,Married,Pune,Designer,1.1,52199,Small,HR,48,0.5,Partial,19,49,Medium,Migraine,6.2,5,No,Rarely,Travel_Rarely,19,1,2,1,Yes,3,3,2,3,1,0,0,0,112,38.9,7,5,2,5,12,No,Low,1,1
24,Male,Single,Hyderabad,Intern,2.9,15381,Medium,Engineering,28,0.9,No,13,36,Medium,,6.5,5,No,Rarely,Travel_Frequently,24,1,4,0,No,3,3,3,3,2,2,2,1,93,57.8,5,8,1,2,42,No,Medium,1,1
21,Male,Married,Bangalore,Intern,0.5,18990,Medium,Operations,25,2.0,Partial,10,24,Medium,,6.0,5,Yes,Rarely,Travel_Rarely,15,1,4,1,No,3,4,6,3,0,0,0,0,178,58.4,4,7,1,3,53,No,Low,1,1
24,Female,Single,Delhi,Developer,1.0,119640,Large,HR,41,2.0,Partial,11,47,Low,,5.7,5,No,Sometimes,Travel_Rarely,17,1,2,1,No,4,4,2,3,1,0,0,0,61,55.6,6,6,0,4,25,Yes,Low,1,1
26,Male,Divorced,Mumbai,Developer,3.0,91390,Large,Engineering,48,2.9,Partial,14,33,Low,,5.2,5,Yes,Sometimes,Travel_Rarely,23,1,4,1,No,4,2,3,1,3,2,0,2,78,52.4,5,4,0,3,74,Yes,Medium,1,1
23,Male,Divorced,Mumbai,Developer,2.6,97624,Small,Engineering,44,2.7,Yes,16,2,Medium,,5.2,5,No,Sometimes,Travel_Rarely,2,1,1,3,No,3,3,3,3,0,0,0,0,135,63.7,4,2,0,2,20,No,Medium,1,1
24,Female,Single,Mumbai,Intern,2.1,16050,Large,Engineering,25,1.7,Partial,6,32,Medium,Migraine,6.2,3,No,Rarely,Travel_Rarely,21,1,1,0,No,3,2,3,3,1,1,0,0,25,38.4,7,3,3,4,39,Yes,Low,1,1
48,Other,Divorced,Delhi,CEO,8.8,574671,Small,Engineering,70,1.9,Yes,15,19,Low,Back Pain,5.0,4,Yes,Often,Travel_Rarely,11,3,4,1,No,3,1,3,4,9,8,7,7,178,50.7,4,2,1,1,0,No,Medium,1,1
28,Male,Divorced,Hyderabad,Developer,3.4,88003,Large,Engineering,44,0.8,Partial,9,26,Low,,5.5,5,Yes,Sometimes,Travel_Frequently,6,1,3,1,Yes,3,4,2,3,3,1,0,2,172,42.6,2,6,2,1,29,Yes,Low,1,1
48,Male,Single,Bangalore,CEO,22.2,580498,Medium,Engineering,66,2.3,Partial,6,14,High,Diabetes,5.0,1,No,Often,Travel_Rarely,1,3,3,9,Yes,3,4,2,3,1,0,0,0,43,58.9,3,4,2,4,32,Yes,Medium,1,1
34,Male,Married,Hyderabad,Analyst,8.6,58821,Small,HR,44,1.0,Partial,6,13,Medium,,5.0,4,Yes,Sometimes,Travel_Frequently,7,2,3,1,Yes,4,4,3,3,9,7,0,6,132,31.7,8,4,0,2,26,No,Low,1,1
31,Other,Married,Mumbai,Designer,2.4,48781,Medium,HR,44,1.9,Partial,7,28,Medium,,5.0,5,No,Rarely,Travel_Frequently,5,1,2,1,No,3,3,5,2,2,2,2,2,69,49.7,5,8,2,4,20,No,Medium,1,1
20,Female,Married,Bangalore,Intern,0.5,15312,Small,Engineering,26,1.6,Yes,17,25,Medium,,6.0,5,Yes,Rarely,Travel_Frequently,6,1,4,1,Yes,3,2,5,3,1,0,1,0,153,53.4,6,5,1,2,25,No,High,1,1
20,Other,Single,Mumbai,Intern,0.2,16170,Large,HR,29,2.8,Partial,10,15,Medium,Migraine,6.2,3,Yes,Rarely,Travel_Frequently,6,1,4,1,Yes,3,2,5,3,1,0,1,0,117,40.5,2,4,1,1,48,No,Low,1,1
43,Female,Single,Pune,Manager,21.4,289826,Small,Operations,56,1.1,No,12,31,High,Hypertension,5.0,1,No,Often,Travel_Rarely,6,4,4,4,Yes,3,3,3,2,1,0,0,0,67,43.7,3,5,1,3,0,Yes,Low,1,1
25,Other,Divorced,Delhi,Intern,4.1,17593,Medium,HR,25,1.7,Partial,18,5,Medium,,6.7,5,Yes,Rarely,Travel_Rarely,8,2,2,0,No,4,3,4,3,3,2,1,2,18,50.2,3,6,1,2,0,Yes,High,1,1
45,Other,Married,Bangalore,Manager,21.4,214472,Small,Engineering,52,2.9,Partial,20,8,High,Hypertension,5.0,1,Yes,Often,Travel_Rarely,20,4,4,0,Yes,3,2,2,3,20,7,4,10,19,59.6,7,11,2,2,25,No,Medium,1,1
30,Other,Divorced,Bangalore,Designer,1.5,43635,Small,HR,49,3.0,Yes,14,44,Low,Migraine,5.0,5,No,Rarely,Travel_Rarely,24,1,3,1,No,4,2,2,3,1,0,0,0,112,39.7,5,10,2,4,33,No,Medium,1,1
24,Female,Single,Bangalore,Intern,2.3,17661,Medium,Marketing,35,1.5,Yes,19,20,Low,,6.0,3,No,Rarely,Travel_Rarely,21,1,1,0,No,3,2,3,3,1,1,0,0,139,41.4,2,4,1,6,19,Yes,Low,1,1
30,Male,Single,Pune,Manager,6.1,226116,Large,HR,51,0.8,Partial,14,2,Low,Migraine,5.0,4,Yes,Often,Travel_Rarely,2,1,4,0,No,3,4,3,3,5,3,1,2,46,61.3,2,4,0,4,36,No,High,1,1
25,Other,Married,Delhi,Designer,3.8,42964,Small,Marketing,43,2.5,Yes,15,10,Low,,5.7,5,No,Rarely,Travel_Rarely,8,2,2,0,No,4,3,4,3,3,2,1,2,0,47.3,7,5,2,3,47,No,High,1,1
33,Female,Divorced,Pune,Designer,7.4,51274,Medium,Operations,50,0.6,No,18,21,Low,Migraine,5.2,4,Yes,Rarely,Travel_Rarely,2,1,4,4,No,3,4,3,3,1,1,0,0,89,42.2,8,8,0,3,55,Yes,Low,1,1
20,Male,Divorced,Pune,Intern,0.2,15789,Large,HR,29,1.4,Partial,8,22,Low,Migraine,7.2,4,No,Rarely,Travel_Frequently,6,1,4,1,Yes,3,2,5,3,1,0,1,0,141,57.3,4,5,2,3,61,No,Medium,1,1
27,Male,Single,Bangalore,Analyst,3.8,49084,Large,HR,45,1.5,Partial,13,38,Medium,,5.0,5,No,Sometimes,Travel_Rarely,5,1,2,1,Yes,3,2,2,2,4,3,1,2,63,45.1,4,7,1,1,9,No,High,1,1
52,Other,Single,Pune,CEO,3.3,522130,Medium,HR,63,1.2,Partial,6,13,Low,Diabetes,5.0,5,Yes,Often,Non-Travel,19,1,4,0,No,3,1,3,3,4,3,1,2,37,60.3,4,5,0,0,20,Yes,Medium,1,1
25,Male,Married,Kolkata,Developer,0.9,106699,Large,Operations,45,1.4,Partial,16,20,Medium,Migraine,6.5,5,Yes,Sometimes,Travel_Rarely,19,1,2,1,Yes,3,3,2,3,1,0,0,0,36,43.4,3,6,1,2,17,No,Medium,1,1
22,Female,Divorced,Bangalore,Developer,1.3,119445,Large,Marketing,48,2.2,Yes,19,10,Medium,Migraine,5.0,5,Yes,Sometimes,Non-Travel,16,1,4,1,Yes,3,2,2,2,1,0,0,0,125,48.4,4,6,0,1,55,No,Medium,1,1
25,Male,Single,Delhi,Developer,1.9,81368,Large,Marketing,48,2.3,Yes,7,26,Low,Migraine,5.7,5,Yes,Sometimes,Travel_Rarely,7,1,4,1,No,3,3,2,3,2,2,2,1,138,59.4,6,7,1,3,22,No,Low,1,1
30,Male,Divorced,Delhi,Developer,8.5,106196,Small,Engineering,43,1.9,Yes,15,34,Low,Migraine,5.0,4,No,Sometimes,Travel_Rarely,5,1,1,5,No,3,4,3,3,3,2,2,2,99,47.7,5,3,1,1,41,No,Medium,1,1
29,Other,Single,Bangalore,Analyst,4.0,52913,Small,Engineering,42,2.4,Yes,16,41,Low,Migraine,5.0,5,Yes,Sometimes,Travel_Rarely,18,1,4,1,Yes,3,3,3,2,4,3,0,1,76,57.6,5,6,1,6,7,Yes,Medium,1,1
23,Other,Divorced,Delhi,Developer,1.8,104589,Small,Operations,45,1.9,Partial,15,36,Medium,,5.7,5,Yes,Sometimes,Travel_Rarely,10,1,3,1,No,3,4,3,3,2,2,0,2,2,49.3,3,5,1,2,22,Yes,Medium,1,1
25,Male,Single,Delhi,Analyst,3.8,49405,Large,Operations,40,2.6,Partial,20,44,Medium,Migraine,5.7,5,No,Sometimes,Travel_Rarely,8,2,2,0,No,4,3,4,3,3,2,1,2,160,69.8,6,6,0,3,17,No,Low,1,1
24,Female,Married,Mumbai,Developer,1.0,84563,Small,Operations,48,2.7,Yes,13,43,Low,Migraine,5.2,5,Yes,Sometimes,Travel_Rarely,17,1,2,1,No,4,4,2,3,1,0,0,0,133,65.7,4,5,0,3,49,No,Medium,1,1
27,Male,Single,Kolkata,Analyst,1.6,57619,Medium,Engineering,43,1.4,No,16,15,Low,,6.5,5,Yes,Sometimes,Travel_Rarely,2,1,1,1,No,3,4,6,3,1,0,0,0,177,36.7,2,9,1,0,10,Yes,Medium,1,1
21,Female,Single,Kolkata,Intern,0.8,18153,Large,HR,26,1.4,No,10,21,Medium,,7.5,4,Yes,Rarely,Travel_Rarely,12,1,2,1,No,3,4,0,3,1,0,0,0,9,55.2,5,5,1,3,71,Yes,Medium,1,1
26,Male,Married,Mumbai,Developer,4.2,91925,Small,Marketing,44,2.5,Partial,7,43,Medium,Migraine,5.2,5,No,Sometimes,Travel_Rarely,23,2,4,7,Yes,3,3,2,2,2,2,0,0,4,41.8,7,5,2,3,39,No,High,1,1
45,Male,Single,Kolkata,Manager,5.3,286502,Medium,Marketing,54,0.7,Partial,6,23,Medium,,5.0,4,No,Often,Travel_Frequently,26,2,1,2,No,3,4,4,3,1,1,0,0,150,51.9,8,4,3,2,20,No,Low,1,1
26,Other,Single,Kolkata,Analyst,4.1,49823,Medium,Operations,43,1.4,Partial,18,31,Medium,Migraine,6.5,5,Yes,Sometimes,Travel_Rarely,23,2,4,7,Yes,3,3,2,2,2,2,0,0,137,50.7,0,5,2,3,42,Yes,Medium,1,1
30,Other,Divorced,Delhi,Designer,4.1,52890,Medium,Operations,49,1.7,Partial,16,16,Low,Migraine,5.0,5,Yes,Rarely,Non-Travel,25,2,3,7,Yes,3,2,2,4,2,2,2,2,171,39.4,5,7,0,1,19,No,Medium,1,1
43,Female,Married,Kolkata,Manager,9.1,285819,Medium,HR,53,1.2,Partial,6,14,Medium,Diabetes,5.0,4,Yes,Often,Travel_Frequently,10,1,4,0,No,3,1,5,3,8,7,1,7,129,60.6,4,8,2,3,14,Yes,Low,1,1
33,Other,Single,Pune,Designer,6.7,53857,Large,Engineering,41,0.9,Partial,7,8,Medium,Migraine,5.2,4,Yes,Rarely,Travel_Rarely,2,1,4,4,No,3,4,3,3,1,1,0,0,12,52.0,6,4,1,3,49,Yes,Low,1,1
34,Other,Divorced,Mumbai,Analyst,3.3,54110,Small,HR,42,2.5,Partial,10,14,Medium,,5.0,5,Yes,Sometimes,Travel_Rarely,19,1,4,0,No,3,3,2,3,2,2,1,2,167,47.2,4,9,0,7,62,Yes,Low,1,1
24,Female,Single,Delhi,Intern,2.3,19658,Large,Operations,34,1.8,Yes,19,47,Low,Migraine,6.7,4,No,Rarely,Travel_Rarely,21,1,1,0,No,3,2,3,3,1,1,0,0,129,45.6,7,3,1,0,43,No,High,1,1
26,Female,Married,Bangalore,Designer,0.8,41504,Large,HR,41,2.5,Yes,7,2,Low,Migraine,5.0,5,Yes,Rarely,Travel_Rarely,25,1,3,1,No,3,3,2,2,1,0,0,1,83,51.4,2,8,2,6,10,No,Medium,1,1
24,Female,Married,Hyderabad,Intern,1.6,15413,Medium,Marketing,28,0.7,No,9,9,Medium,Migraine,6.5,3,Yes,Rarely,Travel_Rarely,21,1,1,0,No,3,2,3,3,1,1,0,0,64,54.1,3,5,0,4,19,No,Medium,1,1
43,Male,Divorced,Mumbai,CEO,12.9,592220,Large,Marketing,65,1.6,Partial,14,11,High,Diabetes,5.0,3,Yes,Often,Travel_Frequently,1,2,4,4,No,3,2,2,2,5,2,2,2,62,48.8,3,7,1,4,66,Yes,Low,1,1
45,Male,Married,Mumbai,Manager,23.4,221718,Small,HR,55,2.9,Yes,18,46,High,Hypertension,5.0,1,No,Often,Non-Travel,6,3,4,6,No,3,4,2,3,19,7,12,8,100,30.0,5,2,1,3,51,No,High,1,1
41,Male,Married,Bangalore,Manager,4.8,205030,Medium,Marketing,59,1.8,Yes,13,11,Low,,5.0,5,Yes,Often,Non-Travel,5,1,1,6,No,3,1,2,1,1,0,0,0,72,50.2,6,6,0,7,12,Yes,Low,1,1
29,Male,Single,Mumbai,Designer,7.6,40331,Small,Engineering,45,2.8,Yes,10,36,Medium,Migraine,5.2,4,Yes,Rarely,Travel_Rarely,19,2,4,4,No,3,2,2,4,3,2,1,2,16,35.6,9,5,1,3,21,No,Medium,1,1
30,Male,Divorced,Delhi,Developer,4.4,91515,Small,HR,48,2.8,Partial,19,34,Medium,,5.0,5,Yes,Sometimes,Non-Travel,25,2,3,7,Yes,3,2,2,4,2,2,2,2,8,47.9,6,7,0,2,39,No,High,1,1
30,Male,Married,Mumbai,Analyst,9.0,54671,Medium,HR,42,2.5,Partial,17,44,Low,Migraine,5.0,4,Yes,Sometimes,Travel_Frequently,26,2,1,5,No,3,3,5,2,6,3,0,1,142,36.0,7,5,0,6,32,Yes,Low,1,1
21,Female,Divorced,Bangalore,Intern,0.9,17738,Medium,Engineering,30,2.3,Partial,15,3,Low,Migraine,6.0,3,No,Rarely,Travel_Rarely,12,1,2,1,No,3,4,0,3,1,0,0,0,151,35.8,2,4,1,2,77,Yes,Medium,1,1
25,Female,Married,Bangalore,Developer,4.8,93245,Small,HR,46,2.4,Partial,12,30,Low,,5.0,5,No,Sometimes,Travel_Rarely,1,2,3,0,No,3,4,3,3,4,2,1,2,37,62.4,2,8,2,2,20,No,Low,1,1
60,Female,Single,Kolkata,CEO,24.4,596015,Medium,Engineering,65,0.9,No,16,19,High,Back Pain,5.0,1,No,Often,Travel_Rarely,18,3,4,6,No,3,4,6,2,9,7,5,4,162,46.8,8,4,1,5,47,No,Low,1,1
30,Female,Single,Kolkata,Manager,5.1,253306,Large,HR,50,0.7,Partial,11,3,Medium,Migraine,5.0,4,Yes,Often,Travel_Rarely,18,1,3,1,No,3,3,4,2,5,4,0,4,93,46.0,8,7,1,2,41,Yes,Medium,1,1
59,Male,Divorced,Mumbai,CEO,27.7,522875,Large,Engineering,64,2.1,Yes,20,35,High,Back Pain,5.0,1,No,Often,Travel_Rarely,25,3,1,7,No,3,4,3,2,21,16,7,9,94,54.8,8,6,0,1,2,No,Low,1,1
26,Other,Single,Mumbai,Developer,4.0,107260,Medium,Engineering,43,1.6,Yes,11,8,Low,,5.2,5,Yes,Sometimes,Travel_Rarely,23,2,4,7,Yes,3,3,2,2,2,2,0,0,48,46.3,7,2,0,5,0,Yes,Medium,1,1
22,Male,Married,Pune,Intern,1.6,18332,Large,Operations,33,0.7,No,18,18,Low,,7.2,3,Yes,Rarely,Travel_Rarely,19,1,4,1,No,4,1,6,3,2,2,2,2,68,71.0,6,6,4,0,27,Yes,Low,1,1
31,Other,Married,Mumbai,Analyst,8.8,46960,Small,HR,44,2.0,Yes,9,26,Medium,Migraine,5.0,4,Yes,Sometimes,Travel_Frequently,3,3,3,9,No,3,1,3,3,2,2,2,2,61,47.3,2,3,1,3,43,No,Medium,1,1
28,Other,Single,Pune,Designer,3.4,51951,Small,Marketing,40,1.4,No,16,29,Low,Migraine,6.2,5,No,Rarely,Travel_Frequently,6,1,3,1,Yes,3,4,2,3,3,1,0,2,177,53.7,7,6,1,1,67,No,Low,1,1
23,Female,Single,Kolkata,Intern,2.6,19871,Medium,Engineering,35,1.1,No,12,18,Medium,,7.5,3,Yes,Rarely,Travel_Rarely,2,1,1,3,No,3,3,3,3,0,0,0,0,77,59.7,6,5,2,3,19,No,Medium,1,1
23,Female,Single,Mumbai,Intern,0.6,16654,Small,Marketing,31,1.7,Yes,8,45,Low,,6.2,3,No,Rarely,Travel_Rarely,6,1,1,1,Yes,4,3,2,3,0,0,0,0,116,66.0,5,10,2,3,44,Yes,Low,1,1
22,Female,Divorced,Kolkata,Intern,1.5,16898,Large,Marketing,33,1.3,Partial,20,38,Medium,,7.5,3,No,Rarely,Non-Travel,16,1,4,1,Yes,3,2,2,2,1,0,0,0,119,42.6,6,7,0,3,29,No,High,1,1
31,Female,Married,Pune,Manager,3.0,242041,Large,Marketing,57,0.7,No,6,45,Low,,5.0,5,Yes,Often,Travel_Rarely,2,1,4,0,Yes,3,2,2,1,2,2,2,2,136,45.8,4,8,0,2,70,No,Medium,1,1
31,Male,Single,Kolkata,Designer,1.1,52838,Small,Marketing,42,1.3,Partial,7,37,Medium,,5.5,5,Yes,Rarely,Travel_Rarely,1,1,2,1,No,3,2,4,3,1,1,1,0,161,62.7,4,3,0,5,34,No,Medium,1,1
29,Female,Divorced,Kolkata,Developer,6.9,99645,Small,HR,40,0.7,Partial,11,50,Medium,,6.5,4,Yes,Sometimes,Travel_Rarely,1,1,3,0,No,3,4,1,2,6,2,1,5,75,58.1,4,6,3,6,26,No,High,1,1
25,Male,Married,Pune,Analyst,1.3,53475,Medium,Marketing,40,0.7,Partial,18,19,Low,,6.2,5,No,Sometimes,Travel_Rarely,19,1,2,1,Yes,3,3,2,3,1,0,0,0,34,60.8,5,6,0,5,38,No,Low,1,1
57,Male,Divorced,Pune,CEO,29.9,591125,Large,Marketing,69,1.3,No,5,33,High,Arthritis,5.0,1,No,Often,Travel_Rarely,9,4,4,7,No,3,3,1,2,10,7,1,1,0,36.3,4,3,1,2,39,Yes,Low,1,1
34,Male,Divorced,Hyderabad,Analyst,10.0,53408,Medium,Operations,41,1.5,No,12,7,Low,Migraine,5.0,3,Yes,Sometimes,Non-Travel,23,2,3,0,No,4,3,2,3,9,5,8,7,39,65.5,7,3,2,2,63,No,Low,1,1
28,Female,Single,Mumbai,Designer,4.7,42943,Medium,Engineering,40,2.5,Partial,19,2,Low,,5.2,5,No,Rarely,Non-Travel,4,2,3,1,No,3,2,3,4,5,4,0,4,63,42.4,2,4,1,7,35,Yes,Medium,1,1
42,Male,Single,Delhi,CEO,2.5,547793,Medium,Operations,67,1.9,Yes,14,21,Low,Diabetes,5.0,5,No,Often,Travel_Rarely,2,1,3,0,Yes,3,3,5,3,3,2,1,0,149,51.9,4,5,1,3,44,No,High,1,1
33,Male,Married,Pune,Designer,7.6,46159,Small,HR,46,0.9,Partial,8,26,Medium,Migraine,5.2,4,No,Rarely,Travel_Frequently,3,1,3,1,Yes,3,3,3,3,8,7,3,0,59,48.5,1,4,2,4,2,No,Low,1,1
33,Other,Married,Kolkata,Designer,3.0,42650,Medium,Operations,41,0.7,Partial,6,18,Medium,,5.5,5,No,Rarely,Non-Travel,8,1,4,0,No,3,4,2,2,2,2,2,2,63,41.2,6,2,0,2,12,No,High,1,1
23,Other,Married,Bangalore,Developer,2.6,85030,Small,HR,46,2.7,Partial,5,10,Low,Migraine,5.0,5,Yes,Sometimes,Travel_Rarely,2,1,1,3,No,3,3,3,3,0,0,0,0,92,35.9,1,4,0,2,27,No,Medium,1,1
25,Other,Married,Kolkata,Developer,1.2,81875,Large,Marketing,49,0.8,No,14,35,Low,,6.5,5,No,Sometimes,Travel_Rarely,19,1,2,1,Yes,3,3,2,3,1,0,0,0,71,32.6,6,5,0,2,37,No,Low,1,1
34,Male,Single,Mumbai,Analyst,1.0,53220,Medium,Marketing,45,2.3,Yes,10,8,Medium,,5.0,5,Yes,Sometimes,Travel_Rarely,10,1,2,1,No,3,2,3,3,1,0,1,0,10,51.2,6,8,1,7,20,No,High,1,1
26,Female,Single,Hyderabad,Analyst,5.9,58895,Medium,Operations,42,1.4,Partial,7,28,Medium,,5.5,4,No,Sometimes,Travel_Frequently,1,2,2,1,No,4,1,6,1,6,5,1,4,104,34.7,0,6,1,0,41,No,High,1,1
30,Female,Married,Pune,Developer,9.3,90933,Medium,Operations,45,0.6,No,20,7,Low,,5.2,4,Yes,Sometimes,Travel_Frequently,26,2,1,5,No,3,3,5,2,6,3,0,1,13,38.7,6,1,2,8,25,No,High,1,1
25,Male,Single,Mumbai,Developer,2.5,94068,Large,HR,48,2.2,Partial,5,34,Medium,Migraine,5.2,5,No,Sometimes,Travel_Rarely,7,1,4,1,No,3,3,2,3,2,2,2,1,59,47.8,1,4,2,5,69,No,Medium,1,1
29,Female,Divorced,Hyderabad,Analyst,7.5,49756,Medium,Engineering,44,0.7,Partial,13,11,Low,,5.5,4,No,Sometimes,Travel_Rarely,1,1,3,0,No,3,4,1,2,6,2,1,5,29,30.0,4,10,1,4,31,Yes,Low,1,1
48,Female,Divorced,Bangalore,CEO,21.7,506734,Large,Operations,61,2.6,Yes,19,28,High,Back Pain,5.0,1,No,Often,Travel_Rarely,1,4,1,7,No,3,1,3,1,3,2,0,2,34,57.8,6,3,0,6,44,No,Medium,1,1
51,Other,Married,Delhi,CEO,29.8,559644,Large,Marketing,62,2.9,Yes,9,35,High,Back Pain,5.0,1,Yes,Often,Travel_Rarely,26,4,3,2,No,3,3,2,2,20,6,4,17,164,30.0,7,5,1,2,31,Yes,Medium,1,1
29,Male,Married,Bangalore,Designer,2.7,41128,Medium,Marketing,46,1.5,Partial,12,19,Medium,,5.0,5,No,Rarely,Travel_Frequently,20,1,4,1,No,3,2,5,3,3,1,0,2,4,49.2,6,7,1,5,33,No,Medium,1,1
34,Female,Married,Bangalore,Manager,5.9,258780,Small,HR,59,2.1,Yes,19,15,Low,,5.0,4,Yes,Often,Travel_Frequently,2,1,3,6,No,3,4,3,3,4,3,1,2,82,50.2,3,6,0,3,46,No,Medium,1,1
30,Male,Married,Kolkata,Analyst,5.9,58324,Small,Operations,41,0.6,No,6,34,Low,,5.5,4,No,Sometimes,Travel_Rarely,2,1,4,0,No,3,4,3,3,5,3,1,2,122,55.4,7,4,1,2,38,Yes,Medium,1,1
41,Male,Divorced,Kolkata,Manager,10.8,253478,Medium,Operations,55,0.6,No,20,13,High,Hypertension,5.0,3,No,Often,Travel_Rarely,5,2,2,3,No,3,1,3,1,3,2,1,2,77,49.6,6,2,1,6,25,Yes,Low,1,1
52,Other,Married,Bangalore,CEO,10.2,509781,Medium,Engineering,62,3.0,Partial,5,33,High,Hypertension,5.0,3,No,Often,Travel_Rarely,5,3,2,9,Yes,3,3,2,2,8,7,7,7,153,70.2,5,2,3,5,42,No,Medium,1,1
35,Other,Divorced,Hyderabad,Analyst,9.4,56031,Small,Engineering,41,1.0,Partial,20,40,Low,,5.0,4,No,Sometimes,Travel_Frequently,18,3,1,1,No,4,4,3,2,9,8,1,8,61,52.2,7,3,1,5,32,Yes,High,1,1
42,Other,Married,Pune,Manager,21.4,263347,Large,HR,56,1.4,No,13,6,High,Back Pain,5.0,1,Yes,Often,Travel_Rarely,5,5,3,6,No,3,2,3,4,1,0,0,0,131,60.5,4,6,0,3,47,No,Low,1,1
44,Male,Married,Bangalore,Manager,22.0,246508,Medium,HR,59,1.8,Partial,8,8,High,Back Pain,5.0,1,Yes,Often,Non-Travel,2,4,4,9,No,4,4,1,3,20,8,11,8,88,42.8,7,7,0,3,58,No,Low,1,1
26,Male,Divorced,Delhi,Analyst,3.1,48717,Large,Operations,43,2.7,Partial,15,33,Low,Migraine,5.7,5,No,Sometimes,Travel_Rarely,23,1,4,1,No,4,2,3,1,3,2,0,2,41,51.2,1,3,1,3,55,No,Low,1,1
30,Female,Single,Pune,Analyst,1.0,53280,Large,Marketing,44,0.6,No,7,38,Medium,Migraine,5.2,5,Yes,Sometimes,Travel_Rarely,24,1,3,1,No,4,2,2,3,1,0,0,0,88,65.5,2,4,1,4,14,Yes,Low,1,1
23,Male,Single,Delhi,Developer,2.5,110734,Medium,HR,41,2.8,Yes,12,41,Low,,5.7,5,Yes,Sometimes,Travel_Rarely,2,1,1,3,No,3,3,3,3,0,0,0,0,145,47.6,2,3,1,3,0,Yes,Medium,1,1
25,Other,Divorced,Delhi,Intern,4.5,16026,Large,Operations,28,2.3,Yes,10,34,Medium,,6.7,3,Yes,Rarely,Travel_Rarely,1,2,3,0,No,3,4,3,3,4,2,1,2,39,51.9,6,3,1,2,80,No,Low,1,1
34,Female,Single,Bangalore,Analyst,7.2,46202,Medium,HR,43,3.0,Partial,7,42,Low,Migraine,5.0,4,No,Sometimes,Travel_Rarely,8,2,1,3,No,3,3,3,3,0,0,0,0,71,59.8,8,6,3,2,45,No,Low,1,1
35,Male,Single,Mumbai,Analyst,6.7,57309,Medium,Marketing,42,1.8,Partial,20,35,Low,,5.0,4,No,Sometimes,Travel_Rarely,1,1,3,3,No,3,3,0,3,2,2,2,2,38,42.6,6,3,0,1,43,No,Medium,1,1
28,Male,Divorced,Bangalore,Analyst,3.9,50792,Large,Operations,40,1.7,Yes,19,4,Medium,,5.0,5,No,Sometimes,Travel_Rarely,5,2,4,1,No,3,2,3,3,4,2,0,2,103,30.0,0,4,1,1,21,Yes,Low,1,1
30,Male,Married,Bangalore,Designer,7.6,41179,Medium,Marketing,43,1.7,Partial,6,33,Low,Migraine,5.0,4,No,Rarely,Travel_Rarely,5,1,1,5,No,3,4,3,3,3,2,2,2,13,52.6,10,7,0,3,0,Yes,Low,1,1
45,Male,Married,Pune,CEO,5.8,501609,Large,Marketing,67,1.0,Partial,10,33,Low,Hypertension,5.0,4,Yes,Often,Travel_Rarely,24,1,2,1,No,3,1,3,3,6,3,0,4,31,59.9,2,6,1,5,0,Yes,High,1,1
34,Other,Married,Delhi,Manager,12.5,286551,Large,Marketing,55,2.1,Partial,17,23,High,Hypertension,5.0,3,Yes,Often,Travel_Rarely,7,3,2,0,No,3,3,4,3,12,6,2,11,178,36.5,5,7,0,2,28,No,Medium,1,1
50,Male,Divorced,Pune,CEO,13.2,575924,Large,Engineering,63,0.7,Partial,14,45,High,Diabetes,5.0,3,Yes,Often,Travel_Rarely,2,2,2,5,No,3,4,3,3,4,1,1,2,124,56.7,8,2,1,3,38,No,Low,1,1
39,Female,Married,Hyderabad,Manager,17.3,266537,Medium,Marketing,51,1.1,Partial,15,6,High,Diabetes,5.0,2,Yes,Often,Travel_Rarely,4,2,3,4,No,3,3,1,4,15,11,5,9,165,56.8,5,2,0,5,69,No,High,1,1
31,Other,Divorced,Mumbai,Analyst,8.2,59506,Large,Operations,40,2.1,Partial,20,41,Low,Migraine,5.0,4,Yes,Sometimes,Travel_Rarely,11,1,4,3,Yes,3,2,2,3,6,4,0,2,96,30.0,4,8,1,2,40,No,Low,1,1
25,Male,Divorced,Kolkata,Developer,2.8,109489,Medium,Marketing,43,1.2,No,10,5,Medium,,6.5,5,Yes,Sometimes,Travel_Rarely,7,1,4,1,No,3,3,2,3,2,2,2,1,22,40.6,3,9,1,2,48,No,Low,1,1
20,Male,Divorced,Hyderabad,Intern,0.3,19319,Medium,Engineering,30,0.8,Partial,9,14,Medium,Migraine,6.5,4,Yes,Rarely,Travel_Frequently,6,1,4,1,Yes,3,2,5,3,1,0,1,0,62,46.0,7,2,1,3,24,No,High,1,1
42,Female,Single,Delhi,CEO,12.9,518465,Medium,HR,69,2.0,Partial,7,13,High,Diabetes,5.0,3,No,Often,Travel_Frequently,9,1,4,1,No,3,3,3,3,12,9,5,8,142,48.2,7,5,1,3,26,No,Low,1,1
33,Female,Divorced,Hyderabad,Designer,1.2,48490,Small,Engineering,47,0.6,Partial,7,16,Medium,Migraine,5.0,5,No,Rarely,Travel_Rarely,5,1,3,1,Yes,3,2,2,3,1,0,0,0,152,42.6,3,6,0,1,6,No,High,1,1
30,Female,Divorced,Mumbai,Developer,8.0,84270,Small,Marketing,47,2.9,Partial,19,23,Medium,,5.0,4,Yes,Sometimes,Travel_Rarely,5,1,1,5,No,3,4,3,3,3,2,2,2,144,42.0,3,4,1,5,10,No,High,1,1
45,Female,Single,Kolkata,Manager,10.8,226200,Large,Operations,51,1.3,No,6,23,High,Hypertension,5.0,3,Yes,Often,Travel_Rarely,29,3,4,4,Yes,3,4,4,4,3,1,1,2,52,66.7,2,4,2,5,10,Yes,Low,1,1
27,Other,Married,Pune,Developer,5.7,119334,Medium,Marketing,45,0.6,Partial,13,34,Medium,Migraine,6.2,4,Yes,Sometimes,Travel_Rarely,2,1,2,9,No,3,4,3,3,2,2,2,2,103,48.9,2,3,1,1,28,Yes,Low,1,1
23,Other,Single,Kolkata,Intern,0.7,16311,Large,HR,26,1.5,Partial,7,21,Low,,7.5,5,No,Rarely,Travel_Rarely,6,1,1,1,Yes,4,3,2,3,0,0,0,0,103,43.0,7,4,3,4,2,No,Low,1,1
32,Male,Single,Hyderabad,Analyst,8.0,58807,Small,Engineering,44,1.0,No,10,50,Low,,5.0,4,Yes,Sometimes,Travel_Frequently,2,1,4,0,No,3,3,2,2,7,7,3,6,178,49.6,4,5,2,5,19,No,Low,1,1
40,Female,Married,Hyderabad,Manager,13.3,283259,Medium,Marketing,58,0.7,No,5,15,High,Diabetes,5.0,3,No,Often,Travel_Rarely,20,3,4,4,No,4,4,6,3,11,10,11,1,38,55.4,1,7,1,3,34,No,High,1,1
40,Other,Single,Hyderabad,Manager,11.1,217882,Medium,Engineering,54,1.3,Partial,16,43,High,Diabetes,5.0,3,No,Often,Travel_Rarely,10,3,2,2,No,3,2,2,2,1,0,0,0,178,50.5,3,2,0,1,0,No,Medium,1,1
27,Other,Divorced,Pune,Developer,4.6,96055,Small,Marketing,41,0.8,No,11,44,Low,Migraine,6.2,5,No,Sometimes,Travel_Rarely,2,2,3,1,Yes,3,1,3,3,5,4,0,4,133,47.9,10,4,1,5,65,No,Low,1,1
50,Other,Divorced,Hyderabad,CEO,22.2,511844,Small,Operations,60,1.3,No,6,3,High,Back Pain,5.0,1,Yes,Often,Travel_Rarely,24,4,3,3,Yes,3,4,2,3,12,11,1,5,66,43.5,3,4,1,5,71,No,Medium,1,1
22,Female,Single,Delhi,Developer,1.0,115591,Large,Engineering,46,2.9,Partial,5,44,Medium,Migraine,5.7,5,No,Sometimes,Non-Travel,16,1,4,1,Yes,3,2,2,2,1,0,0,0,134,43.4,6,6,0,4,56,No,Low,1,1
31,Other,Divorced,Pune,Designer,6.8,40450,Small,Operations,44,1.3,No,18,7,Low,,5.2,4,Yes,Rarely,Travel_Rarely,12,1,4,8,Yes,4,3,0,3,4,2,0,2,178,44.0,4,9,2,3,43,Yes,Low,1,1
35,Male,Divorced,Kolkata,Designer,1.1,45528,Large,Marketing,40,1.2,No,9,11,Low,,5.5,5,No,Rarely,Travel_Rarely,4,1,4,1,No,3,3,3,3,1,0,0,0,41,53.4,5,4,0,3,42,Yes,Low,1,1
49,Female,Married,Kolkata,CEO,21.3,539563,Large,HR,66,0.6,Partial,16,50,High,Hypertension,5.0,1,Yes,Often,Travel_Frequently,10,5,1,9,Yes,3,4,4,3,3,2,1,2,14,40.1,3,5,1,3,46,No,Medium,1,1
54,Male,Divorced,Bangalore,CEO,6.2,591288,Large,HR,60,2.1,Yes,13,34,Medium,Diabetes,5.0,4,Yes,Often,Travel_Rarely,13,2,1,1,No,3,3,3,3,4,2,1,3,110,53.9,7,4,0,2,37,Yes,Low,1,1
43,Other,Married,Pune,Manager,1.7,239303,Medium,Operations,55,0.6,Partial,10,7,Low,Back Pain,5.0,5,No,Often,Travel_Rarely,8,2,2,4,No,4,3,2,4,1,0,0,0,156,64.1,5,5,0,2,39,Yes,Medium,1,1
20,Male,Single,Kolkata,Intern,0.4,18505,Medium,Engineering,34,0.9,Partial,11,32,Low,,7.5,5,Yes,Rarely,Travel_Frequently,6,1,4,1,Yes,3,2,5,3,1,0,1,0,32,53.3,2,6,0,4,2,Yes,Low,1,1
31,Other,Single,Kolkata,Analyst,3.5,54831,Medium,HR,41,1.0,Partial,15,47,Medium,Migraine,5.5,5,Yes,Sometimes,Travel_Rarely,20,2,3,3,Yes,3,3,2,3,2,2,2,2,154,46.3,6,3,1,1,37,No,Medium,1,1
60,Female,Married,Bangalore,CEO,26.2,594381,Small,Engineering,65,2.9,Partial,18,43,High,Back Pain,5.0,1,Yes,Often,Travel_Rarely,18,3,4,6,No,3,4,6,2,9,7,5,4,163,37.0,3,3,0,2,45,No,Low,1,1
22,Other,Single,Pune,Intern,1.5,19445,Small,Marketing,33,1.4,Partial,14,10,Medium,Migraine,7.2,5,Yes,Rarely,Non-Travel,16,1,4,1,Yes,3,2,2,2,1,0,0,0,156,65.8,2,3,1,3,42,No,Low,1,1
56,Male,Single,Delhi,CEO,10.4,510963,Medium,Marketing,67,2.1,Yes,18,21,High,Diabetes,5.0,3,Yes,Often,Travel_Rarely,24,3,4,3,Yes,3,2,2,1,5,3,1,4,37,38.3,7,7,2,0,58,No,Medium,1,1
59,Male,Married,Bangalore,CEO,2.4,586436,Medium,Operations,65,1.7,Yes,10,11,Low,Hypertension,5.0,5,No,Often,Travel_Rarely,23,1,3,1,No,3,4,3,3,2,2,2,2,96,58.5,6,6,1,2,64,No,Medium,1,1
25,Male,Married,Kolkata,Analyst,1.5,51963,Large,Operations,40,1.0,Partial,8,27,Medium,Migraine,6.5,5,Yes,Sometimes,Travel_Rarely,7,1,4,1,No,3,3,2,3,2,2,2,1,154,56.4,3,5,1,2,24,Yes,Low,1,1
35,Other,Married,Kolkata,Manager,14.6,204903,Small,Operations,53,1.0,No,13,31,High,Arthritis,5.0,3,Yes,Often,Travel_Rarely,1,2,3,9,No,3,3,2,3,11,9,6,9,32,47.6,5,4,1,2,12,Yes,Medium,1,1
23,Other,Divorced,Bangalore,Intern,1.6,16093,Medium,Marketing,31,1.5,Yes,14,25,Medium,,6.0,5,Yes,Rarely,Travel_Rarely,10,1,3,1,No,3,4,3,3,2,2,0,2,85,47.4,7,8,0,4,60,Yes,Medium,1,1
33,Female,Single,Kolkata,Manager,6.5,295224,Medium,Marketing,57,1.5,No,10,3,Medium,,5.0,4,Yes,Often,Travel_Rarely,2,1,4,4,No,3,4,3,3,1,1,0,0,65,31.6,4,4,0,3,48,No,Medium,1,1
25,Other,Single,Bangalore,Designer,2.4,53526,Large,Operations,44,2.3,Yes,20,49,Medium,Migraine,5.0,5,No,Rarely,Travel_Rarely,7,1,4,1,No,3,3,2,3,2,2,2,1,9,53.3,4,4,1,1,24,Yes,Medium,1,1
42,Male,Married,Mumbai,Manager,9.3,291244,Large,Marketing,52,1.7,Yes,20,46,Medium,,5.0,4,No,Often,Travel_Rarely,4,2,1,7,No,3,4,3,4,6,4,1,5,4,56.2,3,5,0,5,31,Yes,High,1,1
40,Other,Divorced,Bangalore,CEO,16.5,570997,Large,Operations,65,2.9,Yes,18,15,High,Hypertension,5.0,2,No,Often,Travel_Frequently,26,2,4,3,Yes,3,4,3,1,1,1,0,0,122,39.1,6,6,2,4,29,Yes,Medium,1,1
30,Female,Single,Mumbai,Analyst,7.6,56788,Small,Engineering,44,2.5,Yes,17,33,Low,Migraine,5.0,4,No,Sometimes,Travel_Rarely,5,1,1,5,No,3,4,3,3,3,2,2,2,73,48.4,4,8,0,5,40,No,Low,1,1
25,Male,Divorced,Hyderabad,Analyst,2.8,53475,Small,Operations,42,1.2,Partial,12,11,Medium,Migraine,5.5,5,Yes,Sometimes,Travel_Rarely,7,1,4,1,No,3,3,2,3,2,2,2,1,96,50.4,5,5,1,3,64,No,High,1,1
23,Male,Married,Hyderabad,Intern,1.4,17092,Large,Marketing,32,1.5,Partial,12,7,Medium,,6.5,3,Yes,Rarely,Travel_Rarely,6,1,1,1,Yes,4,3,2,3,0,0,0,0,117,55.8,7,3,3,3,17,No,Medium,1,1
33,Male,Divorced,Delhi,Designer,6.1,54370,Small,HR,41,2.8,Partial,14,13,Low,,5.0,4,No,Rarely,Travel_Rarely,8,2,3,0,No,3,4,3,3,5,0,1,2,37,50.0,4,9,0,2,41,No,High,1,1
35,Male,Single,Kolkata,Analyst,3.4,59939,Large,HR,44,1.0,Partial,6,16,Medium,,5.5,5,Yes,Sometimes,Travel_Rarely,8,1,4,1,No,3,2,1,2,3,2,0,2,140,33.7,3,6,0,2,40,Yes,Low,1,1
24,Male,Married,Kolkata,Developer,2.5,114044,Medium,Operations,40,1.4,Partial,9,34,Medium,Migraine,6.5,5,Yes,Sometimes,Travel_Frequently,24,1,4,0,No,3,3,3,3,2,2,2,1,158,44.7,1,3,2,3,0,No,Medium,1,1
22,Male,Married,Kolkata,Developer,0.5,114092,Small,Marketing,44,1.1,No,17,49,Medium,Migraine,6.5,5,Yes,Sometimes,Non-Travel,16,1,4,1,Yes,3,2,2,2,1,0,0,0,46,52.2,5,9,2,1,85,No,Medium,1,1
44,Male,Single,Mumbai,Manager,15.8,236178,Large,Engineering,54,2.7,Yes,19,27,High,Arthritis,5.0,2,No,Often,Travel_Frequently,2,3,3,5,Yes,3,2,2,2,2,2,2,2,108,58.4,8,5,0,2,39,Yes,Medium,1,1
35,Male,Married,Delhi,Manager,1.8,287480,Small,Marketing,54,2.8,Yes,13,42,Medium,,5.0,5,Yes,Often,Travel_Rarely,2,1,4,1,No,3,1,3,3,2,2,2,2,179,43.8,5,4,0,7,58,Yes,High,1,1
26,Male,Married,Bangalore,Analyst,4.7,55140,Large,Operations,44,2.4,Partial,13,17,Medium,Migraine,5.0,5,No,Sometimes,Travel_Rarely,23,2,4,7,Yes,3,3,2,2,2,2,0,0,14,71.9,5,5,2,2,3,No,Medium,1,1
40,Male,Divorced,Bangalore,Manager,15.4,286615,Medium,Operations,58,2.5,Yes,16,28,High,Hypertension,5.0,2,No,Often,Travel_Rarely,4,3,4,7,No,3,1,2,2,12,11,2,11,156,31.1,3,6,0,3,74,No,Medium,1,1
31,Other,Single,Bangalore,Designer,8.9,44015,Large,HR,41,2.8,Yes,14,9,Low,,5.0,4,No,Rarely,Travel_Frequently,3,3,3,9,No,3,1,3,3,2,2,2,2,135,44.4,3,4,0,3,28,No,Low,1,1
32,Male,Married,Hyderabad,Analyst,2.7,50133,Large,Engineering,44,0.7,No,20,32,Low,Migraine,5.0,5,Yes,Sometimes,Travel_Rarely,1,1,2,0,No,3,2,2,3,2,2,2,2,4,49.2,6,7,1,4,0,Yes,Low,1,1
47,Other,Divorced,Hyderabad,CEO,13.5,548121,Small,HR,66,0.6,Partial,18,37,High,Arthritis,5.0,3,Yes,Often,Non-Travel,1,3,2,0,No,3,1,3,1,13,8,5,12,156,48.0,5,5,1,3,7,No,Low,1,1
51,Male,Single,Kolkata,CEO,15.9,583431,Large,HR,61,1.2,No,19,48,High,Diabetes,5.0,2,Yes,Often,Travel_Rarely,8,3,2,5,No,3,4,5,1,10,9,4,7,46,37.7,7,2,1,3,10,No,Low,1,1
45,Other,Single,Kolkata,Manager,8.1,223785,Large,Operations,60,0.8,Partial,15,46,Medium,Back Pain,5.0,4,Yes,Often,Travel_Rarely,10,1,4,3,No,4,4,3,2,2,2,0,2,67,54.5,6,4,2,5,20,No,Low,1,1
38,Other,Single,Mumbai,Manager,14.1,230612,Large,Marketing,54,1.5,Yes,20,40,High,Hypertension,5.0,3,No,Often,Travel_Rarely,2,2,3,9,No,3,2,3,3,1,0,0,0,75,53.7,8,6,1,1,9,No,Low,1,1
26,Male,Single,Delhi,Designer,5.2,44678,Medium,HR,44,1.6,Partial,9,16,Medium,Migraine,5.7,4,Yes,Rarely,Travel_Rarely,23,2,4,7,Yes,3,3,2,2,2,2,0,0,172,50.5,8,6,1,2,51,Yes,Medium,1,1
28,Male,Divorced,Hyderabad,Developer,4.3,92628,Medium,Operations,45,1.3,No,15,39,Low,,5.5,5,No,Sometimes,Travel_Rarely,5,2,4,1,No,3,2,3,3,4,2,0,2,129,53.3,8,8,2,2,39,Yes,Medium,1,1
26,Other,Single,Kolkata,Designer,1.9,42495,Small,Marketing,45,0.9,No,14,46,Low,,6.5,5,Yes,Rarely,Travel_Rarely,25,1,3,1,No,3,3,2,2,1,0,0,1,154,45.8,9,3,1,4,45,Yes,Medium,1,1
31,Female,Married,Mumbai,Manager,2.5,287865,Small,Operations,51,2.2,Partial,19,38,Low,Migraine,5.0,5,No,Often,Travel_Frequently,5,1,2,1,No,3,3,5,2,2,2,2,2,94,33.8,5,2,1,1,44,No,Medium,1,1
48,Other,Divorced,Kolkata,CEO,2.2,533060,Small,Operations,68,0.6,No,9,20,Low,,5.0,5,Yes,Often,Travel_Rarely,2,1,4,1,Yes,3,1,3,2,3,2,1,2,114,42.8,3,5,1,2,30,Yes,Medium,1,1
26,Other,Divorced,Hyderabad,Designer,3.1,47242,Medium,Operations,45,0.7,Partial,14,47,Low,,5.5,5,No,Rarely,Travel_Rarely,23,1,4,1,No,4,2,3,1,3,2,0,2,163,51.6,4,5,0,1,4,No,Low,1,1
30,Male,Divorced,Kolkata,Designer,8.6,41037,Small,Marketing,47,0.7,No,7,27,Medium,Migraine,5.5,4,Yes,Rarely,Travel_Frequently,26,2,1,5,No,3,3,5,2,6,3,0,1,35,51.6,5,7,0,3,5,No,High,1,1
42,Female,Divorced,Pune,CEO,4.3,587108,Medium,Engineering,62,1.1,Partial,8,8,Low,Back Pain,5.0,5,No,Often,Travel_Rarely,2,1,3,0,Yes,3,3,5,3,3,2,1,0,25,50.4,6,5,1,2,6,Yes,Low,1,1
30,Female,Divorced,Hyderabad,Developer,3.0,89462,Large,HR,40,0.6,No,19,8,Low,Migraine,5.0,5,No,Sometimes,Travel_Frequently,4,1,4,9,Yes,4,3,4,3,1,0,0,0,42,55.5,7,3,0,1,13,No,High,1,1
43,Male,Single,Bangalore,Manager,4.0,298926,Medium,HR,54,1.7,Yes,20,36,Low,,5.0,5,Yes,Often,Travel_Rarely,8,2,2,4,No,4,3,2,4,1,0,0,0,26,44.2,4,6,0,4,69,No,Medium,1,1
26,Male,Single,Delhi,Developer,2.0,104521,Small,Engineering,47,3.0,Yes,14,29,Medium,,5.7,5,No,Sometimes,Travel_Rarely,25,1,3,1,No,3,3,2,2,1,0,0,1,68,50.3,6,6,0,4,5,No,Low,1,1
29,Male,Married,Kolkata,Analyst,1.7,52302,Large,Operations,40,1.2,No,17,45,Medium,,6.5,5,Yes,Sometimes,Travel_Rarely,10,1,2,1,No,3,4,2,3,2,2,2,2,147,55.7,13,3,0,1,65,No,Medium,1,1
31,Other,Married,Delhi,Manager,3.2,283643,Medium,Operations,52,2.8,Yes,10,32,Low,,5.0,5,No,Often,Travel_Rarely,2,1,4,0,Yes,3,2,2,1,2,2,2,2,10,49.2,3,8,1,0,14,No,Low,1,1
20,Male,Married,Kolkata,Intern,0.3,16707,Large,HR,32,0.7,No,9,21,Medium,,7.5,3,Yes,Rarely,Travel_Frequently,6,1,4,1,Yes,3,2,5,3,1,0,1,0,73,37.6,7,2,1,1,8,No,Low,1,1
40,Other,Married,Mumbai,Manager,13.2,219464,Large,Marketing,58,2.3,Partial,7,45,High,Back Pain,5.0,3,Yes,Often,Travel_Rarely,20,3,4,4,No,4,4,6,3,11,10,11,1,103,40.4,7,4,1,2,43,No,Low,1,1
27,Male,Single,Bangalore,Designer,5.0,53201,Large,Engineering,49,2.6,Partial,20,42,Medium,Migraine,5.0,4,Yes,Rarely,Travel_Rarely,2,2,3,1,Yes,3,1,3,3,5,4,0,4,37,58.3,2,5,0,2,60,No,Medium,1,1
35,Male,Divorced,Kolkata,Manager,4.8,272536,Large,Engineering,52,1.2,No,6,8,Medium,,5.0,5,No,Often,Travel_Frequently,1,1,1,4,No,3,4,2,2,3,2,1,2,133,63.9,5,3,1,3,3,No,Low,1,1
34,Other,Single,Delhi,Analyst,11.5,58724,Small,Engineering,43,2.3,Yes,19,31,High,Diabetes,5.0,3,Yes,Sometimes,Travel_Rarely,6,2,2,6,No,3,3,3,3,1,0,0,0,22,61.8,2,4,0,3,33,No,Medium,1,1
22,Male,Single,Hyderabad,Developer,1.1,87667,Large,HR,46,1.4,No,5,14,Medium,,5.5,5,Yes,Sometimes,Non-Travel,16,1,4,1,Yes,3,2,2,2,1,0,0,0,46,52.3,4,6,1,4,59,No,High,1,1
26,Male,Divorced,Pune,Developer,0.6,85474,Large,HR,46,0.6,No,6,20,Medium,,6.2,5,Yes,Sometimes,Travel_Rarely,25,1,3,1,No,3,3,2,2,1,0,0,1,89,38.0,3,8,1,3,53,Yes,Medium,1,1
25,Other,Single,Delhi,Intern,1.0,17406,Large,HR,35,2.2,Yes,9,45,Low,,6.7,4,No,Rarely,Travel_Rarely,19,1,2,1,Yes,3,3,2,3,1,0,0,0,45,49.9,3,5,0,2,4,No,Low,1,1
24,Female,Married,Delhi,Intern,2.1,17516,Large,Marketing,29,2.6,Yes,14,43,Low,,6.7,5,No,Rarely,Travel_Rarely,21,1,1,0,No,3,2,3,3,1,1,0,0,106,65.6,1,2,0,2,31,Yes,Low,1,1
20,Male,Divorced,Kolkata,Intern,0.2,18015,Medium,Operations,31,1.4,Partial,12,17,Low,,7.5,5,Yes,Rarely,Travel_Frequently,6,1,4,1,Yes,3,2,5,3,1,0,1,0,139,56.2,7,7,1,3,3,No,Low,1,1
57,Female,Divorced,Pune,CEO,19.2,593647,Small,HR,64,0.8,Partial,12,39,High,Diabetes,5.0,2,No,Often,Travel_Rarely,8,1,1,4,Yes,3,3,3,3,2,2,2,2,140,47.9,4,5,0,3,42,No,Medium,1,1
25,Male,Single,Mumbai,Analyst,3.1,46073,Medium,HR,40,1.9,Yes,20,9,Medium,Migraine,5.2,5,No,Sometimes,Travel_Rarely,8,2,2,0,No,4,3,4,3,3,2,1,2,103,56.3,9,3,1,7,38,No,Medium,1,1
30,Female,Divorced,Bangalore,Analyst,9.4,49795,Medium,Operations,45,2.0,Yes,19,39,Low,Migraine,5.0,4,No,Sometimes,Travel_Frequently,26,2,1,5,No,3,3,5,2,6,3,0,1,110,37.3,4,4,1,2,46,No,Medium,1,1
25,Female,Single,Kolkata,Designer,3.0,48071,Large,Engineering,46,0.5,No,12,4,Low,,6.5,5,Yes,Rarely,Travel_Rarely,7,1,4,1,No,3,3,2,3,2,2,2,1,103,43.0,6,3,1,2,16,No,Low,1,1
31,Male,Single,Pune,Analyst,8.9,58788,Small,Engineering,42,1.1,No,7,6,Low,,5.2,4,No,Sometimes,Travel_Frequently,3,3,3,9,No,3,1,3,3,2,2,2,2,59,39.2,3,5,1,4,21,No,Low,1,1
21,Male,Divorced,Pune,Intern,0.8,17298,Medium,Engineering,34,0.8,No,20,43,Medium,,7.2,3,No,Rarely,Travel_Rarely,12,1,2,1,No,3,4,0,3,1,0,0,0,170,54.7,8,4,1,2,55,No,High,1,1
45,Male,Divorced,Mumbai,Manager,18.1,291274,Large,Engineering,53,2.7,Partial,15,47,High,Diabetes,5.0,2,No,Often,Travel_Rarely,9,3,1,4,Yes,3,3,2,3,5,4,0,2,99,57.1,6,4,2,5,56,Yes,Medium,1,1
21,Female,Single,Mumbai,Intern,0.6,15833,Small,Engineering,28,2.3,Yes,16,30,Medium,,6.2,5,Yes,Rarely,Travel_Rarely,12,1,2,1,No,3,4,0,3,1,0,0,0,67,48.5,5,8,1,3,68,Yes,High,1,1
44,Other,Married,Pune,CEO,18.3,580938,Small,Engineering,68,1.5,Partial,8,42,High,Diabetes,5.0,2,Yes,Often,Travel_Frequently,24,1,3,3,Yes,4,4,0,1,1,0,0,0,132,41.3,3,7,0,4,63,No,High,1,1
42,Other,Single,Hyderabad,Manager,11.3,223756,Medium,HR,60,0.7,Partial,10,38,High,Back Pain,5.0,3,No,Often,Non-Travel,21,2,3,2,No,3,2,5,3,5,3,0,2,119,49.8,11,3,0,2,2,No,High,1,1
23,Other,Divorced,Pune,Developer,1.2,105872,Medium,Operations,47,0.6,No,16,25,Medium,,6.2,5,No,Sometimes,Travel_Rarely,6,1,1,1,Yes,4,3,2,3,0,0,0,0,36,45.1,7,5,2,4,59,Yes,Low,1,1
28,Female,Divorced,Pune,Analyst,4.6,47055,Large,Operations,41,0.8,Partial,14,4,Medium,,6.2,5,No,Sometimes,Non-Travel,4,2,3,1,No,3,2,3,4,5,4,0,4,71,42.0,6,3,0,2,34,Yes,Low,1,1
21,Female,Divorced,Bangalore,Intern,0.9,16138,Small,HR,27,2.7,Yes,17,26,Low,Migraine,6.0,4,Yes,Rarely,Travel_Rarely,12,1,2,1,No,3,4,0,3,1,0,0,0,126,53.4,6,6,0,3,50,Yes,Low,1,1
30,Other,Divorced,Pune,Analyst,7.4,47217,Large,HR,41,1.4,No,13,15,Low,Migraine,5.2,4,No,Sometimes,Travel_Rarely,1,1,3,3,No,4,3,2,3,2,2,0,2,105,42.4,6,2,1,3,28,No,High,1,1
20,Other,Married,Delhi,Intern,0.2,18512,Medium,Operations,33,2.5,Partial,7,21,Low,Migraine,6.7,3,No,Rarely,Travel_Frequently,6,1,4,1,Yes,3,2,5,3,1,0,1,0,91,34.3,6,4,1,3,17,Yes,Low,1,1
38,Male,Divorced,Bangalore,Manager,15.8,230240,Medium,Engineering,60,2.5,Partial,8,36,High,Back Pain,5.0,2,No,Often,Travel_Rarely,1,2,2,0,No,3,1,3,3,15,13,5,8,30,36.6,5,5,0,7,29,Yes,Medium,1,1
29,Other,Divorced,Pune,Developer,5.6,91173,Large,Operations,49,1.0,Partial,17,7,Low,,6.2,4,Yes,Sometimes,Travel_Rarely,2,1,2,0,No,4,4,3,3,5,4,0,4,121,34.0,8,3,0,2,36,Yes,High,1,1
32,Other,Single,Pune,Manager,11.2,265176,Small,Marketing,52,1.2,No,20,9,High,Back Pain,5.0,3,No,Often,Travel_Rarely,6,2,3,1,No,3,1,0,3,11,8,5,7,136,52.5,6,1,1,6,41,No,High,1,1
31,Male,Married,Bangalore,Manager,4.5,293705,Large,Operations,59,2.5,Partial,6,22,Low,,5.0,5,No,Often,Travel_Rarely,26,1,3,1,No,3,4,1,2,5,2,4,3,50,51.5,8,6,1,0,54,No,Medium,1,1
21,Female,Divorced,Delhi,Intern,0.9,19707,Medium,Marketing,35,2.6,Yes,19,44,Medium,,6.7,5,Yes,Rarely,Travel_Rarely,12,1,2,1,No,3,4,0,3,1,0,0,0,28,51.0,13,12,1,3,14,No,Low,1,1
21,Other,Divorced,Pune,Intern,0.9,16860,Medium,Marketing,30,0.9,No,13,26,Medium,Migraine,7.2,5,Yes,Rarely,Travel_Rarely,12,1,2,1,No,3,4,0,3,1,0,0,0,39,55.9,4,4,2,4,13,Yes,Low,1,1
33,Male,Married,Delhi,Analyst,3.5,59584,Large,Operations,43,1.5,Yes,7,6,Medium,,5.0,5,No,Sometimes,Travel_Rarely,2,1,4,0,No,3,1,2,4,3,1,0,2,40,61.9,1,5,0,2,2,No,Medium,1,1
45,Female,Single,Delhi,Manager,16.3,294692,Medium,HR,53,2.5,Yes,12,30,High,Arthritis,5.0,2,Yes,Often,Travel_Rarely,6,3,1,4,Yes,3,2,3,4,0,0,0,0,10,44.1,4,5,1,2,31,Yes,High,1,1
40,Male,Divorced,Mumbai,Manager,6.8,230615,Medium,Operations,58,2.6,Yes,19,37,Low,Hypertension,5.0,4,No,Often,Travel_Rarely,10,2,2,7,No,3,2,2,4,5,1,1,3,150,54.1,2,1,1,3,18,Yes,High,1,1
25,Other,Divorced,Delhi,Analyst,2.6,57763,Medium,Operations,43,2.2,Yes,14,38,Low,,5.7,5,No,Sometimes,Travel_Rarely,7,1,4,1,No,3,3,2,3,2,2,2,1,0,34.2,7,3,1,4,28,No,Low,1,1
29,Female,Single,Pune,Developer,7.3,116250,Medium,Operations,42,1.0,Partial,16,43,Medium,Migraine,6.2,4,Yes,Sometimes,Travel_Rarely,1,1,3,0,No,3,4,1,2,6,2,1,5,45,63.8,4,9,0,4,35,No,Low,1,1
60,Male,Divorced,Bangalore,CEO,24.4,585349,Medium,HR,61,2.0,Partial,18,22,High,Arthritis,5.0,1,No,Often,Travel_Rarely,18,3,4,6,No,3,4,6,2,9,7,5,4,100,37.6,5,4,1,0,0,No,Medium,1,1
20,Other,Divorced,Mumbai,Intern,0.3,16793,Large,Marketing,32,1.9,Partial,11,5,Low,,6.2,3,Yes,Rarely,Travel_Frequently,6,1,4,1,Yes,3,2,5,3,1,0,1,0,148,42.9,8,2,0,0,24,No,Medium,1,1
26,Other,Divorced,Hyderabad,Analyst,4.5,48650,Medium,HR,40,1.4,Partial,19,36,Medium,,5.5,5,No,Sometimes,Travel_Rarely,23,2,4,7,Yes,3,3,2,2,2,2,0,0,89,44.0,6,6,0,4,42,Yes,Low,1,1
25,Female,Single,Hyderabad,Analyst,1.4,45897,Medium,Engineering,45,0.8,No,18,32,Low,Migraine,5.5,5,Yes,Sometimes,Travel_Rarely,19,1,2,1,Yes,3,3,2,3,1,0,0,0,109,34.7,5,5,1,5,36,No,Medium,1,1
31,Male,Divorced,Delhi,Analyst,7.3,47553,Medium,Marketing,41,1.8,Partial,12,42,Low,Migraine,5.0,4,Yes,Sometimes,Travel_Rarely,12,1,4,8,Yes,4,3,0,3,4,2,0,2,163,50.3,2,6,2,4,28,Yes,High,1,1
50,Other,Married,Delhi,CEO,28.6,531437,Large,Marketing,60,1.9,Yes,16,43,High,Hypertension,5.0,1,Yes,Often,Travel_Rarely,7,5,3,5,Yes,3,4,2,2,27,3,13,8,56,52.1,6,4,1,4,34,Yes,High,1,1
31,Female,Married,Pune,Designer,4.2,52519,Medium,HR,48,0.6,Partial,9,18,Low,Migraine,5.2,5,No,Rarely,Travel_Rarely,20,2,3,3,Yes,3,3,2,3,2,2,2,2,0,48.1,5,5,1,6,30,Yes,Medium,1,1
34,Male,Divorced,Hyderabad,Manager,7.0,233312,Small,Engineering,57,0.7,No,16,28,Low,,5.0,4,No,Often,Travel_Rarely,8,2,1,3,No,3,3,3,3,0,0,0,0,62,34.6,6,6,2,2,15,No,Medium,1,1
29,Male,Single,Hyderabad,Analyst,3.1,54902,Large,Operations,40,0.7,No,18,24,Low,Migraine,5.5,5,No,Sometimes,Travel_Frequently,20,1,4,1,No,3,2,5,3,3,1,0,2,54,69.8,3,6,0,3,12,No,Low,1,1
25,Other,Married,Delhi,Designer,2.5,41823,Large,Engineering,40,1.8,Partial,18,38,Low,Migraine,5.7,5,Yes,Rarely,Travel_Rarely,7,1,4,1,No,3,3,2,3,2,2,2,1,114,55.5,6,5,0,2,89,Yes,Medium,1,1
27,Other,Married,Pune,Designer,0.7,51127,Large,Marketing,44,0.8,Partial,10,36,Medium,,6.2,5,No,Rarely,Travel_Rarely,2,1,1,1,No,3,4,6,3,1,0,0,0,167,76.3,6,4,1,1,48,Yes,Low,1,1
40,Male,Single,Mumbai,Manager,16.9,202206,Small,Engineering,59,2.0,Partial,6,22,High,Back Pain,5.0,2,No,Often,Travel_Frequently,26,2,4,3,Yes,3,4,3,1,1,1,0,0,142,41.9,4,3,0,7,57,No,Low,1,1
26,Other,Married,Bangalore,Designer,1.4,53218,Large,HR,44,1.7,Partial,13,42,Medium,,5.0,5,Yes,Rarely,Travel_Rarely,25,1,3,1,No,3,3,2,2,1,0,0,1,148,59.6,7,7,2,3,47,No,Low,1,1
44,Female,Married,Delhi,Manager,19.7,228189,Large,HR,50,3.0,Yes,18,41,High,Diabetes,5.0,2,No,Often,Travel_Rarely,29,2,4,1,No,4,2,3,3,20,11,13,17,174,57.8,4,7,0,2,63,No,Medium,1,1
39,Female,Single,Kolkata,Manager,11.4,269058,Medium,Engineering,55,0.7,Partial,9,5,High,Diabetes,5.0,3,No,Often,Non-Travel,2,1,1,2,Yes,4,2,2,4,1,0,0,0,52,47.1,0,10,2,5,46,Yes,High,1,1
26,Female,Married,Bangalore,Developer,5.2,101907,Large,Operations,42,2.5,Partial,20,50,Medium,Migraine,5.0,4,Yes,Sometimes,Travel_Rarely,23,2,4,7,Yes,3,3,2,2,2,2,0,0,136,64.1,9,3,0,4,0,No,High,1,1
29,Female,Single,Mumbai,Analyst,4.3,55354,Small,Marketing,44,2.1,Partial,16,20,Low,,5.2,5,No,Sometimes,Travel_Rarely,18,1,4,1,Yes,3,3,3,2,4,3,0,1,179,45.9,1,5,2,5,18,No,Medium,1,1
31,Male,Married,Bangalore,Designer,2.7,52420,Large,Marketing,41,2.9,Partial,20,31,Low,,5.0,5,No,Rarely,Travel_Rarely,2,1,4,0,Yes,3,2,2,1,2,2,2,2,56,46.4,6,4,1,2,40,No,Medium,1,1
22,Male,Married,Hyderabad,Intern,1.7,18142,Small,Operations,25,0.8,No,17,44,Medium,,6.5,4,Yes,Rarely,Travel_Rarely,19,1,4,1,No,4,1,6,3,2,2,2,2,116,30.0,4,7,1,3,39,Yes,Low,1,1
25,Other,Single,Hyderabad,Intern,0.7,17258,Large,Engineering,32,1.4,No,16,6,Medium,Migraine,6.5,5,Yes,Rarely,Travel_Rarely,19,1,2,1,Yes,3,3,2,3,1,0,0,0,153,54.1,5,9,1,0,38,No,Medium,1,1
53,Female,Married,Kolkata,CEO,21.7,530868,Large,Marketing,69,1.3,No,6,38,High,Diabetes,5.0,1,No,Often,Travel_Rarely,2,4,3,6,No,3,3,3,4,17,13,15,2,168,36.7,6,2,1,7,13,Yes,Medium,1,1
25,Female,Single,Bangalore,Intern,3.3,18170,Medium,HR,31,1.5,Partial,11,11,Medium,,6.0,3,No,Rarely,Travel_Rarely,8,2,2,0,No,4,3,4,3,3,2,1,2,34,44.5,8,6,3,7,24,No,Medium,1,1
29,Male,Single,Mumbai,Developer,4.4,100358,Medium,Operations,49,2.2,Yes,13,32,Low,,5.2,5,No,Sometimes,Travel_Rarely,18,1,4,1,Yes,3,3,3,2,4,3,0,1,62,39.7,4,3,0,2,40,Yes,Low,1,1
30,Female,Married,Delhi,Designer,3.2,43687,Small,Marketing,46,2.2,Yes,18,32,Low,Migraine,5.0,5,No,Rarely,Travel_Frequently,4,1,4,9,Yes,4,3,4,3,1,0,0,0,24,46.3,5,4,3,2,36,No,Medium,1,1
34,Male,Divorced,Delhi,Designer,13.7,43987,Small,HR,45,2.5,Yes,19,35,High,Hypertension,5.0,3,Yes,Rarely,Travel_Rarely,5,3,1,2,No,3,4,6,3,11,10,5,8,89,54.4,10,2,0,3,51,Yes,Low,1,1
31,Other,Married,Bangalore,Manager,3.8,252967,Medium,HR,54,2.0,Yes,19,40,Low,,5.0,5,No,Often,Travel_Rarely,20,2,3,3,Yes,3,3,2,3,2,2,2,2,74,50.1,5,4,0,4,14,No,Low,1,1
37,Other,Divorced,Hyderabad,Manager,2.9,234785,Medium,Marketing,56,1.0,Partial,19,38,Low,,5.0,5,No,Often,Travel_Frequently,9,1,4,1,Yes,3,3,3,2,4,2,1,2,37,57.1,7,9,3,2,45,No,Medium,1,1
40,Male,Single,Bangalore,Manager,0.7,262564,Small,HR,60,3.0,Yes,8,10,Medium,Diabetes,5.0,5,No,Often,Travel_Frequently,2,1,4,1,Yes,4,3,3,3,1,0,0,0,129,62.7,6,6,0,5,24,No,Low,1,1
32,Male,Divorced,Pune,Manager,6.1,247744,Large,Engineering,59,1.3,Partial,17,31,Medium,Migraine,5.0,4,No,Often,Travel_Rarely,4,1,2,2,No,3,1,5,3,4,3,1,2,134,46.3,4,5,1,1,28,No,Medium,1,1
29,Female,Married,Delhi,Developer,0.8,112165,Large,Engineering,47,2.1,Yes,9,3,Medium,,5.7,5,Yes,Sometimes,Travel_Rarely,10,1,3,1,No,3,3,6,3,1,0,0,0,161,45.2,3,10,1,0,34,Yes,Medium,1,1
28,Other,Married,Mumbai,Designer,2.2,41925,Large,Engineering,44,2.0,Yes,12,42,Medium,Migraine,5.2,5,No,Rarely,Travel_Rarely,5,1,3,1,Yes,3,3,3,2,2,2,2,2,90,59.6,5,4,1,4,0,Yes,Low,1,1
34,Male,Divorced,Kolkata,Designer,11.8,43414,Medium,Engineering,41,1.1,No,11,5,High,Back Pain,5.5,3,Yes,Rarely,Travel_Rarely,6,2,2,6,No,3,3,3,3,1,0,0,0,16,60.4,4,3,1,1,38,No,High,1,1
40,Other,Married,Delhi,Manager,8.4,228616,Large,Operations,53,2.0,Partial,8,43,Medium,Diabetes,5.0,4,No,Often,Travel_Rarely,22,2,3,2,Yes,3,1,6,3,6,4,1,0,127,57.4,4,8,2,1,60,No,High,1,1
34,Other,Married,Hyderabad,Manager,3.1,208612,Small,Engineering,52,0.9,Partial,8,44,Low,,5.0,5,Yes,Often,Travel_Rarely,19,1,4,0,No,3,3,2,3,2,2,1,2,170,40.5,5,2,0,2,11,Yes,Low,1,1
34,Male,Married,Bangalore,Analyst,1.9,59192,Small,Operations,44,2.5,Partial,18,14,Medium,Migraine,5.0,5,No,Sometimes,Travel_Rarely,20,1,3,0,No,3,4,5,2,1,0,0,0,107,54.2,2,3,1,1,72,No,Medium,1,1
22,Other,Married,Delhi,Developer,0.9,110910,Medium,HR,50,2.5,Partial,10,11,Medium,,5.7,5,No,Sometimes,Non-Travel,16,1,4,1,Yes,3,2,2,2,1,0,0,0,178,51.1,7,1,0,1,22,Yes,Medium,1,1
24,Other,Single,Bangalore,Developer,1.7,101710,Small,Marketing,42,2.0,Partial,12,30,Medium,,5.0,5,Yes,Sometimes,Travel_Rarely,21,1,1,0,No,3,2,3,3,1,1,0,0,151,60.5,3,3,2,1,47,No,Medium,1,1
32,Male,Married,Pune,Designer,8.5,46591,Medium,Operations,44,1.2,Partial,20,18,Medium,,5.2,4,Yes,Rarely,Travel_Frequently,2,1,4,0,No,3,3,2,2,7,7,3,6,24,44.3,5,7,0,3,9,Yes,High,1,1
22,Other,Divorced,Hyderabad,Developer,1.7,107990,Medium,Marketing,46,0.8,Partial,18,30,Low,,5.5,5,Yes,Sometimes,Travel_Rarely,19,1,4,1,No,4,1,6,3,2,2,2,2,179,33.3,6,3,1,4,78,Yes,Low,1,1
32,Male,Single,Pune,Manager,9.8,259183,Small,Operations,50,0.9,No,7,46,Low,,5.0,4,Yes,Often,Travel_Frequently,16,1,1,1,Yes,4,2,5,3,10,2,6,7,87,56.9,8,6,0,3,14,Yes,Medium,1,1
55,Other,Single,Bangalore,CEO,18.5,581390,Medium,HR,67,1.6,Partial,7,44,High,Diabetes,5.0,2,Yes,Often,Travel_Rarely,2,1,4,8,No,4,2,2,4,5,2,0,4,160,30.0,5,8,0,2,39,No,High,1,1
23,Female,Single,Mumbai,Intern,0.9,16902,Medium,Marketing,31,2.2,Partial,18,2,Medium,Migraine,6.2,4,Yes,Rarely,Travel_Rarely,6,1,1,1,Yes,4,3,2,3,0,0,0,0,176,42.7,3,6,0,3,24,Yes,Low,1,1
32,Other,Married,Pune,Designer,1.0,47295,Medium,Engineering,48,1.4,No,8,3,Medium,,5.2,5,Yes,Rarely,Travel_Rarely,1,1,1,1,No,3,4,2,3,1,0,0,0,28,39.8,3,5,2,2,34,No,Low,1,1
38,Male,Married,Mumbai,Manager,17.7,244121,Large,Engineering,59,3.0,Partial,9,34,High,Back Pain,5.0,2,No,Often,Travel_Rarely,10,2,3,3,No,3,3,4,3,1,0,0,0,62,39.7,5,3,1,3,37,No,Low,1,1
32,Male,Single,Mumbai,Designer,12.0,54791,Medium,Engineering,47,2.7,Partial,11,10,High,Arthritis,5.0,3,Yes,Rarely,Travel_Rarely,6,2,3,1,No,3,1,0,3,11,8,5,7,149,42.5,7,5,0,2,28,Yes,Low,1,1
28,Male,Married,Pune,Developer,2.8,108009,Small,Engineering,48,1.4,No,15,16,Medium,Migraine,6.2,5,No,Sometimes,Travel_Frequently,6,1,3,1,Yes,3,4,2,3,3,1,0,2,153,62.2,5,5,1,4,21,No,Low,1,1
30,Female,Married,Delhi,Analyst,3.2,57056,Large,Operations,43,1.9,Partial,12,24,Low,,5.0,5,Yes,Sometimes,Travel_Frequently,4,1,4,9,Yes,4,3,4,3,1,0,0,0,155,58.2,5,6,1,2,34,No,Low,1,1
30,Male,Married,Hyderabad,Developer,9.7,87239,Medium,HR,47,0.8,Partial,13,4,Medium,Migraine,5.0,4,Yes,Sometimes,Travel_Rarely,9,1,3,1,No,3,1,5,3,10,0,1,8,113,47.5,10,5,1,4,34,No,Low,1,1
34,Female,Single,Pune,Designer,9.7,48038,Large,Operations,44,0.9,No,8,20,Low,Migraine,5.2,4,Yes,Rarely,Non-Travel,23,2,3,0,No,4,3,2,3,9,5,8,7,48,61.3,2,3,0,1,41,No,Low,1,1
23,Other,Single,Kolkata,Intern,2.9,19878,Large,Operations,29,1.3,Partial,11,15,Low,Migraine,7.5,4,No,Rarely,Travel_Rarely,2,1,1,3,No,3,3,3,3,0,0,0,0,80,39.4,6,8,0,2,45,Yes,Medium,1,1
32,Female,Married,Pune,Manager,11.6,221600,Small,Engineering,59,0.9,No,9,9,High,Back Pain,5.0,3,No,Often,Travel_Rarely,6,2,3,1,No,3,1,0,3,11,8,5,7,83,38.0,7,6,0,4,51,Yes,High,1,1
45,Other,Divorced,Mumbai,CEO,21.2,501590,Large,Operations,69,2.6,Partial,5,25,High,Diabetes,5.0,1,Yes,Often,Travel_Rarely,20,4,4,0,Yes,3,2,2,3,20,7,4,10,104,58.6,4,7,0,4,46,Yes,High,1,1
46,Other,Divorced,Mumbai,CEO,22.7,525018,Medium,HR,62,2.7,Yes,19,30,High,Hypertension,5.0,1,Yes,Often,Travel_Rarely,1,5,4,9,No,3,4,0,3,2,2,2,2,176,55.8,11,2,0,2,38,No,Low,1,1
21,Female,Divorced,Kolkata,Intern,0.7,18039,Small,Operations,35,1.0,No,12,33,Low,Migraine,7.5,4,No,Rarely,Travel_Rarely,12,1,2,1,No,3,4,0,3,1,0,0,0,147,45.4,5,3,5,7,30,No,Medium,1,1
20,Other,Divorced,Kolkata,Intern,0.0,19040,Medium,Engineering,33,0.8,No,9,18,Low,Migraine,7.5,5,No,Rarely,Travel_Rarely,15,1,4,1,No,3,4,6,3,0,0,0,0,117,38.6,4,6,2,2,4,Yes,High,1,1
32,Male,Married,Pune,Manager,3.9,214444,Small,Engineering,60,0.8,Partial,9,43,Low,,5.0,5,Yes,Often,Travel_Rarely,1,1,3,0,Yes,3,4,2,1,3,2,1,2,85,64.6,1,6,0,1,38,No,High,1,1
40,Female,Single,Bangalore,CEO,12.2,505185,Small,Engineering,63,3.0,Partial,19,31,High,Hypertension,5.0,3,No,Often,Travel_Rarely,1,2,4,4,No,3,4,3,3,5,3,0,3,62,32.8,11,7,1,0,57,Yes,High,1,1
25,Other,Single,Hyderabad,Analyst,4.5,55945,Large,Marketing,44,1.5,No,10,4,Low,Migraine,5.5,5,No,Sometimes,Travel_Rarely,1,2,3,0,No,3,4,3,3,4,2,1,2,103,44.0,3,5,0,3,20,Yes,Medium,1,1
27,Male,Single,Kolkata,Designer,0.6,42623,Medium,HR,43,1.1,Partial,7,4,Medium,,6.5,5,Yes,Rarely,Travel_Rarely,2,1,1,1,No,3,4,6,3,1,0,0,0,48,52.3,2,4,0,2,22,No,Low,1,1
21,Other,Divorced,Mumbai,Intern,0.7,16268,Medium,Engineering,28,2.2,Partial,17,48,Low,Migraine,6.2,5,No,Rarely,Travel_Rarely,12,1,2,1,No,3,4,0,3,1,0,0,0,70,68.0,7,3,0,2,61,Yes,Low,1,1
33,Female,Divorced,Hyderabad,Manager,8.6,250340,Small,Operations,53,0.8,Partial,16,36,Low,Migraine,5.0,4,No,Often,Travel_Frequently,10,2,4,3,No,3,3,6,2,7,7,0,1,0,53.8,5,5,0,4,68,Yes,Medium,1,1
23,Female,Divorced,Hyderabad,Intern,2.1,17585,Small,Marketing,26,0.9,Partial,19,39,Medium,Migraine,6.5,3,No,Rarely,Travel_Rarely,10,1,3,1,No,3,4,3,3,2,2,0,2,140,54.8,1,6,1,1,18,Yes,Low,1,1
28,Male,Divorced,Bangalore,Analyst,7.0,46708,Medium,Engineering,45,2.3,Partial,8,48,Low,,5.0,4,Yes,Sometimes,Travel_Rarely,9,2,4,1,No,3,4,1,3,7,5,0,7,178,44.3,6,2,0,2,86,No,High,1,1
59,Other,Single,Delhi,CEO,26.4,545139,Large,Operations,65,2.7,Yes,17,19,High,Arthritis,5.0,1,Yes,Often,Travel_Rarely,18,3,4,6,No,3,4,6,2,9,7,5,4,122,55.7,4,10,0,2,43,No,Medium,1,1
20,Female,Married,Mumbai,Intern,0.2,15797,Small,Operations,31,2.0,Partial,6,21,Low,,6.2,3,Yes,Rarely,Travel_Frequently,6,1,4,1,Yes,3,2,5,3,1,0,1,0,61,51.1,9,6,2,3,53,No,High,1,1
37,Female,Divorced,Hyderabad,Manager,12.7,225718,Small,Engineering,53,1.0,Partial,20,23,High,Diabetes,5.0,3,No,Often,Travel_Frequently,4,1,4,4,No,3,3,2,3,9,8,5,8,31,34.1,4,9,0,1,28,No,Medium,1,1
46,Other,Divorced,Pune,CEO,24.7,598184,Small,HR,69,1.2,Partial,14,21,High,Back Pain,5.0,1,Yes,Often,Travel_Rarely,15,5,2,5,No,3,1,2,3,4,2,0,3,157,57.9,9,7,1,3,40,Yes,Medium,1,1
27,Female,Single,Hyderabad,Analyst,5.6,48908,Small,Engineering,40,0.7,No,14,2,Medium,,5.5,4,No,Sometimes,Travel_Rarely,2,1,2,9,No,3,4,3,3,2,2,2,2,28,59.7,5,4,0,2,44,Yes,Low,1,1
39,Female,Married,Pune,Manager,7.3,223494,Large,Marketing,58,0.9,No,9,34,Medium,Migraine,5.0,4,Yes,Often,Travel_Rarely,1,1,3,7,No,3,3,1,3,3,2,1,2,48,58.0,2,7,0,6,17,No,Low,1,1
43,Male,Married,Kolkata,Manager,16.7,231854,Small,Engineering,60,0.6,No,14,29,High,Arthritis,5.0,2,Yes,Often,Non-Travel,23,2,2,4,No,3,3,3,4,3,2,1,2,172,50.3,8,6,1,4,68,Yes,Medium,1,1
41,Other,Married,Hyderabad,Manager,16.9,270290,Medium,HR,60,0.6,No,6,27,High,Diabetes,5.0,2,No,Often,Travel_Rarely,19,2,1,2,No,3,1,2,2,1,0,0,0,29,40.4,2,7,1,4,34,No,High,1,1
29,Female,Married,Bangalore,Analyst,4.6,58135,Large,Operations,44,2.8,Partial,14,40,Low,Migraine,5.0,5,Yes,Sometimes,Travel_Rarely,1,1,3,6,Yes,3,3,3,3,3,2,0,2,143,30.0,7,11,0,2,25,No,High,1,1
44,Other,Divorced,Mumbai,CEO,16.3,541730,Medium,Marketing,70,2.2,Partial,5,42,High,Back Pain,5.0,2,Yes,Often,Travel_Frequently,2,3,3,5,Yes,3,2,2,2,2,2,2,2,167,51.6,9,2,2,1,12,No,Low,1,1
45,Other,Divorced,Bangalore,CEO,3.6,554023,Large,Operations,65,2.9,Partial,20,4,Medium,Hypertension,5.0,5,Yes,Often,Travel_Frequently,26,2,1,2,No,3,4,4,3,1,1,0,0,18,60.8,3,7,2,9,46,Yes,Low,1,1
21,Other,Married,Pune,Intern,0.8,18979,Small,Engineering,32,0.8,Partial,9,37,Low,,7.2,3,No,Rarely,Travel_Rarely,12,1,2,1,No,3,4,0,3,1,0,0,0,17,60.0,3,4,1,6,40,No,Low,1,1
25,Other,Divorced,Kolkata,Intern,1.0,16060,Large,HR,25,1.3,Partial,13,10,Low,Migraine,7.5,5,Yes,Rarely,Travel_Rarely,19,1,2,1,Yes,3,3,2,3,1,0,0,0,0,58.2,6,5,0,3,15,Yes,Low,1,1
41,Male,Divorced,Mumbai,CEO,14.9,532132,Small,HR,64,1.6,Yes,7,7,High,Back Pain,5.0,3,Yes,Often,Travel_Rarely,8,2,2,5,No,4,3,3,3,5,4,1,4,77,49.3,7,8,0,4,38,No,High,1,1
52,Other,Divorced,Pune,CEO,25.8,587912,Medium,Operations,63,1.1,Partial,13,26,High,Arthritis,5.0,1,No,Often,Travel_Rarely,1,4,4,2,No,3,2,2,2,9,8,7,8,114,60.9,2,7,2,3,45,Yes,Low,1,1
35,Male,Married,Delhi,Manager,10.6,207506,Small,HR,54,2.7,Partial,13,44,High,Diabetes,5.0,3,Yes,Often,Travel_Rarely,16,3,2,1,No,3,4,3,1,11,8,3,3,174,59.2,9,4,0,4,27,No,Medium,1,1
24,Female,Single,Kolkata,Intern,1.8,19688,Large,Engineering,25,0.6,Partial,13,36,Medium,,7.5,5,Yes,Rarely,Travel_Rarely,21,1,1,0,No,3,2,3,3,1,1,0,0,112,45.8,5,6,1,5,42,No,Medium,1,1
59,Other,Married,Delhi,CEO,17.6,563323,Large,Engineering,65,2.5,Partial,16,41,High,Hypertension,5.0,2,Yes,Often,Travel_Frequently,1,2,3,7,No,3,4,2,2,4,3,1,3,113,56.8,5,6,1,2,35,No,Low,1,1
32,Other,Married,Pune,Analyst,11.5,50056,Medium,Marketing,42,1.2,Partial,17,24,High,Arthritis,5.2,3,Yes,Sometimes,Travel_Rarely,6,2,3,1,No,3,1,0,3,11,8,5,7,165,44.6,3,8,1,2,31,No,Medium,1,1
25,Male,Divorced,Hyderabad,Intern,4.0,19734,Large,HR,25,0.8,No,16,2,Medium,,6.5,5,Yes,Rarely,Travel_Rarely,8,2,2,0,No,4,3,4,3,3,2,1,2,178,55.4,6,4,1,4,16,No,Medium,1,1
25,Female,Single,Kolkata,Developer,4.6,85931,Small,Engineering,43,1.5,No,9,45,Medium,,6.5,5,No,Sometimes,Travel_Rarely,1,2,3,0,No,3,4,3,3,4,2,1,2,62,37.0,6,6,0,1,39,Yes,Low,1,1
43,Other,Divorced,Kolkata,CEO,19.9,569378,Medium,Engineering,64,0.9,No,6,31,High,Diabetes,5.0,2,No,Often,Travel_Rarely,6,2,3,1,Yes,3,1,3,1,20,7,1,8,131,37.8,4,6,2,7,0,No,Medium,1,1
40,Other,Divorced,Kolkata,Manager,10.0,277991,Small,Engineering,52,0.9,Partial,12,27,Low,Back Pain,5.0,3,Yes,Often,Travel_Rarely,10,1,3,3,Yes,3,3,3,3,7,7,1,7,128,60.6,6,7,1,2,64,Yes,Low,1,1
48,Female,Single,Hyderabad,CEO,12.5,560201,Medium,Operations,69,0.9,Partial,13,27,High,Hypertension,5.0,3,No,Often,Travel_Rarely,2,2,2,3,No,3,4,3,3,2,2,2,2,7,59.4,8,7,1,5,59,Yes,Medium,1,1
27,Male,Single,Kolkata,Designer,4.9,52773,Medium,Operations,44,0.7,No,16,45,Medium,Migraine,6.5,5,No,Rarely,Travel_Rarely,2,2,3,1,Yes,3,1,3,3,5,4,0,4,156,56.3,4,3,3,5,15,No,High,1,1
25,Other,Single,Hyderabad,Intern,2.5,15448,Small,HR,28,0.8,No,5,47,Low,,6.5,5,No,Rarely,Travel_Rarely,7,1,4,1,No,3,3,2,3,2,2,2,1,54,50.9,6,4,2,5,6,No,Medium,1,1
29,Female,Divorced,Pune,Developer,7.0,98876,Small,Marketing,45,1.2,No,10,4,Low,,6.2,4,Yes,Sometimes,Travel_Rarely,1,1,3,0,No,3,4,1,2,6,2,1,5,102,30.0,4,6,3,1,58,Yes,Medium,1,1
54,Male,Married,Hyderabad,CEO,19.5,594289,Small,Engineering,62,0.5,Partial,16,10,High,Diabetes,5.0,2,Yes,Often,Travel_Frequently,20,2,3,3,No,3,4,4,2,4,3,0,3,130,49.3,9,9,1,5,32,No,Medium,1,1
29,Other,Single,Kolkata,Designer,6.8,48769,Large,Operations,41,0.7,No,19,35,Medium,Migraine,6.5,4,No,Rarely,Travel_Rarely,1,1,3,0,No,3,4,1,2,6,2,1,5,31,54.5,5,5,1,5,36,Yes,High,1,1
59,Male,Married,Hyderabad,CEO,22.1,585054,Large,Operations,70,0.8,Partial,15,39,High,Back Pain,5.0,1,No,Often,Travel_Frequently,28,3,1,4,No,3,4,5,4,18,13,13,11,9,44.7,7,5,2,2,35,No,Low,1,1
26,Female,Married,Delhi,Analyst,5.4,53126,Large,HR,43,2.6,Partial,20,26,Low,Migraine,5.7,4,No,Sometimes,Travel_Rarely,23,2,4,7,Yes,3,3,2,2,2,2,0,0,109,42.9,2,4,0,4,9,No,Medium,1,1
51,Other,Single,Kolkata,CEO,14.0,592955,Small,Operations,70,0.5,Partial,6,43,High,Hypertension,5.0,3,No,Often,Travel_Frequently,2,3,2,2,No,3,2,5,3,4,2,3,2,161,64.4,4,5,1,5,51,No,Medium,1,1
30,Other,Single,Hyderabad,Designer,2.4,40444,Large,Operations,47,0.8,No,16,47,Medium,,5.0,5,Yes,Rarely,Travel_Frequently,4,1,4,9,Yes,4,3,4,3,1,0,0,0,123,49.4,4,5,1,6,44,Yes,High,1,1
29,Female,Married,Bangalore,Designer,6.7,53185,Small,Marketing,43,1.6,Partial,13,17,Low,Migraine,5.0,4,No,Rarely,Travel_Rarely,1,1,3,0,No,3,4,1,2,6,2,1,5,86,54.5,7,8,0,3,35,Yes,Low,1,1
51,Male,Divorced,Mumbai,CEO,5.4,522713,Medium,Engineering,62,2.3,Yes,11,39,Medium,Back Pain,5.0,4,Yes,Often,Travel_Rarely,1,1,3,2,No,3,4,2,2,3,2,0,2,54,57.7,3,8,0,3,0,Yes,High,1,1
32,Other,Single,Delhi,Analyst,9.6,50072,Medium,Marketing,43,1.6,Partial,14,34,Medium,,5.0,4,Yes,Sometimes,Travel_Frequently,16,1,1,1,Yes,4,2,5,3,10,2,6,7,31,40.0,4,5,1,4,45,Yes,Medium,1,1
35,Female,Married,Pune,Manager,3.5,210882,Large,Operations,57,0.9,Partial,20,21,Low,Migraine,5.0,5,Yes,Often,Travel_Rarely,23,1,1,3,Yes,3,3,3,3,2,2,2,2,177,51.9,3,4,2,1,43,No,Medium,1,1
24,Other,Married,Mumbai,Intern,1.9,18552,Medium,HR,27,2.0,Yes,19,8,Medium,,6.2,5,Yes,Rarely,Travel_Rarely,21,1,1,0,No,3,2,3,3,1,1,0,0,134,63.2,3,3,0,2,33,No,Medium,1,1
54,Male,Divorced,Kolkata,CEO,6.4,511216,Small,Marketing,68,0.8,No,9,39,Medium,,5.0,4,No,Often,Travel_Rarely,13,2,1,1,No,3,3,3,3,4,2,1,3,92,68.2,2,4,2,10,54,No,Low,1,1
41,Male,Married,Pune,Manager,13.4,280427,Small,Operations,57,1.1,Partial,18,32,High,Arthritis,5.0,3,Yes,Often,Travel_Rarely,14,1,3,4,No,3,1,2,3,9,8,1,8,7,50.4,10,6,1,5,58,No,Low,1,1
24,Female,Divorced,Bangalore,Intern,2.2,19490,Medium,Marketing,31,1.6,Yes,14,30,Low,Migraine,6.0,4,No,Rarely,Travel_Rarely,21,1,1,0,No,3,2,3,3,1,1,0,0,64,47.6,3,7,0,3,42,No,Low,1,1
45,Other,Single,Mumbai,CEO,14.6,599225,Small,Operations,64,2.1,Partial,18,16,High,Arthritis,5.0,3,No,Often,Non-Travel,9,2,3,1,No,3,4,2,3,15,10,4,12,56,52.7,2,3,1,3,5,Yes,Low,1,1
25,Other,Married,Bangalore,Intern,0.8,19362,Small,Marketing,33,1.6,Partial,9,34,Low,,6.0,5,Yes,Rarely,Travel_Rarely,19,1,2,1,Yes,3,3,2,3,1,0,0,0,66,52.4,6,3,1,2,10,Yes,Medium,1,1
28,Other,Divorced,Kolkata,Developer,1.5,113898,Medium,Marketing,40,0.9,No,8,16,Low,Migraine,6.5,5,Yes,Sometimes,Travel_Rarely,5,1,3,1,Yes,3,3,3,2,2,2,2,2,71,63.9,4,4,0,3,21,Yes,Medium,1,1
44,Other,Married,Bangalore,Manager,7.0,211619,Small,HR,50,2.3,Partial,6,46,Low,Hypertension,5.0,4,No,Often,Non-Travel,5,1,3,3,No,3,4,5,3,5,2,0,3,53,40.0,6,2,1,2,30,No,Low,1,1
27,Other,Single,Hyderabad,Analyst,2.3,56610,Medium,HR,44,0.8,Partial,12,31,Low,,5.5,5,Yes,Sometimes,Non-Travel,8,1,3,1,No,3,4,4,3,3,2,1,2,66,47.2,2,4,0,5,52,No,Medium,1,1
52,Other,Divorced,Pune,CEO,24.3,557123,Medium,HR,69,0.5,Partial,19,27,High,Hypertension,5.0,1,Yes,Often,Travel_Frequently,28,4,3,2,Yes,3,2,3,2,5,3,0,2,50,38.8,4,5,1,2,42,No,Low,1,1
33,Female,Single,Kolkata,Manager,3.1,293592,Small,Marketing,52,0.9,Partial,14,11,Medium,,5.0,5,Yes,Often,Non-Travel,8,1,4,0,No,3,4,2,2,2,2,2,2,96,39.9,9,5,0,5,32,Yes,Low,1,1
33,Other,Divorced,Delhi,Designer,6.8,43586,Large,Operations,44,2.7,Partial,17,31,Low,Migraine,5.0,4,No,Rarely,Travel_Rarely,2,1,4,4,No,3,4,3,3,1,1,0,0,91,53.8,10,6,1,3,48,No,Low,1,1
26,Other,Married,Mumbai,Designer,1.5,52178,Large,Marketing,46,2.2,Yes,14,40,Low,Migraine,5.2,5,Yes,Rarely,Travel_Rarely,25,1,3,1,No,3,3,2,2,1,0,0,1,7,58.1,5,7,2,2,19,No,Medium,1,1
41,Female,Divorced,Delhi,CEO,4.0,580432,Small,HR,64,2.6,Yes,11,25,Medium,Back Pain,5.0,5,No,Often,Travel_Rarely,20,1,2,1,Yes,4,4,5,2,4,3,0,2,161,43.5,2,5,1,4,48,Yes,Low,1,1
25,Other,Married,Bangalore,Intern,3.3,19611,Medium,HR,32,2.5,Yes,8,50,Low,Migraine,6.0,4,Yes,Rarely,Travel_Rarely,8,2,2,0,No,4,3,4,3,3,2,1,2,34,57.7,3,7,1,3,40,No,Low,1,1
24,Female,Divorced,Hyderabad,Intern,3.1,18658,Medium,Engineering,33,0.9,Partial,8,13,Low,,6.5,4,No,Rarely,Travel_Frequently,24,1,4,0,No,3,3,3,3,2,2,2,1,95,61.1,7,7,0,4,45,Yes,Medium,1,1
30,Male,Divorced,Pune,Designer,3.9,49718,Large,Operations,50,1.0,No,6,38,Medium,,5.2,5,Yes,Rarely,Non-Travel,25,2,3,7,Yes,3,2,2,4,2,2,2,2,87,69.3,6,3,1,3,52,No,Low,1,1
31,Female,Married,Pune,Designer,2.2,54945,Medium,HR,46,1.0,Partial,9,16,Low,,5.2,5,Yes,Rarely,Travel_Frequently,5,1,2,1,No,3,3,5,2,2,2,2,2,77,50.7,4,4,0,2,34,No,Medium,1,1
29,Male,Married,Hyderabad,Developer,7.9,103703,Large,Operations,43,0.5,Partial,18,20,Medium,Migraine,5.5,4,No,Sometimes,Travel_Rarely,19,2,4,4,No,3,2,2,4,3,2,1,2,31,43.6,2,6,1,5,0,Yes,Low,1,1
33,Male,Divorced,Kolkata,Designer,5.2,41419,Large,HR,41,0.5,No,16,46,Low,Migraine,5.5,4,Yes,Rarely,Travel_Rarely,13,1,4,3,No,3,1,4,3,3,2,0,2,119,40.0,7,2,0,2,22,No,High,1,1
20,Male,Single,Bangalore,Intern,0.4,19581,Medium,Engineering,25,2.0,Yes,17,22,Medium,Migraine,6.0,5,Yes,Rarely,Travel_Frequently,6,1,4,1,Yes,3,2,5,3,1,0,1,0,45,39.0,6,6,1,1,51,Yes,Medium,1,1
44,Male,Married,Mumbai,Manager,11.7,210670,Small,HR,59,2.9,Partial,13,26,High,Back Pain,5.0,3,Yes,Often,Travel_Frequently,1,2,3,7,No,3,3,4,2,1,0,0,0,143,62.5,7,10,0,4,24,No,High,1,1
40,Male,Married,Bangalore,CEO,15.5,531537,Small,Engineering,60,2.0,Yes,9,17,High,Back Pain,5.0,2,No,Often,Travel_Rarely,4,3,4,7,No,3,1,2,2,12,11,2,11,164,34.8,7,10,0,2,22,No,Medium,1,1
29,Other,Divorced,Hyderabad,Designer,4.5,41592,Small,Marketing,48,1.2,No,18,26,Medium,Migraine,5.5,5,Yes,Rarely,Travel_Rarely,18,1,4,1,Yes,3,3,3,2,4,3,0,1,141,62.2,3,4,0,5,36,No,Medium,1,1
41,Female,Married,Pune,Manager,11.5,232669,Medium,HR,58,0.7,Partial,7,14,High,Back Pain,5.0,3,No,Often,Travel_Rarely,9,3,3,3,Yes,3,3,2,3,9,7,0,7,54,41.3,3,3,0,3,57,Yes,High,1,1
35,Female,Married,Hyderabad,Analyst,10.3,53561,Medium,Operations,40,1.1,Partial,14,25,High,Hypertension,5.0,3,No,Sometimes,Non-Travel,11,3,1,2,Yes,3,3,3,3,4,0,2,3,175,43.1,4,6,2,4,44,No,Medium,1,1
54,Other,Single,Kolkata,CEO,5.1,542880,Small,HR,64,1.4,Partial,16,22,Low,,5.0,4,Yes,Often,Travel_Rarely,13,2,1,1,No,3,3,3,3,4,2,1,3,6,48.5,5,5,1,2,70,No,Medium,1,1
24,Other,Married,Pune,Developer,3.2,97566,Medium,Marketing,48,1.3,Partial,12,26,Medium,,6.2,5,Yes,Sometimes,Travel_Frequently,24,1,4,0,No,3,3,3,3,2,2,2,1,73,43.0,2,6,0,1,43,Yes,Medium,1,1
44,Female,Single,Pune,CEO,6.9,512967,Medium,Engineering,66,0.7,Partial,19,21,Medium,Hypertension,5.0,4,No,Often,Non-Travel,5,1,3,3,No,3,4,5,3,5,2,0,3,6,59.3,4,6,0,3,42,Yes,Medium,1,1
34,Other,Single,Pune,Designer,11.3,46345,Medium,HR,43,1.4,No,15,23,High,Hypertension,5.2,3,No,Rarely,Travel_Frequently,23,3,1,9,Yes,3,3,2,3,3,2,0,2,160,68.1,7,7,0,3,30,No,Low,1,1
43,Other,Married,Delhi,CEO,22.8,545513,Medium,Marketing,65,2.0,Yes,19,38,High,Back Pain,5.0,1,Yes,Often,Travel_Rarely,4,3,4,3,No,3,4,3,4,21,7,15,17,150,43.4,5,2,1,5,4,No,Medium,1,1
53,Other,Single,Pune,CEO,0.9,548928,Large,Marketing,70,0.8,No,11,13,Low,,5.0,5,No,Often,Travel_Rarely,1,1,4,1,No,3,2,0,2,1,0,0,0,84,45.7,6,9,1,5,38,No,High,1,1
43,Male,Divorced,Kolkata,Manager,18.6,288488,Medium,Marketing,55,1.5,No,5,24,High,Arthritis,5.0,2,No,Often,Travel_Frequently,28,1,3,4,No,3,4,2,3,3,2,1,2,146,48.4,4,7,2,1,36,No,Low,1,1
51,Other,Divorced,Mumbai,CEO,4.6,533940,Medium,HR,64,2.6,Yes,7,19,Medium,Diabetes,5.0,5,Yes,Often,Travel_Rarely,1,1,3,2,No,3,4,2,2,3,2,0,2,111,55.4,9,2,0,2,48,No,High,1,1
23,Other,Divorced,Bangalore,Intern,1.7,17519,Large,Operations,34,2.1,Yes,19,4,Low,,6.0,3,No,Rarely,Travel_Rarely,10,1,3,1,No,3,4,3,3,2,2,0,2,124,48.5,2,4,1,6,41,No,Low,1,1
20,Other,Divorced,Pune,Intern,0.5,17631,Small,Marketing,25,1.1,No,6,47,Low,,7.2,3,Yes,Rarely,Travel_Frequently,6,1,4,1,Yes,3,2,5,3,1,0,1,0,146,63.9,6,7,0,1,40,No,Low,1,1
40,Other,Married,Mumbai,Manager,4.2,211203,Large,HR,53,2.5,Partial,17,35,Low,Hypertension,5.0,5,No,Often,Non-Travel,9,2,4,9,No,3,4,5,1,3,2,0,2,35,61.5,4,10,1,3,58,No,Medium,1,1
23,Female,Married,Hyderabad,Intern,1.0,17077,Small,Marketing,35,0.6,No,17,26,Medium,,6.5,4,Yes,Rarely,Travel_Rarely,6,1,1,1,Yes,4,3,2,3,0,0,0,0,28,38.1,3,4,1,3,30,No,Low,1,1
48,Female,Single,Delhi,CEO,9.7,569137,Small,Marketing,70,1.9,Yes,5,25,Low,Hypertension,5.0,4,No,Often,Travel_Rarely,15,1,1,8,No,3,4,3,2,8,2,7,6,81,55.2,6,5,2,4,52,No,Medium,1,1
24,Other,Married,Delhi,Developer,2.7,86480,Medium,Engineering,44,1.8,Partial,8,50,Low,Migraine,5.7,5,No,Sometimes,Travel_Frequently,24,1,4,0,No,3,3,3,3,2,2,2,1,1,65.2,7,6,1,4,61,No,Low,1,1
24,Female,Single,Hyderabad,Intern,2.7,19881,Medium,Operations,34,0.7,Partial,6,10,Low,,6.5,4,No,Rarely,Travel_Frequently,24,1,4,0,No,3,3,3,3,2,2,2,1,128,45.1,8,5,1,5,24,No,Medium,1,1
30,Other,Single,Bangalore,Analyst,9.2,53695,Small,Engineering,43,1.7,Yes,7,4,Medium,,5.0,4,No,Sometimes,Travel_Frequently,26,2,1,5,No,3,3,5,2,6,3,0,1,46,47.1,9,2,1,2,27,No,Medium,1,1
44,Female,Single,Delhi,CEO,6.8,540271,Small,Engineering,67,1.7,Partial,19,12,Low,Diabetes,5.0,4,Yes,Often,Non-Travel,5,1,3,3,No,3,4,5,3,5,2,0,3,147,44.7,5,1,0,1,20,No,High,1,1
25,Other,Single,Delhi,Intern,5.0,17573,Medium,Marketing,34,2.8,Partial,13,30,Low,Migraine,6.7,5,No,Rarely,Travel_Rarely,1,2,3,0,No,3,4,3,3,4,2,1,2,10,44.9,4,5,1,1,8,No,Medium,1,1
25,Other,Divorced,Hyderabad,Intern,4.7,16598,Medium,HR,29,1.2,No,9,16,Low,,6.5,4,Yes,Rarely,Travel_Rarely,1,2,3,0,No,3,4,3,3,4,2,1,2,129,33.3,3,2,0,3,72,Yes,Low,1,1
31,Other,Married,Kolkata,Analyst,4.1,54086,Large,Operations,43,1.2,No,6,33,Medium,Migraine,5.5,5,No,Sometimes,Travel_Rarely,20,2,3,3,Yes,3,3,2,3,2,2,2,2,118,36.7,7,4,0,4,99,No,Medium,1,1
40,Male,Divorced,Pune,Manager,8.2,219783,Medium,Engineering,57,1.2,Partial,17,22,Low,Back Pain,5.0,4,Yes,Often,Travel_Rarely,22,2,3,2,Yes,3,1,6,3,6,4,1,0,139,50.8,4,4,3,5,39,No,High,1,1
47,Other,Single,Delhi,CEO,11.5,533489,Large,HR,62,2.8,Yes,16,9,High,Hypertension,5.0,3,Yes,Often,Travel_Rarely,14,2,3,3,Yes,3,3,4,2,5,4,1,2,19,65.1,8,4,2,6,28,Yes,Medium,1,1
30,Other,Divorced,Mumbai,Manager,3.2,262703,Large,Operations,60,2.4,Partial,9,27,Medium,Migraine,5.0,5,No,Often,Travel_Frequently,4,1,4,9,Yes,4,3,4,3,1,0,0,0,4,43.9,8,6,0,5,70,No,Medium,1,1
46,Other,Single,Delhi,CEO,4.2,512289,Large,Operations,63,2.0,Yes,20,27,Low,Hypertension,5.0,5,No,Often,Non-Travel,2,2,2,7,No,3,4,3,1,1,0,0,0,36,43.6,1,5,1,2,47,Yes,Medium,1,1
31,Other,Single,Bangalore,Analyst,7.6,47571,Large,Operations,42,2.5,Partial,20,16,Medium,Migraine,5.0,4,No,Sometimes,Travel_Rarely,11,1,4,3,Yes,3,2,2,3,6,4,0,2,165,67.0,5,4,1,4,20,No,Medium,1,1
58,Female,Single,Hyderabad,CEO,11.9,590286,Large,Marketing,70,1.1,No,11,50,High,Arthritis,5.0,3,No,Often,Non-Travel,1,2,3,2,Yes,3,4,2,3,5,3,1,2,136,38.9,4,4,1,3,17,No,Medium,1,1
25,Male,Married,Kolkata,Intern,1.7,19002,Small,HR,26,1.2,No,9,31,Low,,7.5,4,No,Rarely,Travel_Rarely,7,1,4,1,No,3,3,2,3,2,2,2,1,52,33.4,3,4,0,3,51,No,Medium,1,1
52,Other,Married,Mumbai,CEO,3.9,539046,Medium,Engineering,63,1.5,Yes,7,27,Low,Back Pain,5.0,5,No,Often,Non-Travel,19,1,4,0,No,3,1,3,3,4,3,1,2,171,41.7,2,2,1,4,43,No,Low,1,1
46,Male,Married,Mumbai,CEO,6.1,558406,Large,HR,60,2.4,Yes,8,43,Medium,Back Pain,5.0,4,Yes,Often,Non-Travel,26,2,2,8,No,3,3,3,3,2,2,2,2,98,43.4,8,8,1,1,57,No,High,1,1
36,Female,Single,Mumbai,Manager,2.0,222587,Small,HR,58,2.1,Partial,20,6,Low,Migraine,5.0,5,No,Often,Travel_Rarely,9,1,3,0,Yes,3,1,0,2,1,0,0,0,85,32.5,8,7,2,1,49,No,Low,1,1
22,Other,Single,Delhi,Intern,0.6,16711,Large,Marketing,31,2.2,Yes,6,7,Low,Migraine,6.7,4,Yes,Rarely,Non-Travel,16,1,4,1,Yes,3,2,2,2,1,0,0,0,107,48.7,3,6,1,6,11,No,Medium,1,1
28,Other,Single,Hyderabad,Analyst,2.6,58047,Medium,Operations,43,1.3,No,17,10,Low,,5.5,5,Yes,Sometimes,Travel_Frequently,6,1,3,1,Yes,3,4,2,3,3,1,0,2,23,59.5,4,10,1,1,20,Yes,Low,1,1
30,Female,Single,Kolkata,Analyst,5.0,56804,Small,HR,43,0.7,No,16,14,Low,Migraine,5.5,4,Yes,Sometimes,Travel_Rarely,18,1,3,1,No,3,3,4,2,5,4,0,4,80,37.1,12,10,1,2,17,Yes,Medium,1,1
50,Male,Married,Bangalore,CEO,13.5,537552,Medium,Marketing,68,2.3,Partial,6,33,High,Hypertension,5.0,3,Yes,Often,Travel_Rarely,2,2,2,5,No,3,4,3,3,4,1,1,2,157,50.9,3,4,0,2,39,No,Medium,1,1
22,Other,Single,Pune,Developer,0.7,101308,Medium,HR,44,1.2,Partial,7,36,Medium,Migraine,6.2,5,Yes,Sometimes,Non-Travel,16,1,4,1,Yes,3,2,2,2,1,0,0,0,119,54.0,3,4,1,2,33,No,Low,1,1
23,Female,Single,Hyderabad,Intern,2.6,15336,Small,Marketing,34,1.3,Partial,12,37,Medium,Migraine,6.5,3,Yes,Rarely,Travel_Rarely,2,1,1,3,No,3,3,3,3,0,0,0,0,58,49.2,4,11,2,4,26,Yes,High,1,1
27,Female,Married,Mumbai,Designer,4.0,54941,Small,Engineering,49,2.9,Partial,16,39,Medium,,5.2,5,No,Rarely,Travel_Rarely,5,1,2,1,Yes,3,2,2,2,4,3,1,2,127,51.9,3,7,0,6,29,Yes,Medium,1,1
41,Other,Divorced,Kolkata,CEO,4.9,573943,Large,HR,61,1.4,Partial,19,32,Medium,Back Pain,5.0,5,No,Often,Non-Travel,5,1,1,6,No,3,1,2,1,1,0,0,0,113,52.0,4,7,0,5,48,Yes,Medium,1,1
29,Female,Married,Mumbai,Designer,6.4,42922,Small,HR,41,2.7,Partial,9,11,Medium,,5.2,4,No,Rarely,Travel_Rarely,2,1,2,0,No,4,4,3,3,5,4,0,4,114,41.9,6,7,3,2,31,No,Medium,1,1
27,Female,Married,Bangalore,Developer,4.8,99549,Medium,HR,42,1.8,Partial,18,19,Low,,5.0,5,No,Sometimes,Travel_Rarely,2,2,3,1,Yes,3,1,3,3,5,4,0,4,13,65.0,4,6,1,3,21,No,Low,1,1
36,Other,Married,Delhi,Manager,12.7,276749,Small,Engineering,53,2.8,Partial,10,2,High,Arthritis,5.0,3,Yes,Often,Travel_Frequently,3,1,2,4,No,3,3,3,2,8,7,7,2,8,62.5,3,4,1,4,9,Yes,Medium,1,1
34,Female,Single,Hyderabad,Analyst,7.0,52321,Medium,Marketing,43,1.0,Partial,16,2,Low,Migraine,5.0,4,Yes,Sometimes,Travel_Rarely,8,2,1,3,No,3,3,3,3,0,0,0,0,39,61.9,8,8,2,2,17,Yes,Low,1,1
40,Other,Single,Kolkata,Manager,2.6,274544,Medium,Marketing,58,0.7,No,16,15,Medium,Diabetes,5.0,5,Yes,Often,Travel_Frequently,9,1,2,8,Yes,3,4,2,3,1,1,0,0,24,60.1,2,6,2,4,56,No,Medium,1,1
30,Other,Single,Pune,Developer,6.3,111021,Large,HR,42,1.3,No,10,48,Low,,5.2,4,Yes,Sometimes,Travel_Rarely,2,1,4,0,No,3,4,3,3,5,3,1,2,102,34.3,3,9,0,1,22,Yes,High,1,1
25,Other,Divorced,Kolkata,Intern,0.6,17273,Small,Marketing,25,0.7,No,12,16,Low,,7.5,4,No,Rarely,Travel_Rarely,19,1,2,1,Yes,3,3,2,3,1,0,0,0,21,59.3,7,6,3,0,71,No,Low,1,1
20,Other,Single,Hyderabad,Intern,0.1,17643,Large,Engineering,32,0.7,No,16,4,Medium,,6.5,3,Yes,Rarely,Travel_Frequently,6,1,4,1,Yes,3,2,5,3,1,0,1,0,3,56.6,3,2,0,3,48,No,Medium,1,1
43,Other,Single,Mumbai,Manager,22.9,237004,Medium,HR,57,2.8,Yes,11,48,High,Hypertension,5.0,1,Yes,Often,Travel_Rarely,4,3,4,3,No,3,4,3,4,21,7,15,17,153,34.6,7,9,0,4,19,No,Low,1,1
52,Male,Single,Kolkata,CEO,8.6,516903,Large,Marketing,70,1.3,No,7,6,Medium,,5.0,4,No,Often,Travel_Rarely,11,2,3,8,No,4,2,3,3,5,2,1,4,28,47.9,5,2,0,1,23,Yes,Low,1,1
30,Other,Single,Kolkata,Analyst,5.9,55621,Small,Operations,45,1.1,No,13,25,Low,Migraine,5.5,4,No,Sometimes,Travel_Rarely,2,1,4,0,No,3,4,3,3,5,3,1,2,108,52.8,2,3,2,5,0,Yes,Medium,1,1
26,Male,Married,Bangalore,Designer,1.5,51871,Large,Marketing,48,1.9,Yes,17,12,Low,Migraine,5.0,5,No,Rarely,Travel_Rarely,25,1,3,1,No,3,3,2,2,1,0,0,1,97,66.6,9,6,2,2,26,No,Low,1,1
35,Male,Single,Kolkata,Analyst,7.2,45354,Medium,Engineering,41,0.9,Partial,12,32,Low,,5.5,4,Yes,Sometimes,Travel_Rarely,1,1,3,3,No,3,3,0,3,2,2,2,2,36,57.2,4,6,2,1,74,No,Medium,1,1
30,Female,Divorced,Hyderabad,Analyst,10.0,50709,Medium,HR,43,1.4,Partial,12,39,Low,Migraine,5.0,3,No,Sometimes,Travel_Rarely,9,1,3,1,No,3,1,5,3,10,0,1,8,74,41.4,3,6,1,2,68,No,Low,1,1
30,Female,Divorced,Bangalore,Developer,8.9,100980,Large,Engineering,40,3.0,Partial,12,44,Medium,Migraine,5.0,4,Yes,Sometimes,Travel_Frequently,26,2,1,5,No,3,3,5,2,6,3,0,1,69,67.0,1,7,0,4,67,Yes,High,1,1
21,Other,Divorced,Bangalore,Intern,0.9,17043,Small,HR,34,2.6,Yes,9,11,Low,,6.0,4,Yes,Rarely,Travel_Rarely,12,1,2,1,No,3,4,0,3,1,0,0,0,145,50.4,2,13,0,2,47,No,Medium,1,1
57,Female,Divorced,Pune,CEO,17.1,529675,Medium,HR,62,1.4,No,11,12,High,Arthritis,5.0,2,No,Often,Travel_Frequently,9,1,3,2,No,3,2,4,3,5,4,0,3,127,47.4,6,5,1,0,31,Yes,Low,1,1
39,Male,Single,Pune,Manager,17.7,200045,Medium,Marketing,54,0.8,No,15,47,High,Arthritis,5.0,2,Yes,Often,Travel_Rarely,24,2,4,7,No,3,1,2,3,7,7,1,7,84,46.7,10,4,2,1,37,No,Low,1,1
28,Male,Single,Hyderabad,Analyst,7.9,47443,Medium,Operations,41,1.2,Partial,6,6,Low,Migraine,5.5,4,Yes,Sometimes,Travel_Rarely,2,2,2,1,Yes,4,1,2,3,8,7,7,5,41,33.8,6,5,1,2,46,Yes,Low,1,1
31,Female,Divorced,Hyderabad,Analyst,7.1,53791,Small,HR,43,0.9,No,9,46,Low,,5.0,4,No,Sometimes,Travel_Rarely,12,1,4,8,Yes,4,3,0,3,4,2,0,2,99,48.9,6,2,1,5,35,No,Low,1,1
24,Female,Divorced,Hyderabad,Intern,1.3,17533,Large,Operations,35,0.9,No,7,38,Low,,6.5,4,Yes,Rarely,Travel_Rarely,17,1,2,1,No,4,4,2,3,1,0,0,0,40,55.0,2,5,3,3,19,Yes,Medium,1,1
30,Male,Divorced,Hyderabad,Designer,7.6,48970,Small,Operations,46,1.3,No,6,31,Low,Migraine,5.0,4,Yes,Rarely,Travel_Rarely,5,1,1,5,No,3,4,3,3,3,2,2,2,165,46.1,4,8,1,4,34,No,High,1,1
32,Other,Single,Bangalore,Analyst,2.3,46727,Medium,HR,44,2.4,Partial,17,13,Medium,Migraine,5.0,5,No,Sometimes,Travel_Frequently,13,1,2,1,No,4,3,2,3,2,2,2,2,33,54.2,5,3,1,2,8,No,Low,1,1
21,Other,Divorced,Delhi,Intern,0.5,17155,Medium,HR,25,2.5,Partial,13,25,Medium,Migraine,6.7,5,No,Rarely,Travel_Rarely,15,1,4,1,No,3,4,6,3,0,0,0,0,16,41.4,8,3,0,3,47,No,Medium,1,1
47,Other,Divorced,Kolkata,CEO,13.4,593385,Large,Operations,70,0.8,No,5,36,High,Hypertension,5.0,3,Yes,Often,Non-Travel,1,3,2,0,No,3,1,3,1,13,8,5,12,164,48.6,5,2,2,1,17,Yes,Medium,1,1
44,Male,Single,Bangalore,CEO,2.2,529011,Large,Engineering,67,1.9,Partial,20,49,Low,Diabetes,5.0,5,Yes,Often,Travel_Rarely,2,1,3,1,No,3,4,3,3,1,0,0,0,152,53.2,3,5,1,0,46,No,Medium,1,1
30,Other,Divorced,Mumbai,Designer,9.8,41643,Medium,HR,42,2.0,Yes,14,34,Medium,,5.0,4,No,Rarely,Travel_Rarely,9,1,3,1,No,3,1,5,3,10,0,1,8,121,51.9,1,5,3,0,13,No,Low,1,1
25,Male,Single,Delhi,Designer,4.4,42715,Large,Marketing,49,1.6,Partial,12,25,Medium,Migraine,5.7,5,Yes,Rarely,Travel_Rarely,8,2,2,0,No,4,3,4,3,3,2,1,2,75,33.9,7,3,1,3,32,No,High,1,1
27,Male,Single,Kolkata,Analyst,1.2,54898,Small,HR,45,1.3,No,6,6,Low,,6.5,5,No,Sometimes,Travel_Rarely,2,1,1,1,No,3,4,6,3,1,0,0,0,86,45.6,7,8,2,1,40,No,Medium,1,1
25,Male,Divorced,Kolkata,Intern,1.1,16068,Medium,Engineering,26,0.6,No,10,48,Low,,7.5,3,Yes,Rarely,Travel_Rarely,19,1,2,1,Yes,3,3,2,3,1,0,0,0,116,66.8,4,6,0,4,32,No,High,1,1
32,Male,Married,Mumbai,Designer,0.9,52894,Medium,Engineering,43,2.8,Yes,6,11,Low,,5.0,5,No,Rarely,Travel_Rarely,1,1,1,1,No,3,4,2,3,1,0,0,0,105,45.1,4,5,1,1,48,Yes,Low,1,1
60,Female,Married,Pune,CEO,28.1,517837,Large,Operations,62,1.3,Partial,19,17,High,Back Pain,5.0,1,No,Often,Travel_Rarely,25,3,1,7,No,3,4,3,2,21,16,7,9,85,50.2,4,6,3,4,44,No,Medium,1,1
22,Male,Divorced,Mumbai,Intern,1.9,16459,Medium,Operations,30,1.5,Yes,8,14,Low,,6.2,5,No,Rarely,Travel_Rarely,19,1,4,1,No,4,1,6,3,2,2,2,2,26,49.1,9,5,0,2,27,Yes,Medium,1,1
25,Female,Divorced,Kolkata,Intern,4.4,18532,Large,HR,26,1.2,Partial,8,43,Medium,Migraine,7.5,5,Yes,Rarely,Travel_Rarely,8,2,2,0,No,4,3,4,3,3,2,1,2,56,65.7,1,8,1,1,23,No,Medium,1,1
34,Female,Divorced,Kolkata,Designer,2.0,43733,Small,Engineering,48,0.8,Partial,8,13,Medium,Migraine,5.5,5,No,Rarely,Travel_Rarely,20,1,3,0,No,3,4,5,2,1,0,0,0,30,62.9,3,6,2,1,22,No,Low,1,1
26,Female,Single,Bangalore,Analyst,5.1,57447,Large,Marketing,43,2.3,Yes,9,19,Medium,,5.0,4,No,Sometimes,Travel_Rarely,23,2,4,7,Yes,3,3,2,2,2,2,0,0,133,58.1,4,6,2,3,19,No,High,1,1
45,Male,Married,Bangalore,Manager,6.5,295806,Large,HR,60,2.2,Partial,11,28,Low,,5.0,4,Yes,Often,Travel_Rarely,24,1,2,1,No,3,1,3,3,6,3,0,4,167,40.3,3,6,0,1,77,No,High,1,1
52,Other,Married,Mumbai,CEO,8.3,584087,Large,Engineering,66,1.8,Yes,13,16,Medium,Hypertension,5.0,4,Yes,Often,Travel_Rarely,11,2,3,8,No,4,2,3,3,5,2,1,4,97,53.6,3,3,2,4,22,Yes,Low,1,1
30,Other,Divorced,Kolkata,Designer,5.6,46055,Small,Marketing,47,0.6,No,14,11,Low,Migraine,5.5,4,No,Rarely,Travel_Rarely,2,1,4,0,No,3,4,3,3,5,3,1,2,11,55.7,8,4,1,3,57,No,Medium,1,1
42,Male,Divorced,Bangalore,CEO,18.1,575931,Small,Marketing,70,2.5,Partial,19,27,High,Back Pain,5.0,2,Yes,Often,Travel_Rarely,7,2,2,6,Yes,3,4,2,3,1,0,0,0,52,43.0,11,6,0,5,38,No,Low,1,1
25,Other,Married,Delhi,Developer,2.5,85029,Small,Marketing,40,2.6,Partial,13,12,Medium,,5.7,5,Yes,Sometimes,Travel_Rarely,7,1,4,1,No,3,3,2,3,2,2,2,1,137,41.3,4,4,1,1,28,Yes,High,1,1
38,Female,Divorced,Delhi,Manager,4.4,293750,Large,Operations,58,2.0,Yes,6,30,Medium,Migraine,5.0,5,No,Often,Travel_Frequently,7,1,3,1,No,3,4,2,3,4,2,0,3,172,67.1,2,4,2,5,39,No,Medium,1,1
28,Male,Single,Hyderabad,Designer,4.7,51856,Large,Marketing,46,0.5,Partial,17,26,Medium,Migraine,5.5,5,Yes,Rarely,Non-Travel,4,2,3,1,No,3,2,3,4,5,4,0,4,144,47.0,3,3,0,3,40,No,Low,1,1
32,Other,Single,Bangalore,Analyst,7.8,57973,Small,Engineering,43,2.9,Partial,8,41,Low,,5.0,4,Yes,Sometimes,Travel_Frequently,2,1,4,0,No,3,3,2,2,7,7,3,6,153,66.1,4,6,1,5,0,Yes,Low,1,1
26,Female,Divorced,Delhi,Developer,4.8,89319,Medium,HR,40,2.0,Partial,16,38,Low,Migraine,5.7,5,No,Sometimes,Travel_Rarely,23,2,4,7,Yes,3,3,2,2,2,2,0,0,121,60.0,2,5,1,2,33,No,Low,1,1
33,Female,Married,Hyderabad,Analyst,6.0,51148,Small,Engineering,43,0.7,Partial,12,9,Low,,5.0,4,Yes,Sometimes,Travel_Rarely,8,2,3,0,No,3,4,3,3,5,0,1,2,45,54.1,7,9,1,6,35,No,Low,1,1
28,Other,Divorced,Kolkata,Designer,7.5,54225,Medium,Engineering,44,0.5,Partial,9,10,Medium,,6.5,4,Yes,Rarely,Travel_Rarely,9,2,4,1,No,3,4,1,3,7,5,0,7,63,54.5,2,8,1,2,28,No,Low,1,1
32,Male,Single,Kolkata,Analyst,5.1,55759,Medium,Operations,40,1.3,No,5,14,Low,,5.5,4,No,Sometimes,Travel_Frequently,7,1,2,1,No,4,3,3,1,5,1,0,3,129,36.0,11,1,2,3,0,No,Medium,1,1
34,Female,Married,Mumbai,Manager,5.5,238957,Large,Engineering,52,3.0,Partial,8,32,Low,Migraine,5.0,4,Yes,Often,Travel_Rarely,1,2,2,1,No,3,3,2,3,5,2,1,3,53,52.1,5,6,0,2,28,Yes,Medium,1,1
25,Female,Married,Hyderabad,Designer,1.6,54925,Large,HR,48,1.3,Partial,8,7,Medium,,5.5,5,Yes,Rarely,Travel_Rarely,7,1,4,1,No,3,3,2,3,2,2,2,1,106,64.2,5,8,0,5,67,No,Medium,1,1
21,Female,Divorced,Mumbai,Intern,0.6,15059,Small,Operations,25,2.2,Partial,10,39,Medium,,6.2,3,No,Rarely,Travel_Rarely,12,1,2,1,No,3,4,0,3,1,0,0,0,50,56.8,4,3,0,2,46,No,Medium,1,1
24,Other,Single,Delhi,Developer,0.9,113865,Small,Marketing,44,1.9,Yes,9,19,Low,Migraine,5.7,5,Yes,Sometimes,Travel_Rarely,17,1,2,1,No,4,4,2,3,1,0,0,0,180,51.5,4,9,0,3,14,Yes,Low,1,1
50,Male,Married,Delhi,CEO,6.8,588047,Medium,HR,69,1.5,Partial,15,47,Low,Hypertension,5.0,4,No,Often,Non-Travel,18,2,4,1,Yes,3,1,0,3,7,7,1,7,35,67.1,4,4,1,4,53,No,Low,1,1
30,Male,Divorced,Kolkata,Designer,7.9,48198,Medium,Marketing,46,1.1,No,6,50,Low,Migraine,5.5,4,Yes,Rarely,Travel_Rarely,5,1,1,5,No,3,4,3,3,3,2,2,2,114,48.1,3,3,0,5,13,Yes,Medium,1,1
22,Male,Divorced,Delhi,Intern,1.6,18000,Small,Operations,29,1.7,Yes,14,33,Medium,Migraine,6.7,4,Yes,Rarely,Travel_Rarely,19,1,4,1,No,4,1,6,3,2,2,2,2,25,43.8,5,8,4,1,40,Yes,Medium,1,1
33,Other,Single,Kolkata,Designer,1.8,43785,Medium,Engineering,43,1.2,No,5,13,Medium,Migraine,5.5,5,Yes,Rarely,Travel_Rarely,5,1,4,1,No,3,3,2,2,2,2,0,2,28,51.5,9,4,0,4,41,No,Low,1,1
30,Other,Divorced,Pune,Analyst,3.7,50079,Small,Marketing,40,0.7,Partial,9,32,Low,Migraine,5.2,5,No,Sometimes,Non-Travel,25,2,3,7,Yes,3,2,2,4,2,2,2,2,148,57.7,5,5,1,3,28,Yes,Low,1,1
23,Other,Single,Bangalore,Intern,2.0,17678,Small,HR,34,1.9,Partial,19,21,Medium,,6.0,4,Yes,Rarely,Travel_Rarely,10,1,3,1,No,3,4,3,3,2,2,0,2,10,32.8,2,7,0,7,56,No,Medium,1,1
25,Other,Single,Hyderabad,Intern,4.1,15369,Large,HR,34,0.8,No,9,9,Low,,6.5,5,Yes,Rarely,Travel_Rarely,8,2,2,0,No,4,3,4,3,3,2,1,2,39,52.8,6,8,1,3,50,No,High,1,1
24,Other,Married,Kolkata,Developer,0.9,96511,Small,Marketing,47,0.7,Partial,10,30,Medium,Migraine,6.5,5,No,Sometimes,Travel_Rarely,17,1,2,1,No,4,4,2,3,1,0,0,0,10,58.1,7,4,4,4,19,Yes,Medium,1,1
26,Other,Single,Hyderabad,Developer,5.5,81391,Small,Engineering,48,1.1,Partial,19,46,Low,Migraine,5.5,4,Yes,Sometimes,Travel_Rarely,23,2,4,7,Yes,3,3,2,2,2,2,0,0,163,47.3,5,3,1,3,29,Yes,Low,1,1
38,Female,Single,Hyderabad,Manager,0.6,238264,Small,HR,56,1.3,Partial,20,43,Medium,Migraine,5.0,5,No,Often,Travel_Frequently,2,1,4,1,Yes,4,3,3,3,1,0,0,0,112,61.1,7,8,1,6,18,Yes,High,1,1
46,Male,Divorced,Delhi,CEO,25.2,552791,Medium,Operations,70,1.6,Partial,11,10,High,Diabetes,5.0,1,No,Often,Travel_Rarely,15,5,2,5,No,3,1,2,3,4,2,0,3,38,56.4,7,4,2,3,24,Yes,Low,1,1
25,Female,Divorced,Hyderabad,Analyst,1.0,54097,Small,Operations,42,0.9,No,17,4,Medium,Migraine,5.5,5,Yes,Sometimes,Travel_Rarely,19,1,2,1,Yes,3,3,2,3,1,0,0,0,53,71.4,8,6,0,1,48,Yes,Medium,1,1
32,Female,Married,Hyderabad,Manager,4.6,261014,Large,Operations,52,0.7,Partial,14,31,Medium,Migraine,5.0,5,No,Often,Travel_Frequently,7,1,2,1,No,4,3,3,1,5,1,0,3,97,42.5,7,4,0,2,35,No,Low,1,1
22,Other,Divorced,Kolkata,Intern,1.7,18689,Large,Operations,25,0.5,Partial,13,41,Low,Migraine,7.5,4,No,Rarely,Travel_Rarely,19,1,4,1,No,4,1,6,3,2,2,2,2,54,58.3,3,3,1,3,56,No,High,1,1
24,Other,Divorced,Bangalore,Intern,3.8,18821,Large,Marketing,26,1.7,Partial,15,42,Low,,6.0,3,No,Rarely,Travel_Rarely,3,2,3,0,No,4,1,2,2,3,2,0,2,110,39.8,4,6,2,1,3,Yes,Medium,1,1
22,Female,Single,Pune,Intern,1.8,19144,Small,Marketing,25,0.6,Partial,18,37,Medium,,7.2,4,No,Rarely,Travel_Rarely,19,1,4,1,No,4,1,6,3,2,2,2,2,151,33.8,4,6,1,4,41,No,Medium,1,1
41,Other,Single,Bangalore,Manager,18.4,251621,Medium,HR,59,2.1,Partial,16,10,High,Hypertension,5.0,2,Yes,Often,Non-Travel,10,2,2,1,No,3,1,4,3,19,2,11,9,149,30.0,3,11,0,2,52,Yes,Medium,1,1
41,Male,Married,Kolkata,CEO,18.3,593011,Medium,Operations,64,1.5,No,20,11,High,Hypertension,5.0,2,Yes,Often,Non-Travel,10,2,2,1,No,3,1,4,3,19,2,11,9,68,55.4,7,6,2,2,37,No,Medium,1,1
33,Male,Divorced,Delhi,Analyst,2.3,53481,Large,HR,41,2.4,Yes,11,50,Low,Migraine,5.0,5,Yes,Sometimes,Travel_Rarely,5,1,4,1,No,3,3,2,2,2,2,0,2,55,51.8,7,5,0,4,8,Yes,Low,1,1
57,Female,Married,Bangalore,CEO,15.9,592526,Medium,Marketing,70,1.9,Partial,8,43,High,Arthritis,5.0,2,No,Often,Travel_Rarely,1,2,3,2,No,3,3,2,3,3,2,1,2,32,45.2,3,6,0,2,14,Yes,Medium,1,1
33,Male,Single,Hyderabad,Manager,2.4,274994,Medium,Engineering,54,0.8,Partial,13,22,Low,,5.0,5,Yes,Often,Travel_Rarely,5,1,4,1,No,3,3,2,2,2,2,0,2,35,32.3,7,5,0,2,53,No,Medium,1,1
20,Other,Divorced,Pune,Intern,0.1,15051,Medium,Operations,30,1.4,No,6,20,Low,Migraine,7.2,3,No,Rarely,Travel_Frequently,6,1,4,1,Yes,3,2,5,3,1,0,1,0,147,43.1,8,6,0,3,24,No,Medium,1,1
24,Other,Married,Mumbai,Intern,3.8,18267,Large,HR,34,2.0,Yes,12,36,Low,Migraine,6.2,3,No,Rarely,Travel_Rarely,3,2,3,0,No,4,1,2,2,3,2,0,2,80,50.0,3,7,2,1,19,No,Low,1,1
27,Female,Married,Mumbai,Analyst,1.9,59288,Medium,Engineering,42,2.3,Partial,12,22,Medium,Migraine,5.2,5,No,Sometimes,Travel_Rarely,2,1,1,1,No,3,4,6,3,1,0,0,0,108,57.9,4,4,1,0,28,No,Low,1,1
28,Female,Single,Mumbai,Designer,2.6,52146,Medium,Marketing,42,1.6,Yes,15,10,Low,Migraine,5.2,5,No,Rarely,Travel_Frequently,6,1,3,1,Yes,3,4,2,3,3,1,0,2,153,49.8,7,5,1,7,30,Yes,Medium,1,1
34,Female,Married,Hyderabad,Manager,3.8,253789,Large,Engineering,58,1.2,Partial,15,21,Medium,Migraine,5.0,5,Yes,Often,Travel_Rarely,3,1,4,0,No,3,3,1,1,3,2,0,2,72,52.5,1,7,1,4,59,No,Medium,1,1
32,Female,Divorced,Bangalore,Manager,6.6,268494,Small,Marketing,57,2.3,Yes,5,11,Medium,Migraine,5.0,4,Yes,Often,Travel_Rarely,5,1,2,0,Yes,3,4,5,2,6,2,0,5,39,46.2,4,5,0,5,0,No,Low,1,1
26,Male,Divorced,Mumbai,Analyst,2.9,49551,Large,Operations,42,2.8,Yes,7,4,Low,Migraine,5.2,5,Yes,Sometimes,Travel_Rarely,23,1,4,1,No,4,2,3,1,3,2,0,2,16,67.5,2,5,1,3,47,Yes,Low,1,1
34,Other,Married,Hyderabad,Designer,3.3,53290,Small,Engineering,41,0.9,Partial,5,10,Medium,,5.0,5,No,Rarely,Travel_Rarely,19,1,4,0,No,3,3,2,3,2,2,1,2,128,39.8,2,6,0,3,64,No,Medium,1,1
32,Male,Married,Bangalore,Designer,0.5,43132,Medium,Marketing,45,2.6,Yes,20,40,Medium,Migraine,5.0,5,Yes,Rarely,Travel_Rarely,1,1,1,1,No,3,4,2,3,1,0,0,0,60,43.0,5,4,0,0,54,No,Low,1,1
46,Other,Divorced,Kolkata,CEO,10.8,566620,Small,Marketing,62,0.9,No,17,47,High,Diabetes,5.0,3,Yes,Often,Travel_Rarely,1,1,1,6,No,3,3,3,4,7,6,5,7,170,45.1,6,6,1,1,81,No,Medium,1,1
31,Other,Married,Hyderabad,Analyst,2.9,58575,Medium,HR,41,0.6,Partial,6,39,Low,Migraine,5.0,5,No,Sometimes,Travel_Rarely,2,1,4,0,Yes,3,2,2,1,2,2,2,2,103,55.4,5,4,2,1,26,No,Medium,1,1
21,Male,Divorced,Delhi,Intern,0.9,15993,Small,Engineering,31,1.7,Yes,17,31,Low,Migraine,6.7,4,No,Rarely,Travel_Rarely,12,1,2,1,No,3,4,0,3,1,0,0,0,41,39.6,4,4,1,6,53,No,Low,1,1
24,Male,Single,Bangalore,Developer,2.5,86795,Large,HR,50,2.5,Yes,19,49,Medium,Migraine,5.0,5,Yes,Sometimes,Travel_Frequently,24,1,4,0,No,3,3,3,3,2,2,2,1,24,51.4,5,11,1,4,33,No,High,1,1
34,Male,Married,Pune,Designer,3.1,47947,Small,Marketing,49,1.1,Partial,7,41,Medium,Migraine,5.2,5,Yes,Rarely,Travel_Rarely,19,1,4,0,No,3,3,2,3,2,2,1,2,38,51.6,7,4,1,2,25,No,Low,1,1
31,Female,Married,Pune,Manager,10.2,247592,Small,HR,54,0.7,Partial,18,39,High,Diabetes,5.0,3,Yes,Often,Travel_Rarely,7,2,4,3,No,4,4,3,2,7,7,1,7,34,43.1,4,5,0,3,0,No,High,1,1
27,Male,Divorced,Bangalore,Developer,6.3,106894,Large,HR,45,2.5,Yes,11,21,Medium,,5.0,4,No,Sometimes,Travel_Rarely,2,1,2,9,No,3,4,3,3,2,2,2,2,130,53.3,2,3,2,4,26,No,Medium,1,1
33,Female,Married,Delhi,Analyst,2.1,57747,Small,Operations,41,1.8,Partial,19,12,Medium,Migraine,5.0,5,Yes,Sometimes,Travel_Rarely,5,1,4,1,No,3,3,2,2,2,2,0,2,107,39.9,9,6,0,4,56,No,Medium,1,1
34,Male,Divorced,Delhi,Analyst,1.1,54517,Large,HR,44,2.0,Yes,7,27,Medium,,5.0,5,Yes,Sometimes,Travel_Rarely,10,1,2,1,No,3,2,3,3,1,0,1,0,171,38.8,4,4,0,1,1,No,High,1,1
54,Male,Single,Pune,CEO,4.5,577483,Small,HR,63,1.0,Partial,16,36,Medium,Back Pain,5.0,5,Yes,Often,Travel_Rarely,13,2,1,1,No,3,3,3,3,4,2,1,3,178,51.0,3,7,0,3,77,No,Medium,1,1
35,Other,Divorced,Bangalore,Manager,3.2,266644,Large,Engineering,50,2.7,Partial,8,27,Low,Migraine,5.0,5,No,Often,Travel_Rarely,8,1,4,1,No,3,2,1,2,3,2,0,2,101,33.4,4,5,1,3,43,No,High,1,1
32,Female,Married,Hyderabad,Designer,11.9,50854,Small,HR,41,0.7,No,6,5,High,Arthritis,5.0,3,Yes,Rarely,Travel_Rarely,6,2,3,1,No,3,1,0,3,11,8,5,7,97,30.0,4,4,1,6,13,No,Medium,1,1
24,Other,Single,Mumbai,Intern,1.6,17549,Small,Operations,28,1.9,Partial,16,47,Low,Migraine,6.2,3,No,Rarely,Travel_Rarely,21,1,1,0,No,3,2,3,3,1,1,0,0,11,55.3,6,4,0,1,40,Yes,Medium,1,1
26,Female,Divorced,Bangalore,Designer,2.7,44230,Medium,HR,47,1.7,Partial,14,11,Medium,Migraine,5.0,5,No,Rarely,Travel_Rarely,23,1,4,1,No,4,2,3,1,3,2,0,2,18,60.5,4,3,0,2,49,No,Medium,1,1
45,Other,Divorced,Mumbai,Manager,2.1,258043,Small,HR,56,2.8,Yes,6,35,Low,,5.0,5,Yes,Often,Travel_Rarely,2,1,3,1,No,3,4,3,3,1,0,0,0,100,45.3,6,3,0,3,25,No,Low,1,1
32,Male,Single,Bangalore,Designer,4.3,52371,Small,HR,41,2.0,Partial,16,39,Medium,Migraine,5.0,5,Yes,Rarely,Travel_Rarely,1,1,3,0,Yes,3,4,2,1,3,2,1,2,43,43.3,9,3,2,2,23,No,High,1,1
28,Male,Divorced,Bangalore,Analyst,3.6,52749,Large,HR,43,2.7,Partial,9,23,Medium,,5.0,5,Yes,Sometimes,Travel_Rarely,5,2,4,1,No,3,2,3,3,4,2,0,2,48,60.1,3,7,4,5,74,No,Medium,1,1
29,Male,Divorced,Kolkata,Developer,6.8,86916,Small,Operations,41,1.1,Partial,5,16,Low,Migraine,6.5,4,Yes,Sometimes,Travel_Rarely,1,1,3,0,No,3,4,1,2,6,2,1,5,16,38.5,3,7,1,3,28,No,Medium,1,1
33,Male,Married,Bangalore,Manager,3.0,221517,Small,Marketing,54,1.7,Yes,14,14,Medium,,5.0,5,No,Often,Non-Travel,8,1,4,0,No,3,4,2,2,2,2,2,2,73,36.4,8,6,0,1,32,Yes,High,1,1
23,Other,Single,Mumbai,Intern,2.6,17673,Medium,HR,30,1.7,Yes,14,38,Low,Migraine,6.2,4,No,Rarely,Travel_Rarely,2,1,1,3,No,3,3,3,3,0,0,0,0,56,57.1,6,5,2,3,61,No,High,1,1
42,Other,Single,Hyderabad,CEO,1.3,566590,Large,HR,65,1.1,No,16,34,Medium,Back Pain,5.0,5,Yes,Often,Travel_Rarely,2,1,3,0,Yes,3,3,5,3,3,2,1,0,54,50.1,1,5,1,2,34,Yes,Low,1,1
41,Female,Single,Kolkata,CEO,9.4,547067,Medium,Marketing,69,1.3,No,18,9,Low,Diabetes,5.0,4,Yes,Often,Travel_Rarely,1,3,1,1,No,3,3,2,3,10,7,0,7,46,60.6,7,3,2,3,50,No,Medium,1,1
45,Female,Divorced,Pune,Manager,6.0,222711,Medium,Marketing,50,0.7,No,13,36,Low,,5.0,4,No,Often,Travel_Rarely,24,1,2,1,No,3,1,3,3,6,3,0,4,11,30.0,5,5,1,2,26,Yes,Medium,1,1
27,Other,Divorced,Hyderabad,Developer,2.9,117937,Medium,Operations,48,0.8,Partial,11,13,Low,,5.5,5,Yes,Sometimes,Non-Travel,8,1,3,1,No,3,4,4,3,3,2,1,2,61,36.0,7,10,0,4,21,No,Medium,1,1
39,Other,Single,Pune,Manager,18.4,204635,Large,Engineering,54,1.2,No,15,17,High,Hypertension,5.0,2,Yes,Often,Travel_Rarely,24,2,4,7,No,3,1,2,3,7,7,1,7,79,50.1,5,4,1,2,43,No,High,1,1
23,Other,Single,Hyderabad,Developer,1.8,96093,Small,Operations,44,1.2,Partial,11,43,Low,,5.5,5,Yes,Sometimes,Travel_Rarely,10,1,3,1,No,3,4,3,3,2,2,0,2,82,54.2,2,5,1,2,15,No,High,1,1
35,Female,Married,Mumbai,Analyst,12.5,49510,Medium,Marketing,45,1.6,Yes,5,17,High,Arthritis,5.0,3,No,Sometimes,Travel_Rarely,16,3,2,0,No,3,3,3,2,11,9,6,9,7,58.5,6,4,0,5,43,No,Medium,1,1
36,Female,Single,Hyderabad,Manager,1.0,288732,Large,Engineering,57,1.4,Partial,20,17,Medium,,5.0,5,Yes,Often,Travel_Rarely,4,1,4,1,No,3,3,3,3,1,0,0,0,148,51.7,7,6,3,3,17,No,Medium,1,1
29,Female,Divorced,Pune,Developer,0.7,87724,Medium,Engineering,43,0.7,Partial,16,39,Low,Migraine,6.2,5,Yes,Sometimes,Travel_Rarely,10,1,3,1,No,3,3,6,3,1,0,0,0,80,51.6,5,7,4,1,43,No,Medium,1,1
44,Other,Married,Kolkata,CEO,4.9,522059,Small,Engineering,64,1.2,No,10,22,Low,,5.0,5,Yes,Often,Travel_Frequently,26,2,1,2,No,3,4,4,3,1,1,0,0,117,46.1,6,3,0,4,60,Yes,Medium,1,1
29,Other,Married,Hyderabad,Developer,7.8,101667,Medium,HR,46,1.1,No,11,42,Low,Migraine,5.5,4,Yes,Sometimes,Travel_Rarely,19,2,4,4,No,3,2,2,4,3,2,1,2,24,65.9,5,7,0,3,0,Yes,Low,1,1
51,Other,Single,Delhi,CEO,29.7,508322,Medium,Marketing,65,2.4,Partial,10,44,High,Hypertension,5.0,1,No,Often,Travel_Rarely,26,4,3,2,No,3,3,2,2,20,6,4,17,88,39.0,6,5,3,3,27,Yes,Medium,1,1
55,Female,Divorced,Pune,CEO,21.0,598815,Medium,Operations,65,1.0,Partial,15,5,High,Back Pain,5.0,1,Yes,Often,Travel_Rarely,8,4,3,2,Yes,3,3,2,3,5,0,0,2,11,53.6,3,1,1,1,0,Yes,Low,1,1
36,Male,Married,Hyderabad,Manager,9.9,243286,Medium,Marketing,52,1.3,No,11,16,Medium,,5.0,4,Yes,Often,Travel_Rarely,9,1,1,7,No,4,2,4,3,5,3,0,3,142,40.1,4,3,1,3,29,No,Medium,1,1
56,Female,Single,Bangalore,CEO,21.2,547110,Medium,HR,67,3.0,Yes,10,14,High,Arthritis,5.0,1,Yes,Often,Travel_Rarely,8,4,3,2,Yes,3,3,2,3,5,0,0,2,58,55.3,5,5,1,5,42,Yes,Medium,1,1
30,Male,Divorced,Pune,Designer,4.3,40625,Small,Engineering,44,1.0,No,18,30,Low,Migraine,5.2,5,Yes,Rarely,Non-Travel,25,2,3,7,Yes,3,2,2,4,2,2,2,2,153,39.6,8,5,1,2,28,No,Low,1,1
28,Male,Married,Bangalore,Analyst,5.8,50281,Large,Marketing,44,1.9,Partial,8,36,Medium,Migraine,5.0,4,No,Sometimes,Travel_Rarely,24,1,3,5,Yes,3,2,4,3,4,2,0,3,108,57.4,10,6,2,0,0,Yes,Medium,1,1
30,Female,Divorced,Bangalore,Designer,4.0,46570,Medium,Marketing,42,2.9,Yes,12,13,Low,,5.0,5,Yes,Rarely,Non-Travel,25,2,3,7,Yes,3,2,2,4,2,2,2,2,25,51.1,5,8,0,3,53,No,Low,1,1
30,Male,Married,Mumbai,Analyst,8.1,52528,Medium,Operations,43,1.8,Partial,5,5,Low,Migraine,5.0,4,No,Sometimes,Travel_Rarely,5,1,1,5,No,3,4,3,3,3,2,2,2,46,67.4,3,7,0,4,6,No,Medium,1,1
31,Male,Married,Hyderabad,Designer,6.7,47154,Large,Marketing,43,1.4,No,15,19,Low,Migraine,5.0,4,No,Rarely,Travel_Rarely,12,1,4,8,Yes,4,3,0,3,4,2,0,2,31,47.2,7,8,1,3,52,No,Medium,1,1
23,Other,Divorced,Kolkata,Intern,0.7,16120,Large,Marketing,31,1.0,Partial,12,40,Medium,Migraine,7.5,4,Yes,Rarely,Travel_Rarely,6,1,1,1,Yes,4,3,2,3,0,0,0,0,9,54.2,2,6,0,3,20,No,Medium,1,1
23,Other,Single,Hyderabad,Developer,2.2,114267,Large,Marketing,42,0.7,Partial,14,10,Low,Migraine,5.5,5,Yes,Sometimes,Travel_Rarely,10,1,3,1,No,3,4,3,3,2,2,0,2,15,42.2,6,7,1,5,18,No,Medium,1,1
43,Female,Married,Pune,CEO,22.6,591150,Large,HR,69,0.5,Partial,12,48,High,Diabetes,5.0,1,Yes,Often,Travel_Rarely,4,3,4,3,No,3,4,3,4,21,7,15,17,144,47.1,6,4,0,2,35,Yes,Medium,1,1
39,Other,Married,Pune,Manager,16.7,274915,Medium,Marketing,54,0.7,Partial,12,26,High,Back Pain,5.0,2,No,Often,Travel_Rarely,4,2,3,4,No,3,3,1,4,15,11,5,9,150,51.1,6,4,0,2,56,No,Low,1,1
26,Male,Married,Kolkata,Developer,4.9,84161,Small,Marketing,48,1.3,No,5,14,Low,Migraine,6.5,5,No,Sometimes,Travel_Rarely,23,2,4,7,Yes,3,3,2,2,2,2,0,0,25,34.7,5,4,2,2,74,No,Medium,1,1
29,Other,Single,Hyderabad,Designer,4.5,44603,Small,Marketing,48,1.0,Partial,19,27,Low,,5.5,5,No,Rarely,Travel_Rarely,18,1,4,1,Yes,3,3,3,2,4,3,0,1,85,35.8,0,4,0,3,27,Yes,Medium,1,1
23,Other,Divorced,Pune,Intern,2.4,18289,Small,Engineering,34,1.5,Partial,5,20,Low,,7.2,5,Yes,Rarely,Travel_Rarely,10,1,3,1,No,3,4,3,3,2,2,0,2,134,56.0,6,4,1,2,9,Yes,Low,1,1
28,Male,Married,Bangalore,Developer,6.1,115717,Medium,Operations,42,2.4,Yes,5,17,Medium,,5.0,4,No,Sometimes,Travel_Rarely,24,1,3,5,Yes,3,2,4,3,4,2,0,3,13,48.5,4,7,2,4,42,No,Low,1,1
31,Female,Single,Bangalore,Manager,5.5,259226,Small,HR,53,1.8,Yes,5,11,Low,,5.0,4,No,Often,Travel_Rarely,26,1,3,1,No,3,4,1,2,5,2,4,3,78,44.1,6,5,1,3,8,Yes,Low,1,1
29,Male,Married,Kolkata,Analyst,8.7,49770,Medium,Operations,41,0.5,Partial,18,46,Low,Migraine,6.5,4,No,Sometimes,Travel_Rarely,1,4,4,3,No,3,2,2,2,7,7,1,7,116,42.6,3,6,0,1,50,No,Low,1,1
41,Female,Divorced,Delhi,Manager,5.8,211495,Medium,Engineering,60,1.5,Partial,9,39,Medium,,5.0,4,No,Often,Travel_Rarely,12,1,4,3,Yes,3,1,4,3,1,0,0,0,6,43.0,6,1,2,3,44,Yes,Medium,1,1
26,Other,Divorced,Kolkata,Designer,4.4,52430,Large,Engineering,48,1.4,No,12,50,Medium,Migraine,6.5,5,Yes,Rarely,Travel_Rarely,23,2,4,7,Yes,3,3,2,2,2,2,0,0,136,51.1,3,4,0,5,62,No,Medium,1,1
28,Female,Married,Hyderabad,Developer,2.3,85414,Large,Marketing,42,0.8,No,5,7,Medium,,5.5,5,Yes,Sometimes,Travel_Rarely,5,1,3,1,Yes,3,3,3,2,2,2,2,2,114,54.5,5,5,1,5,56,No,Medium,1,1
29,Female,Divorced,Mumbai,Developer,3.7,89807,Medium,Operations,43,2.7,Partial,5,3,Low,,5.2,5,No,Sometimes,Travel_Rarely,18,1,4,1,Yes,3,3,3,2,4,3,0,1,175,30.0,2,2,2,3,38,No,Medium,1,1
49,Female,Divorced,Mumbai,CEO,1.9,522425,Large,Engineering,69,2.8,Yes,16,31,Medium,Hypertension,5.0,5,Yes,Often,Travel_Rarely,3,1,3,1,Yes,3,3,2,3,3,2,0,2,71,64.1,4,5,1,4,36,Yes,High,1,1
22,Female,Single,Hyderabad,Intern,1.9,17995,Small,Engineering,31,1.0,No,13,29,Medium,,6.5,5,Yes,Rarely,Travel_Rarely,19,1,4,1,No,4,1,6,3,2,2,2,2,58,63.4,7,7,0,5,17,No,Medium,1,1
22,Other,Single,Mumbai,Intern,1.2,17502,Medium,Operations,34,2.8,Yes,13,14,Low,,6.2,5,Yes,Rarely,Non-Travel,16,1,4,1,Yes,3,2,2,2,1,0,0,0,81,30.0,6,8,0,3,17,No,Medium,1,1
41,Other,Divorced,Hyderabad,Manager,2.9,215741,Medium,Marketing,54,0.7,Partial,17,30,Low,Diabetes,5.0,5,Yes,Often,Travel_Rarely,20,1,2,1,Yes,4,4,5,2,4,3,0,2,115,60.9,7,5,0,3,34,No,Low,1,1
25,Male,Married,Bangalore,Intern,3.3,19430,Small,HR,29,2.4,Partial,13,44,Low,Migraine,6.0,3,Yes,Rarely,Travel_Rarely,8,2,2,0,No,4,3,4,3,3,2,1,2,166,60.6,6,3,0,0,13,No,Medium,1,1
32,Female,Divorced,Kolkata,Designer,1.3,46697,Small,Operations,47,1.4,No,15,20,Medium,Migraine,5.5,5,Yes,Rarely,Travel_Rarely,1,1,1,1,No,3,4,2,3,1,0,0,0,145,50.0,2,4,2,4,30,No,Medium,1,1
33,Male,Divorced,Delhi,Designer,1.0,50274,Medium,Engineering,47,2.9,Partial,14,23,Medium,Migraine,5.0,5,No,Rarely,Travel_Rarely,5,1,3,1,Yes,3,2,2,3,1,0,0,0,102,37.0,0,4,5,3,26,No,Medium,1,1
36,Other,Divorced,Bangalore,Manager,2.4,285697,Medium,Marketing,50,2.9,Partial,6,10,Medium,Migraine,5.0,5,Yes,Often,Travel_Rarely,9,1,3,0,Yes,3,1,0,2,1,0,0,0,16,60.2,4,5,0,3,47,No,High,1,1
22,Other,Single,Mumbai,Intern,0.5,15505,Large,HR,33,2.7,Yes,18,3,Low,,6.2,4,Yes,Rarely,Non-Travel,16,1,4,1,Yes,3,2,2,2,1,0,0,0,13,47.6,5,4,2,1,35,Yes,Medium,1,1
51,Female,Married,Kolkata,CEO,22.4,536798,Small,Operations,69,0.8,No,14,41,High,Hypertension,5.0,1,Yes,Often,Travel_Frequently,1,3,1,3,No,4,3,1,2,13,12,12,8,158,55.5,2,2,1,1,55,Yes,High,1,1
36,Other,Divorced,Bangalore,Manager,1.6,289616,Large,Operations,55,2.7,Partial,16,50,Low,,5.0,5,No,Often,Travel_Rarely,9,1,3,0,Yes,3,1,0,2,1,0,0,0,151,72.2,3,7,1,3,29,No,Low,1,1
29,Male,Divorced,Hyderabad,Designer,8.0,41353,Small,Engineering,50,1.4,No,10,41,Low,,5.5,4,Yes,Rarely,Travel_Rarely,19,2,4,4,No,3,2,2,4,3,2,1,2,107,52.5,6,6,4,3,12,Yes,Low,1,1
60,Female,Married,Delhi,CEO,10.5,502312,Medium,HR,62,2.2,Partial,10,37,High,Arthritis,5.0,3,Yes,Often,Travel_Rarely,16,2,1,8,No,3,4,1,3,2,2,2,2,44,40.8,9,8,1,1,46,No,Low,1,1
32,Female,Divorced,Bangalore,Designer,6.0,41421,Medium,Operations,42,2.7,Yes,16,14,Medium,Migraine,5.0,4,No,Rarely,Travel_Rarely,4,1,2,2,No,3,1,5,3,4,3,1,2,97,46.6,6,3,1,5,33,No,Medium,1,1
42,Other,Married,Hyderabad,Manager,12.8,232387,Medium,HR,50,1.1,Partial,14,24,High,Back Pain,5.0,3,Yes,Often,Travel_Frequently,9,1,4,1,No,3,3,3,3,12,9,5,8,130,42.1,4,7,1,3,30,Yes,Medium,1,1
28,Female,Married,Kolkata,Analyst,3.7,47383,Large,Operations,42,1.0,No,15,23,Medium,Migraine,6.5,5,No,Sometimes,Travel_Rarely,5,2,4,1,No,3,2,3,3,4,2,0,2,36,54.3,2,3,1,2,27,Yes,Medium,1,1
27,Female,Single,Hyderabad,Developer,6.8,83219,Medium,HR,48,1.4,Partial,19,4,Low,,5.5,4,No,Sometimes,Travel_Rarely,9,1,2,1,No,3,4,2,2,7,7,0,3,170,41.9,6,3,2,2,35,No,Medium,1,1
25,Other,Divorced,Delhi,Intern,1.9,19253,Large,Engineering,30,2.2,Partial,10,23,Low,Migraine,6.7,4,Yes,Rarely,Travel_Rarely,7,1,4,1,No,3,3,2,3,2,2,2,1,167,45.3,7,6,1,6,30,No,Low,1,1
30,Female,Single,Mumbai,Analyst,8.1,59191,Medium,Operations,42,2.6,Partial,16,3,Medium,,5.0,4,Yes,Sometimes,Travel_Rarely,5,1,1,5,No,3,4,3,3,3,2,2,2,107,37.2,2,5,1,3,45,Yes,Low,1,1
32,Female,Married,Delhi,Designer,1.1,44434,Small,Operations,44,2.9,Partial,10,32,Medium,Migraine,5.0,5,No,Rarely,Travel_Rarely,1,1,1,1,No,3,4,2,3,1,0,0,0,38,48.7,6,6,1,1,50,Yes,Low,1,1
35,Male,Divorced,Mumbai,Analyst,14.7,55878,Medium,Marketing,43,2.3,Partial,15,25,High,Arthritis,5.0,3,No,Sometimes,Travel_Rarely,1,2,3,9,No,3,3,2,3,11,9,6,9,14,51.8,8,10,0,3,28,No,Low,1,1
33,Female,Married,Mumbai,Manager,12.7,262981,Small,Engineering,52,2.5,Yes,14,9,High,Back Pain,5.0,3,Yes,Often,Travel_Rarely,2,1,1,7,No,4,1,3,4,9,7,1,7,119,30.0,4,6,1,0,75,Yes,Low,1,1
25,Male,Divorced,Delhi,Developer,2.2,113263,Small,Engineering,47,2.7,Yes,8,30,Medium,Migraine,5.7,5,Yes,Sometimes,Travel_Rarely,7,1,4,1,No,3,3,2,3,2,2,2,1,3,52.6,6,4,3,3,24,No,Low,1,1
29,Male,Married,Hyderabad,Developer,5.4,85767,Medium,Operations,49,1.2,Partial,7,8,Medium,,5.5,4,No,Sometimes,Travel_Rarely,1,1,3,6,Yes,3,3,3,3,3,2,0,2,92,49.5,6,4,1,3,35,No,Medium,1,1
22,Female,Divorced,Pune,Developer,1.2,84078,Small,Operations,42,1.2,No,6,36,Low,Migraine,6.2,5,Yes,Sometimes,Non-Travel,16,1,4,1,Yes,3,2,2,2,1,0,0,0,152,42.4,1,2,0,3,3,Yes,Medium,1,1
52,Male,Single,Hyderabad,CEO,8.1,568044,Large,HR,70,1.2,No,13,29,Medium,Back Pain,5.0,4,No,Often,Travel_Rarely,11,2,3,8,No,4,2,3,3,5,2,1,4,140,70.3,7,1,1,1,33,Yes,Low,1,1
20,Male,Divorced,Delhi,Intern,0.4,19664,Large,HR,26,1.6,Partial,11,19,Low,,6.7,3,Yes,Rarely,Travel_Frequently,6,1,4,1,Yes,3,2,5,3,1,0,1,0,160,59.6,6,4,1,5,31,No,Medium,1,1
20,Male,Divorced,Hyderabad,Intern,0.1,18149,Medium,Operations,29,1.3,Partial,8,13,Low,Migraine,6.5,3,No,Rarely,Travel_Frequently,6,1,4,1,Yes,3,2,5,3,1,0,1,0,15,39.0,5,6,0,10,34,Yes,High,1,1
20,Male,Single,Mumbai,Intern,0.2,15363,Small,Engineering,30,1.7,Yes,16,23,Low,,6.2,5,No,Rarely,Travel_Frequently,6,1,4,1,Yes,3,2,5,3,1,0,1,0,169,58.4,3,2,0,0,55,No,Medium,1,1
23,Female,Divorced,Kolkata,Developer,1.7,107703,Medium,Operations,48,0.6,No,18,27,Low,,6.5,5,No,Sometimes,Travel_Rarely,10,1,3,1,No,3,4,3,3,2,2,0,2,107,62.4,7,3,1,3,69,No,High,1,1
21,Male,Single,Pune,Intern,0.6,19915,Medium,Engineering,27,0.8,No,15,34,Medium,,7.2,3,Yes,Rarely,Travel_Rarely,12,1,2,1,No,3,4,0,3,1,0,0,0,125,51.3,4,4,1,5,57,No,Medium,1,1
35,Male,Single,Pune,Designer,11.1,50204,Small,HR,50,0.5,No,17,25,High,Arthritis,5.2,3,Yes,Rarely,Travel_Rarely,16,3,2,1,No,3,4,3,1,11,8,3,3,54,53.6,2,5,3,4,33,No,High,1,1
60,Male,Divorced,Delhi,CEO,9.6,570602,Medium,Marketing,68,1.9,Yes,20,47,Medium,Diabetes,5.0,4,No,Often,Travel_Rarely,16,2,1,8,No,3,4,1,3,2,2,2,2,169,53.4,7,5,0,5,39,No,Low,1,1
25,Other,Divorced,Pune,Intern,2.0,19244,Small,Marketing,28,0.8,No,10,40,Medium,Migraine,7.2,5,Yes,Rarely,Travel_Rarely,7,1,4,1,No,3,3,2,3,2,2,2,1,33,30.0,5,6,1,5,65,Yes,Low,1,1
45,Female,Divorced,Kolkata,Manager,8.7,297028,Medium,Engineering,50,0.6,Partial,5,47,Low,Back Pain,5.0,4,Yes,Often,Travel_Rarely,29,1,4,5,No,3,2,2,2,6,5,0,3,157,48.1,8,6,0,0,15,Yes,Medium,1,1
31,Female,Divorced,Mumbai,Manager,8.0,215617,Small,Operations,59,1.5,Partial,18,24,Low,Migraine,5.0,4,No,Often,Travel_Rarely,11,1,4,3,Yes,3,2,2,3,6,4,0,2,12,47.6,7,5,1,3,51,No,High,1,1
32,Female,Single,Pune,Designer,2.5,54175,Large,Marketing,47,0.8,Partial,12,31,Medium,Migraine,5.2,5,No,Rarely,Travel_Frequently,13,1,2,1,No,4,3,2,3,2,2,2,2,140,64.3,5,6,0,2,17,No,High,1,1
37,Male,Married,Hyderabad,Manager,8.3,201308,Small,Engineering,57,1.0,Partial,5,28,Low,,5.0,4,Yes,Often,Travel_Rarely,19,1,2,4,No,4,1,1,3,1,0,0,0,17,53.3,4,6,2,4,58,Yes,Medium,1,1
42,Male,Divorced,Mumbai,CEO,16.6,519356,Medium,Engineering,63,1.5,Yes,19,24,High,Hypertension,5.0,2,No,Often,Travel_Rarely,3,2,4,2,Yes,3,2,1,2,5,3,1,3,159,47.0,3,6,1,1,32,No,Low,1,1
22,Male,Divorced,Pune,Intern,1.6,16911,Small,HR,32,0.6,Partial,19,48,Low,Migraine,7.2,3,No,Rarely,Travel_Rarely,19,1,4,1,No,4,1,6,3,2,2,2,2,95,49.1,9,5,0,1,17,No,Medium,1,1
28,Other,Single,Mumbai,Analyst,4.6,56523,Medium,Operations,43,2.5,Partial,19,16,Medium,,5.2,5,Yes,Sometimes,Non-Travel,4,2,3,1,No,3,2,3,4,5,4,0,4,122,60.2,4,3,0,0,22,No,Low,1,1
24,Male,Married,Mumbai,Intern,2.1,15821,Large,HR,26,1.9,Partial,19,14,Low,Migraine,6.2,3,Yes,Rarely,Travel_Rarely,21,1,1,0,No,3,2,3,3,1,1,0,0,38,48.2,8,5,0,4,25,No,Low,1,1
48,Female,Single,Bangalore,CEO,18.0,529396,Small,HR,68,2.8,Yes,8,22,High,Hypertension,5.0,2,Yes,Often,Travel_Rarely,16,2,3,8,No,3,3,2,3,8,7,7,7,45,43.0,4,4,2,4,54,Yes,Low,1,1
32,Female,Married,Hyderabad,Manager,5.5,241467,Medium,Operations,57,0.7,No,9,27,Medium,Migraine,5.0,4,Yes,Often,Travel_Rarely,4,1,2,2,No,3,1,5,3,4,3,1,2,28,47.2,2,11,1,2,62,Yes,Medium,1,1
26,Other,Single,Hyderabad,Developer,3.4,106257,Medium,HR,49,1.3,Partial,20,45,Medium,,5.5,5,No,Sometimes,Travel_Rarely,23,1,4,1,No,4,2,3,1,3,2,0,2,61,59.4,2,3,0,1,27,Yes,High,1,1
23,Female,Single,Delhi,Developer,1.3,110330,Large,Marketing,43,2.4,Partial,18,6,Low,,5.7,5,Yes,Sometimes,Travel_Rarely,6,1,1,1,Yes,4,3,2,3,0,0,0,0,15,55.0,5,9,0,1,18,Yes,Low,1,1
44,Male,Divorced,Hyderabad,Manager,19.7,247858,Small,Marketing,58,1.5,No,9,41,High,Diabetes,5.0,2,Yes,Often,Travel_Rarely,29,2,4,1,No,4,2,3,3,20,11,13,17,120,50.4,8,2,3,2,76,No,Low,1,1
25,Female,Married,Pune,Intern,4.0,15187,Large,Marketing,29,0.6,Partial,12,17,Medium,,7.2,3,Yes,Rarely,Travel_Rarely,8,2,2,0,No,4,3,4,3,3,2,1,2,9,51.9,5,2,2,3,51,No,Low,1,1
40,Female,Single,Hyderabad,Manager,4.9,294284,Medium,Marketing,54,1.0,No,14,13,Low,Back Pain,5.0,5,Yes,Often,Non-Travel,9,2,4,9,No,3,4,5,1,3,2,0,2,157,44.4,6,6,1,0,19,No,Low,1,1
30,Male,Single,Hyderabad,Manager,9.1,298257,Small,Marketing,51,1.1,Partial,20,19,Medium,Migraine,5.0,4,Yes,Often,Travel_Frequently,26,2,1,5,No,3,3,5,2,6,3,0,1,152,48.1,3,6,0,5,42,Yes,Medium,1,1
33,Other,Married,Hyderabad,Analyst,5.3,50558,Small,HR,45,1.2,Partial,9,9,Low,,5.0,4,No,Sometimes,Travel_Rarely,13,1,4,3,No,3,1,4,3,3,2,0,2,102,43.4,5,3,0,3,27,Yes,Low,1,1
26,Male,Divorced,Mumbai,Analyst,2.9,49272,Small,HR,41,2.3,Yes,18,37,Low,,5.2,5,Yes,Sometimes,Travel_Rarely,23,1,4,1,No,4,2,3,1,3,2,0,2,83,47.1,8,6,2,3,9,No,High,1,1
49,Male,Married,Pune,CEO,21.9,520091,Medium,HR,70,1.3,No,8,32,High,Back Pain,5.0,1,No,Often,Travel_Frequently,10,5,1,9,Yes,3,4,4,3,3,2,1,2,132,63.5,4,9,1,1,29,No,Medium,1,1
28,Other,Divorced,Pune,Developer,5.8,88298,Large,Engineering,41,1.2,Partial,6,8,Low,,6.2,4,No,Sometimes,Travel_Rarely,24,1,3,5,Yes,3,2,4,3,4,2,0,3,64,39.2,5,9,1,1,8,No,Low,1,1
33,Other,Married,Kolkata,Designer,1.8,53713,Large,Marketing,49,0.7,Partial,10,2,Low,Migraine,5.5,5,Yes,Rarely,Travel_Rarely,5,1,4,1,No,3,3,2,2,2,2,0,2,176,43.1,1,6,1,0,25,No,Medium,1,1
35,Female,Married,Delhi,Designer,8.1,47715,Large,Marketing,40,2.9,Partial,12,31,Medium,Migraine,5.0,4,No,Rarely,Travel_Rarely,23,2,3,3,Yes,3,1,1,3,1,0,0,1,2,37.5,5,4,1,4,27,No,Low,1,1
28,Female,Married,Kolkata,Designer,0.7,46427,Medium,Marketing,48,0.8,No,15,2,Medium,Migraine,6.5,5,No,Rarely,Travel_Rarely,10,1,2,1,No,4,2,5,3,1,0,0,0,172,35.3,6,6,3,3,24,No,Low,1,1
28,Male,Married,Kolkata,Analyst,6.3,54107,Small,Marketing,44,0.6,Partial,14,45,Medium,Migraine,6.5,4,No,Sometimes,Travel_Rarely,24,1,3,5,Yes,3,2,4,3,4,2,0,3,141,48.1,3,4,0,2,53,No,Low,1,1
30,Female,Married,Mumbai,Developer,5.1,106420,Medium,Marketing,45,2.7,Partial,17,43,Medium,Migraine,5.0,4,No,Sometimes,Travel_Rarely,18,1,3,1,No,3,3,4,2,5,4,0,4,119,43.8,6,6,0,2,43,No,Low,1,1
26,Male,Single,Hyderabad,Developer,2.9,104780,Large,Operations,40,1.4,No,20,17,Medium,,5.5,5,Yes,Sometimes,Travel_Rarely,23,1,4,1,No,4,2,3,1,3,2,0,2,157,67.6,5,5,1,4,22,No,Medium,1,1
28,Other,Married,Pune,Developer,3.3,88526,Medium,Engineering,50,0.8,No,19,20,Low,Migraine,6.2,5,Yes,Sometimes,Travel_Frequently,6,1,3,1,Yes,3,4,2,3,3,1,0,2,67,47.2,5,3,2,4,41,Yes,Medium,1,1
27,Female,Married,Hyderabad,Developer,1.5,89593,Small,Operations,44,1.3,No,10,33,Low,,5.5,5,No,Sometimes,Travel_Rarely,2,1,1,1,No,3,4,6,3,1,0,0,0,145,62.9,6,11,0,0,61,Yes,Medium,1,1
37,Other,Single,Pune,Manager,10.6,208010,Large,HR,57,0.8,Partial,16,4,High,Diabetes,5.0,3,Yes,Often,Travel_Frequently,11,3,4,1,Yes,3,3,1,3,10,8,0,7,36,59.7,6,4,0,0,18,No,Medium,1,1
24,Female,Single,Pune,Developer,0.7,118655,Small,Operations,43,1.3,No,20,11,Low,Migraine,6.2,5,No,Sometimes,Travel_Rarely,17,1,2,1,No,4,4,2,3,1,0,0,0,152,47.9,7,4,3,6,9,Yes,Medium,1,1
22,Female,Single,Hyderabad,Developer,0.6,107785,Large,Operations,43,1.4,Partial,14,23,Medium,,5.5,5,No,Sometimes,Non-Travel,16,1,4,1,Yes,3,2,2,2,1,0,0,0,175,71.1,6,7,0,6,13,Yes,Low,1,1
33,Other,Single,Bangalore,Analyst,3.9,57271,Medium,Operations,41,2.0,Partial,8,33,Medium,Migraine,5.0,5,Yes,Sometimes,Travel_Rarely,2,1,4,0,No,3,1,2,4,3,1,0,2,180,52.7,5,6,0,3,43,No,Medium,1,1
45,Other,Divorced,Kolkata,Manager,4.3,225336,Small,Operations,52,0.8,No,19,17,Low,,5.0,5,Yes,Often,Travel_Frequently,26,2,1,2,No,3,4,4,3,1,1,0,0,72,65.1,6,8,2,0,65,No,Medium,1,1
21,Other,Single,Kolkata,Intern,0.5,15960,Medium,Operations,27,1.1,Partial,17,18,Low,,7.5,4,Yes,Rarely,Travel_Rarely,15,1,4,1,No,3,4,6,3,0,0,0,0,142,64.0,6,5,0,5,52,No,Low,1,1
21,Other,Divorced,Mumbai,Intern,1.0,16376,Small,Operations,31,1.6,Yes,17,49,Low,Migraine,6.2,5,Yes,Rarely,Travel_Rarely,12,1,2,1,No,3,4,0,3,1,0,0,0,48,54.1,5,6,2,5,61,No,Medium,1,1
29,Female,Divorced,Bangalore,Designer,8.1,53671,Small,Operations,48,2.9,Partial,16,26,Medium,Migraine,5.0,4,No,Rarely,Travel_Rarely,19,2,4,4,No,3,2,2,4,3,2,1,2,120,57.5,10,4,1,3,0,Yes,Medium,1,1
48,Female,Married,Pune,CEO,9.5,540267,Small,Engineering,61,0.8,No,20,8,Medium,Hypertension,5.0,4,No,Often,Travel_Rarely,15,1,1,8,No,3,4,3,2,8,2,7,6,87,56.2,4,3,1,6,18,Yes,High,1,1
31,Female,Single,Delhi,Designer,6.4,40043,Large,Operations,40,2.9,Yes,5,46,Medium,,5.0,4,Yes,Rarely,Non-Travel,1,2,3,0,No,3,4,2,3,5,4,1,4,139,38.6,8,3,0,2,13,No,Low,1,1
29,Male,Single,Pune,Developer,7.8,109251,Large,Engineering,49,1.4,No,14,16,Medium,,6.2,4,Yes,Sometimes,Travel_Rarely,19,2,4,4,No,3,2,2,4,3,2,1,2,36,50.6,6,5,0,4,46,No,Low,1,1
27,Other,Married,Kolkata,Designer,3.5,43357,Small,Engineering,47,0.9,No,10,42,Low,,6.5,5,Yes,Rarely,Travel_Rarely,5,1,2,1,Yes,3,2,2,2,4,3,1,2,60,60.7,4,6,0,3,31,No,Low,1,1
34,Female,Married,Bangalore,Designer,5.5,49988,Medium,Marketing,47,2.8,Partial,8,6,Low,,5.0,4,No,Rarely,Travel_Rarely,1,2,2,1,No,3,3,2,3,5,2,1,3,170,65.3,5,6,1,0,0,No,High,1,1
43,Other,Divorced,Pune,CEO,7.9,590838,Medium,HR,63,0.9,No,15,31,Low,,5.0,4,No,Often,Travel_Frequently,21,1,4,7,No,4,1,1,3,3,2,1,2,123,42.8,4,7,1,4,50,No,Medium,1,1
22,Other,Divorced,Kolkata,Intern,1.5,15384,Small,Marketing,31,0.9,No,20,17,Low,,7.5,3,No,Rarely,Non-Travel,16,1,4,1,Yes,3,2,2,2,1,0,0,0,38,55.3,6,8,0,4,58,Yes,High,1,1
26,Other,Married,Delhi,Designer,3.0,49111,Medium,Operations,44,1.8,Partial,19,21,Medium,Migraine,5.7,5,Yes,Rarely,Travel_Rarely,23,1,4,1,No,4,2,3,1,3,2,0,2,62,51.5,2,7,0,1,75,No,Medium,1,1
23,Male,Married,Kolkata,Intern,1.5,19562,Small,Engineering,27,0.8,Partial,14,9,Medium,,7.5,4,Yes,Rarely,Travel_Rarely,10,1,3,1,No,3,4,3,3,2,2,0,2,45,48.8,2,3,2,2,38,No,Medium,1,1
23,Female,Single,Kolkata,Developer,0.6,83759,Large,Operations,44,0.7,No,17,39,Low,,6.5,5,Yes,Sometimes,Travel_Rarely,6,1,1,1,Yes,4,3,2,3,0,0,0,0,87,53.6,9,2,1,5,47,No,Low,1,1
37,Other,Single,Hyderabad,Manager,13.7,202556,Medium,Engineering,55,1.1,No,10,33,High,Diabetes,5.0,3,No,Often,Travel_Rarely,1,2,4,1,No,3,2,2,2,14,8,3,11,10,52.2,1,6,0,6,12,Yes,High,1,1
22,Male,Divorced,Delhi,Intern,1.5,17560,Small,Operations,31,2.8,Yes,10,39,Low,,6.7,5,Yes,Rarely,Non-Travel,16,1,4,1,Yes,3,2,2,2,1,0,0,0,61,55.4,3,7,1,3,2,Yes,High,1,1
26,Female,Married,Bangalore,Developer,3.9,116133,Large,Engineering,49,2.3,Yes,13,45,Low,,5.0,5,No,Sometimes,Travel_Rarely,23,1,4,1,No,4,2,3,1,3,2,0,2,76,64.4,4,5,0,4,60,No,Medium,1,1
41,Female,Single,Mumbai,CEO,19.1,533585,Large,HR,62,1.7,Partial,5,12,High,Back Pain,5.0,2,No,Often,Non-Travel,10,2,2,1,No,3,1,4,3,19,2,11,9,152,57.8,3,7,0,3,46,Yes,Low,1,1
49,Other,Single,Kolkata,CEO,27.5,596197,Large,Operations,65,0.8,No,14,7,High,Back Pain,5.0,1,Yes,Often,Travel_Rarely,22,4,2,3,No,3,2,2,3,4,2,1,2,51,53.1,2,8,1,2,60,No,Medium,1,1
40,Male,Married,Delhi,Manager,16.8,263482,Medium,Marketing,54,3.0,Partial,19,43,High,Back Pain,5.0,2,Yes,Often,Travel_Frequently,26,2,4,3,Yes,3,4,3,1,1,1,0,0,3,68.6,6,3,0,2,30,Yes,Low,1,1
36,Other,Married,Mumbai,Manager,5.4,222636,Small,Engineering,50,2.4,Partial,5,48,Low,Migraine,5.0,4,Yes,Often,Travel_Rarely,6,1,4,3,No,3,2,3,3,1,0,0,0,58,61.1,2,6,2,3,82,Yes,High,1,1
49,Female,Married,Bangalore,CEO,18.1,513288,Medium,HR,61,1.8,Partial,9,21,High,Diabetes,5.0,2,Yes,Often,Travel_Frequently,8,2,3,3,Yes,3,1,4,3,4,3,1,3,71,49.1,7,3,2,0,41,Yes,Medium,1,1
30,Male,Married,Bangalore,Analyst,0.6,47662,Large,Operations,43,1.9,Partial,19,43,Medium,,5.0,5,Yes,Sometimes,Travel_Rarely,24,1,3,1,No,4,2,2,3,1,0,0,0,147,37.8,10,7,1,2,20,No,Medium,1,1
28,Male,Single,Kolkata,Designer,1.9,41857,Medium,Engineering,43,0.7,Partial,18,40,Low,Migraine,6.5,5,No,Rarely,Travel_Rarely,5,1,3,1,Yes,3,3,3,2,2,2,2,2,92,40.1,1,8,0,4,29,No,Medium,1,1
22,Other,Divorced,Bangalore,Developer,1.7,101834,Medium,Marketing,48,2.3,Yes,19,48,Medium,,5.0,5,No,Sometimes,Travel_Rarely,19,1,4,1,No,4,1,6,3,2,2,2,2,62,59.3,2,5,1,1,3,No,Medium,1,1
33,Female,Single,Delhi,Designer,1.2,43507,Medium,HR,43,2.3,Yes,19,3,Low,,5.0,5,Yes,Rarely,Travel_Rarely,5,1,3,1,Yes,3,2,2,3,1,0,0,0,53,43.7,4,6,1,4,16,No,Low,1,1
48,Male,Single,Bangalore,CEO,13.2,501311,Medium,HR,60,1.7,Partial,12,28,High,Back Pain,5.0,3,Yes,Often,Travel_Rarely,20,1,3,4,No,3,1,2,2,0,0,0,0,116,39.9,4,5,1,4,27,No,High,1,1
29,Other,Divorced,Mumbai,Developer,2.2,117469,Large,Engineering,50,2.7,Partial,20,27,Low,,5.2,5,No,Sometimes,Travel_Rarely,10,1,2,1,No,3,4,2,3,2,2,2,2,109,42.4,8,5,1,3,66,No,High,1,1
32,Male,Divorced,Delhi,Designer,1.1,41160,Large,HR,49,1.7,Partial,8,4,Medium,,5.0,5,No,Rarely,Travel_Rarely,1,1,1,1,No,3,4,2,3,1,0,0,0,73,43.1,6,3,2,5,34,No,Medium,1,1
45,Female,Single,Bangalore,CEO,4.4,584196,Large,Engineering,62,2.6,Partial,12,49,Low,Hypertension,5.0,5,No,Often,Travel_Frequently,26,2,1,2,No,3,4,4,3,1,1,0,0,106,58.5,2,5,1,5,57,No,Medium,1,1
34,Female,Married,Kolkata,Designer,10.2,50797,Large,Engineering,45,1.0,Partial,16,5,High,Hypertension,5.5,3,No,Rarely,Non-Travel,23,2,3,0,No,4,3,2,3,9,5,8,7,56,48.4,6,9,0,3,33,No,Medium,1,1
23,Other,Single,Bangalore,Intern,0.9,18065,Large,Engineering,27,2.0,Partial,20,4,Medium,,6.0,5,Yes,Rarely,Travel_Rarely,6,1,1,1,Yes,4,3,2,3,0,0,0,0,168,36.3,8,3,0,2,14,No,Medium,1,1
43,Female,Divorced,Bangalore,Manager,6.7,292962,Medium,HR,54,2.5,Partial,14,22,Low,Hypertension,5.0,4,Yes,Often,Non-Travel,7,1,4,4,No,3,4,3,4,5,4,2,2,2,50.3,8,2,0,4,46,No,High,1,1
27,Male,Single,Pune,Developer,3.0,117213,Large,Marketing,44,1.2,No,17,17,Low,Migraine,6.2,5,Yes,Sometimes,Non-Travel,8,1,3,1,No,3,4,4,3,3,2,1,2,119,52.2,2,8,1,1,18,No,Low,1,1
25,Female,Divorced,Delhi,Designer,4.7,42676,Medium,Marketing,47,2.9,Partial,15,23,Low,,5.7,5,Yes,Rarely,Travel_Rarely,1,2,3,0,No,3,4,3,3,4,2,1,2,5,45.2,5,3,0,4,27,No,Low,1,1
53,Other,Divorced,Pune,CEO,3.3,595518,Medium,HR,70,1.2,Partial,7,38,Low,Hypertension,5.0,5,Yes,Often,Travel_Rarely,13,2,1,1,No,3,3,3,3,4,2,1,3,4,61.6,4,3,0,3,76,No,High,1,1
21,Male,Married,Pune,Intern,0.7,17707,Small,Marketing,32,1.0,Partial,6,31,Low,Migraine,7.2,5,Yes,Rarely,Travel_Rarely,12,1,2,1,No,3,4,0,3,1,0,0,0,4,45.8,3,4,3,3,47,No,Low,1,1
39,Male,Married,Kolkata,Manager,1.9,236288,Medium,Marketing,53,1.1,Partial,15,35,Medium,Migraine,5.0,5,No,Often,Travel_Rarely,9,1,4,1,No,3,3,3,3,2,2,2,1,53,61.1,8,6,1,3,19,Yes,Medium,1,1
22,Female,Married,Hyderabad,Intern,1.2,17419,Large,Marketing,29,0.6,Partial,12,37,Low,Migraine,6.5,3,Yes,Rarely,Non-Travel,16,1,4,1,Yes,3,2,2,2,1,0,0,0,46,56.0,3,5,0,4,50,No,Low,1,1
32,Other,Married,Pune,Analyst,1.8,58951,Medium,Operations,41,1.5,No,17,40,Low,,5.2,5,No,Sometimes,Travel_Frequently,13,1,2,1,No,4,3,2,3,2,2,2,2,176,59.3,7,6,2,4,16,No,High,1,1
43,Male,Single,Pune,Manager,7.4,256700,Small,Marketing,57,1.4,No,5,44,Medium,Hypertension,5.0,4,Yes,Often,Non-Travel,7,1,4,4,No,3,4,3,4,5,4,2,2,8,39.0,2,7,1,4,0,No,Medium,1,1
26,Female,Single,Mumbai,Developer,0.7,80089,Small,Engineering,49,2.1,Partial,18,22,Medium,,5.2,5,No,Sometimes,Travel_Rarely,25,1,3,1,No,3,3,2,2,1,0,0,1,98,51.0,1,4,1,0,57,No,High,1,1
45,Other,Single,Bangalore,CEO,3.4,562569,Small,HR,62,2.5,Yes,11,16,Medium,Diabetes,5.0,5,Yes,Often,Travel_Frequently,26,2,1,2,No,3,4,4,3,1,1,0,0,19,49.5,5,5,0,2,41,No,High,1,1
35,Male,Divorced,Delhi,Manager,1.0,254993,Large,Engineering,53,1.5,Partial,11,37,Low,Migraine,5.0,5,No,Often,Travel_Rarely,4,1,4,1,No,3,3,3,3,1,0,0,0,121,35.8,4,5,3,4,31,No,Low,1,1
32,Female,Divorced,Kolkata,Analyst,6.4,54725,Small,HR,42,1.0,Partial,13,41,Medium,,5.5,4,No,Sometimes,Travel_Rarely,4,1,2,2,No,3,1,5,3,4,3,1,2,60,61.1,4,5,1,5,2,Yes,Medium,1,1
22,Female,Divorced,Mumbai,Developer,1.6,112001,Small,HR,46,2.3,Yes,8,30,Medium,,5.2,5,Yes,Sometimes,Travel_Rarely,19,1,4,1,No,4,1,6,3,2,2,2,2,122,41.8,4,4,0,8,29,Yes,Medium,1,1
25,Male,Single,Delhi,Designer,4.0,46610,Large,Engineering,45,1.6,Yes,12,28,Medium,,5.7,5,No,Rarely,Travel_Rarely,8,2,2,0,No,4,3,4,3,3,2,1,2,162,43.9,3,6,1,4,39,No,High,1,1
27,Female,Married,Kolkata,Designer,0.9,45750,Small,HR,48,1.4,No,15,13,Low,Migraine,6.5,5,No,Rarely,Travel_Rarely,2,1,1,1,No,3,4,6,3,1,0,0,0,177,39.9,0,7,0,2,12,No,Low,1,1
26,Female,Divorced,Hyderabad,Developer,2.3,102048,Large,Marketing,44,1.2,Partial,10,37,Low,,5.5,5,No,Sometimes,Travel_Rarely,23,1,4,1,No,4,2,3,1,3,2,0,2,81,57.0,2,7,1,3,36,Yes,High,1,1
43,Female,Single,Mumbai,CEO,7.7,528545,Small,HR,67,2.2,Partial,7,20,Medium,Diabetes,5.0,4,No,Often,Travel_Frequently,21,1,4,7,No,4,1,1,3,3,2,1,2,61,34.7,3,3,1,4,66,Yes,Low,1,1
25,Male,Divorced,Mumbai,Analyst,3.1,47251,Large,Engineering,42,2.1,Yes,6,7,Low,,5.2,5,Yes,Sometimes,Travel_Rarely,8,2,2,0,No,4,3,4,3,3,2,1,2,144,56.2,4,7,2,1,40,Yes,High,1,1
27,Female,Single,Kolkata,Analyst,4.3,46397,Small,Marketing,41,1.3,No,10,18,Low,,6.5,5,No,Sometimes,Travel_Rarely,5,1,2,1,Yes,3,2,2,2,4,3,1,2,2,60.4,2,6,0,2,47,No,Medium,1,1
23,Male,Single,Hyderabad,Intern,0.9,16775,Large,Operations,28,0.5,Partial,7,10,Low,,6.5,3,Yes,Rarely,Travel_Rarely,6,1,1,1,Yes,4,3,2,3,0,0,0,0,159,55.4,6,5,0,5,26,No,Medium,1,1
22,Female,Married,Mumbai,Intern,0.5,17345,Small,Engineering,26,2.4,Partial,16,29,Medium,Migraine,6.2,3,No,Rarely,Non-Travel,16,1,4,1,Yes,3,2,2,2,1,0,0,0,12,57.1,5,7,1,4,14,Yes,Medium,1,1
26,Other,Divorced,Mumbai,Analyst,0.7,45363,Medium,Marketing,41,2.1,Yes,6,31,Low,Migraine,5.2,5,No,Sometimes,Travel_Rarely,25,1,3,1,No,3,3,2,2,1,0,0,1,119,57.6,1,1,0,5,24,No,Low,1,1
25,Female,Married,Bangalore,Intern,1.7,15335,Large,Engineering,26,2.1,Yes,13,21,Low,Migraine,6.0,5,Yes,Rarely,Travel_Rarely,7,1,4,1,No,3,3,2,3,2,2,2,1,124,40.5,8,6,3,3,56,Yes,Low,1,1
24,Male,Divorced,Hyderabad,Developer,1.7,116296,Small,Marketing,48,0.7,No,8,16,Medium,,5.5,5,Yes,Sometimes,Travel_Rarely,21,1,1,0,No,3,2,3,3,1,1,0,0,88,64.3,6,3,1,3,33,No,Medium,1,1
34,Female,Divorced,Kolkata,Analyst,4.1,59779,Medium,HR,42,1.5,Partial,7,8,Medium,Migraine,5.5,5,Yes,Sometimes,Travel_Rarely,3,1,4,0,No,3,3,1,1,3,2,0,2,72,45.4,1,7,0,3,31,Yes,Medium,1,1
60,Other,Married,Hyderabad,CEO,13.4,512945,Large,HR,64,1.4,Partial,14,2,High,Diabetes,5.0,3,Yes,Often,Travel_Rarely,7,2,4,0,Yes,3,2,3,3,11,7,1,9,67,49.3,9,8,2,5,25,No,Medium,1,1
20,Male,Single,Kolkata,Intern,0.1,16627,Small,HR,31,0.9,No,19,46,Low,,7.5,3,Yes,Rarely,Travel_Frequently,6,1,4,1,Yes,3,2,5,3,1,0,1,0,141,46.7,3,5,2,5,10,Yes,Medium,1,1
25,Other,Married,Pune,Designer,4.3,41905,Large,HR,48,0.6,Partial,14,14,Low,,6.2,5,No,Rarely,Travel_Rarely,8,2,2,0,No,4,3,4,3,3,2,1,2,100,54.9,9,5,3,6,62,No,Medium,1,1
23,Male,Married,Delhi,Intern,1.2,15172,Large,Operations,34,3.0,Partial,10,9,Low,,6.7,3,No,Rarely,Travel_Rarely,6,1,1,1,Yes,4,3,2,3,0,0,0,0,97,44.6,4,8,2,4,31,No,High,1,1
30,Other,Married,Pune,Developer,9.3,85346,Small,Operations,49,0.8,No,13,24,Low,,5.2,4,Yes,Sometimes,Travel_Frequently,26,2,1,5,No,3,3,5,2,6,3,0,1,10,50.7,3,3,0,3,24,Yes,Medium,1,1
24,Male,Single,Mumbai,Developer,3.6,84667,Small,HR,47,2.5,Yes,12,5,Low,,5.2,5,No,Sometimes,Travel_Rarely,3,2,3,0,No,4,1,2,2,3,2,0,2,104,37.6,7,7,0,6,37,Yes,Low,1,1
54,Other,Single,Delhi,CEO,3.1,550738,Large,Marketing,64,2.9,Yes,5,29,Medium,Hypertension,5.0,5,No,Often,Travel_Rarely,4,2,3,0,Yes,3,2,2,3,3,2,1,2,66,61.6,5,3,1,1,24,No,High,1,1
34,Male,Single,Mumbai,Analyst,4.6,45120,Small,Operations,42,1.9,Yes,20,36,Low,Migraine,5.0,5,Yes,Sometimes,Travel_Rarely,1,2,2,1,No,3,3,2,3,5,2,1,3,122,56.7,6,6,0,3,41,No,High,1,1
56,Male,Divorced,Mumbai,CEO,11.5,536502,Small,Operations,61,2.3,Yes,19,6,High,Diabetes,5.0,3,Yes,Often,Travel_Rarely,24,3,4,3,Yes,3,2,2,1,5,3,1,4,28,47.1,3,5,0,1,21,Yes,High,1,1
35,Male,Divorced,Mumbai,Analyst,10.6,56331,Small,Marketing,43,3.0,Yes,10,44,High,Hypertension,5.0,3,Yes,Sometimes,Travel_Rarely,16,3,2,1,No,3,4,3,1,11,8,3,3,136,45.3,7,4,0,2,37,No,High,1,1
21,Other,Married,Delhi,Intern,0.8,18107,Medium,HR,34,1.5,Yes,20,50,Low,,6.7,3,Yes,Rarely,Travel_Rarely,12,1,2,1,No,3,4,0,3,1,0,0,0,152,56.4,5,2,1,3,34,No,Medium,1,1
35,Other,Divorced,Pune,Analyst,6.0,50666,Large,Operations,41,0.9,Partial,8,46,Medium,,5.2,4,Yes,Sometimes,Travel_Rarely,16,1,2,0,No,3,3,5,3,5,4,0,3,75,42.9,8,3,0,1,72,Yes,Low,1,1
25,Other,Married,Kolkata,Intern,0.9,19370,Small,Engineering,30,0.6,Partial,6,47,Low,Migraine,7.5,5,No,Rarely,Travel_Rarely,19,1,2,1,Yes,3,3,2,3,1,0,0,0,169,51.3,7,4,2,5,73,Yes,Medium,1,1
34,Other,Single,Mumbai,Designer,4.7,45682,Small,Engineering,40,2.6,Yes,12,10,Medium,,5.0,5,Yes,Rarely,Travel_Rarely,1,2,2,1,No,3,3,2,3,5,2,1,3,8,61.6,3,4,0,2,51,No,Medium,1,1
25,Male,Married,Pune,Intern,3.9,15842,Small,Operations,26,1.0,Partial,14,5,Medium,Migraine,7.2,5,Yes,Rarely,Travel_Rarely,8,2,2,0,No,4,3,4,3,3,2,1,2,39,41.9,5,3,1,3,33,Yes,Low,1,1
35,Female,Single,Mumbai,Analyst,12.3,46993,Large,Marketing,45,1.9,Yes,12,34,High,Hypertension,5.0,3,Yes,Sometimes,Travel_Rarely,16,3,2,0,No,3,3,3,2,11,9,6,9,24,53.7,9,9,1,1,51,Yes,Low,1,1
22,Male,Divorced,Mumbai,Intern,0.5,19390,Medium,Marketing,30,2.1,Yes,11,41,Medium,,6.2,3,Yes,Rarely,Non-Travel,16,1,4,1,Yes,3,2,2,2,1,0,0,0,4,53.2,5,6,0,3,50,No,Medium,1,1
35,Male,Married,Mumbai,Designer,10.1,47856,Large,Engineering,43,1.8,Yes,7,5,High,Back Pain,5.0,3,No,Rarely,Non-Travel,11,3,1,2,Yes,3,3,3,3,4,0,2,3,138,49.0,6,5,0,2,26,Yes,Medium,1,1
35,Male,Single,Pune,Manager,0.8,268875,Medium,HR,60,0.6,No,20,49,Low,Migraine,5.0,5,No,Often,Travel_Rarely,4,1,4,1,No,3,3,3,3,1,0,0,0,123,45.0,4,3,0,2,2,No,Low,1,1
24,Male,Married,Mumbai,Developer,0.7,87549,Large,Operations,45,2.6,Partial,14,40,Low,,5.2,5,No,Sometimes,Travel_Rarely,17,1,2,1,No,4,4,2,3,1,0,0,0,37,62.1,6,7,5,4,0,Yes,Medium,1,1
29,Other,Single,Delhi,Analyst,0.9,55706,Small,HR,42,2.9,Yes,14,18,Low,Migraine,5.7,5,No,Sometimes,Travel_Rarely,10,1,3,1,No,3,3,6,3,1,0,0,0,71,44.0,6,5,0,2,33,No,High,1,1
23,Female,Divorced,Delhi,Intern,2.4,19706,Small,HR,35,2.8,Partial,18,16,Low,Migraine,6.7,3,No,Rarely,Travel_Rarely,10,1,3,1,No,3,4,3,3,2,2,0,2,132,31.9,5,5,1,5,25,No,Low,1,1
26,Female,Divorced,Mumbai,Developer,1.3,81075,Medium,HR,41,2.8,Yes,17,47,Low,Migraine,5.2,5,Yes,Sometimes,Travel_Rarely,25,1,3,1,No,3,3,2,2,1,0,0,1,175,56.4,6,4,3,2,24,No,High,1,1
22,Other,Divorced,Hyderabad,Intern,1.7,15633,Large,Marketing,26,0.6,Partial,6,19,Low,,6.5,4,Yes,Rarely,Travel_Rarely,19,1,4,1,No,4,1,6,3,2,2,2,2,89,38.0,4,4,2,3,19,No,Medium,1,1
35,Other,Married,Kolkata,Designer,0.7,46434,Large,Operations,40,1.2,Partial,6,2,Low,,5.5,5,No,Rarely,Travel_Rarely,4,1,4,1,No,3,3,3,3,1,0,0,0,145,56.9,4,6,2,2,18,Yes,Low,1,1
25,Other,Married,Delhi,Intern,4.5,15006,Small,Marketing,29,1.5,Yes,14,36,Medium,,6.7,3,Yes,Rarely,Travel_Rarely,1,2,3,0,No,3,4,3,3,4,2,1,2,36,63.3,7,5,1,2,48,No,Low,1,1
35,Other,Divorced,Bangalore,Analyst,4.9,54647,Large,Marketing,45,2.8,Partial,5,41,Low,Migraine,5.0,5,Yes,Sometimes,Travel_Frequently,1,1,1,4,No,3,4,2,2,3,2,1,2,59,56.3,7,4,1,2,0,Yes,Low,1,1
32,Male,Divorced,Hyderabad,Analyst,5.3,54909,Large,Marketing,45,0.7,Partial,8,20,Medium,Migraine,5.0,4,No,Sometimes,Travel_Frequently,7,1,2,1,No,4,3,3,1,5,1,0,3,175,60.7,5,3,0,2,47,No,Low,1,1
24,Other,Divorced,Delhi,Developer,3.2,95349,Small,Operations,46,1.9,Partial,18,2,Low,Migraine,5.7,5,Yes,Sometimes,Travel_Frequently,24,1,4,0,No,3,3,3,3,2,2,2,1,27,70.2,3,5,1,6,29,Yes,High,1,1
40,Female,Divorced,Delhi,Manager,19.1,265785,Medium,Operations,59,2.2,Yes,15,16,High,Hypertension,5.0,2,Yes,Often,Travel_Frequently,26,2,2,1,No,3,1,2,3,20,7,2,13,80,59.7,3,4,1,2,64,No,Medium,1,1
23,Female,Married,Pune,Intern,2.0,16978,Medium,Marketing,31,1.3,Partial,7,23,Low,,7.2,4,Yes,Rarely,Travel_Rarely,10,1,3,1,No,3,4,3,3,2,2,0,2,113,53.3,3,6,3,4,40,Yes,High,1,1
25,Female,Divorced,Hyderabad,Intern,1.1,15805,Large,Engineering,34,0.9,Partial,14,46,Medium,,6.5,4,Yes,Rarely,Travel_Rarely,19,1,2,1,Yes,3,3,2,3,1,0,0,0,39,66.3,2,5,1,2,0,No,Medium,1,1
27,Female,Divorced,Kolkata,Designer,6.6,40243,Small,Operations,43,0.8,No,12,40,Low,Migraine,6.5,4,No,Rarely,Travel_Rarely,9,1,2,1,No,3,4,2,2,7,7,0,3,44,67.5,6,3,0,0,0,No,Medium,1,1
59,Other,Married,Bangalore,CEO,3.9,584146,Medium,Marketing,65,2.3,Partial,18,14,Low,,5.0,5,Yes,Often,Travel_Frequently,2,1,4,9,Yes,3,4,3,2,1,0,0,0,61,67.7,3,2,0,6,12,Yes,Low,1,1
35,Other,Married,Mumbai,Manager,13.7,222666,Small,Operations,52,2.1,Yes,9,37,High,Hypertension,5.0,3,No,Often,Travel_Frequently,12,2,4,3,Yes,4,1,2,4,11,9,6,7,92,45.1,3,7,1,2,40,Yes,Medium,1,1
52,Male,Divorced,Delhi,CEO,5.9,505311,Medium,Operations,68,1.8,Yes,6,7,Medium,Diabetes,5.0,4,Yes,Often,Travel_Rarely,2,1,4,7,No,3,2,3,2,2,2,2,2,114,36.5,11,4,1,2,1,No,Medium,1,1
29,Female,Divorced,Mumbai,Analyst,8.4,55472,Large,Engineering,42,1.8,Yes,6,48,Low,,5.2,4,Yes,Sometimes,Travel_Rarely,19,2,4,4,No,3,2,2,4,3,2,1,2,66,44.5,4,3,1,1,37,No,Medium,1,1
30,Female,Married,Kolkata,Analyst,9.6,53041,Large,Marketing,44,1.1,Partial,8,35,Low,Migraine,5.5,4,No,Sometimes,Travel_Rarely,9,1,3,1,No,3,1,5,3,10,0,1,8,55,57.0,10,3,1,3,49,No,High,1,1
28,Male,Married,Hyderabad,Analyst,1.4,49641,Large,Operations,42,0.8,No,12,24,Low,Migraine,5.5,5,No,Sometimes,Travel_Rarely,10,1,2,1,No,4,2,5,3,1,0,0,0,39,51.6,8,5,1,5,24,No,Medium,1,1
42,Other,Single,Delhi,CEO,19.9,538463,Medium,Marketing,64,1.6,Partial,17,14,High,Hypertension,5.0,2,No,Often,Travel_Rarely,1,2,3,1,No,4,3,3,3,20,16,11,6,97,47.9,3,6,0,3,17,Yes,High,1,1
25,Male,Married,Kolkata,Intern,1.2,17882,Small,Engineering,33,1.4,Partial,13,39,Low,,7.5,3,Yes,Rarely,Travel_Rarely,19,1,2,1,Yes,3,3,2,3,1,0,0,0,39,55.6,7,6,1,1,0,No,Medium,1,1
27,Male,Single,Mumbai,Designer,3.0,45034,Small,Engineering,43,2.3,Yes,7,34,Medium,Migraine,5.2,5,No,Rarely,Non-Travel,8,1,3,1,No,3,4,4,3,3,2,1,2,90,35.3,5,4,0,0,65,No,Low,1,1
45,Male,Divorced,Delhi,CEO,22.9,538424,Medium,HR,66,2.1,Partial,18,8,High,Hypertension,5.0,1,No,Often,Non-Travel,6,3,4,6,No,3,4,2,3,19,7,12,8,32,51.4,3,4,2,1,72,No,Medium,1,1
34,Other,Divorced,Hyderabad,Designer,1.4,54851,Small,Engineering,48,1.3,Partial,8,24,Low,Migraine,5.0,5,Yes,Rarely,Travel_Rarely,10,1,2,1,No,3,2,3,3,1,0,1,0,5,61.2,5,3,0,3,59,No,Low,1,1
31,Male,Married,Kolkata,Analyst,8.5,51773,Large,HR,44,1.0,Partial,10,20,Low,Migraine,5.5,4,Yes,Sometimes,Travel_Frequently,3,3,3,9,No,3,1,3,3,2,2,2,2,146,55.5,6,4,0,3,29,No,Medium,1,1
33,Male,Married,Delhi,Analyst,5.9,45502,Medium,Engineering,41,2.5,Partial,12,30,Low,Migraine,5.0,4,Yes,Sometimes,Travel_Rarely,8,2,3,0,No,3,4,3,3,5,0,1,2,79,56.9,5,5,1,3,34,Yes,Medium,1,1
24,Male,Divorced,Bangalore,Intern,1.0,19697,Medium,Marketing,33,1.7,Yes,16,11,Low,Migraine,6.0,4,No,Rarely,Travel_Rarely,17,1,2,1,No,4,4,2,3,1,0,0,0,167,66.0,5,7,1,1,49,Yes,Low,1,1
29,Female,Married,Delhi,Developer,1.0,99166,Small,HR,50,2.4,Yes,16,11,Medium,,5.7,5,No,Sometimes,Travel_Rarely,10,1,3,1,No,3,3,6,3,1,0,0,0,91,49.3,2,4,1,4,38,No,Medium,1,1
42,Female,Divorced,Kolkata,CEO,3.3,563859,Small,HR,60,0.6,No,6,13,Low,,5.0,5,Yes,Often,Travel_Rarely,2,1,3,0,Yes,3,3,5,3,3,2,1,0,96,43.5,6,6,2,1,0,No,Low,1,1
25,Other,Married,Kolkata,Intern,0.8,17957,Medium,Engineering,31,1.4,No,18,18,Low,Migraine,7.5,3,No,Rarely,Travel_Rarely,19,1,2,1,Yes,3,3,2,3,1,0,0,0,58,61.9,5,6,0,2,53,Yes,Low,1,1
28,Female,Married,Pune,Analyst,7.6,53660,Small,Marketing,42,1.0,Partial,8,7,Medium,Migraine,6.2,4,Yes,Sometimes,Travel_Rarely,2,2,2,1,Yes,4,1,2,3,8,7,7,5,58,61.7,4,5,1,7,59,No,High,1,1
55,Female,Single,Kolkata,CEO,25.9,593826,Medium,Engineering,66,1.4,Partial,17,33,High,Arthritis,5.0,1,Yes,Often,Travel_Frequently,11,4,4,3,No,4,1,2,3,14,9,1,12,47,55.6,7,5,0,0,56,No,Medium,1,1
27,Other,Married,Hyderabad,Analyst,0.5,55783,Medium,Engineering,44,1.1,Partial,7,4,Medium,Migraine,5.5,5,Yes,Sometimes,Travel_Rarely,2,1,1,1,No,3,4,6,3,1,0,0,0,168,48.4,5,3,3,1,44,Yes,Low,1,1
24,Male,Married,Hyderabad,Developer,2.2,107404,Medium,Operations,43,1.0,Partial,20,24,Low,,5.5,5,No,Sometimes,Travel_Rarely,21,1,1,0,No,3,2,3,3,1,1,0,0,12,50.0,6,5,0,1,54,No,Medium,1,1
35,Female,Single,Delhi,Designer,7.8,41984,Large,HR,43,2.1,Yes,5,9,Low,Migraine,5.0,4,Yes,Rarely,Travel_Rarely,23,2,3,3,Yes,3,1,1,3,1,0,0,1,106,37.2,6,4,0,3,7,Yes,Medium,1,1
25,Other,Married,Pune,Intern,4.9,18946,Medium,Engineering,34,1.2,No,11,34,Medium,,7.2,5,Yes,Rarely,Travel_Rarely,1,2,3,0,No,3,4,3,3,4,2,1,2,44,61.1,6,7,1,3,33,Yes,Low,1,1
37,Male,Divorced,Delhi,Manager,13.4,245806,Small,Engineering,54,2.6,Partial,5,48,High,Hypertension,5.0,3,Yes,Often,Travel_Frequently,4,1,4,4,No,3,3,2,3,9,8,5,8,88,60.8,3,4,1,2,22,Yes,Medium,1,1
22,Female,Single,Hyderabad,Developer,1.3,92768,Small,Engineering,50,1.4,No,18,27,Medium,Migraine,5.5,5,Yes,Sometimes,Non-Travel,16,1,4,1,Yes,3,2,2,2,1,0,0,0,180,36.9,5,2,0,4,64,No,Medium,1,1
29,Male,Divorced,Mumbai,Developer,6.9,95885,Large,Marketing,50,2.5,Partial,18,32,Low,,5.2,4,Yes,Sometimes,Travel_Rarely,1,1,3,0,No,3,4,1,2,6,2,1,5,169,58.7,4,4,3,3,39,Yes,High,1,1
46,Male,Married,Mumbai,CEO,1.7,579885,Small,Engineering,67,2.6,Partial,16,44,Medium,Diabetes,5.0,5,Yes,Often,Travel_Rarely,2,1,3,1,No,3,4,3,3,1,0,0,0,99,54.0,8,4,1,1,32,No,Medium,1,1
31,Male,Single,Pune,Analyst,5.9,48998,Medium,Marketing,44,0.6,No,10,19,Low,,5.2,4,No,Sometimes,Non-Travel,1,2,3,0,No,3,4,2,3,5,4,1,4,154,39.8,3,6,0,2,15,No,Low,1,1
22,Other,Married,Mumbai,Developer,1.9,89258,Medium,Engineering,42,2.0,Partial,5,5,Low,,5.2,5,Yes,Sometimes,Travel_Rarely,19,1,4,1,No,4,1,6,3,2,2,2,2,165,37.9,2,7,1,3,14,Yes,Medium,1,1
27,Other,Divorced,Mumbai,Developer,3.1,83228,Large,Marketing,47,2.2,Yes,7,16,Low,Migraine,5.2,5,No,Sometimes,Non-Travel,8,1,3,1,No,3,4,4,3,3,2,1,2,6,53.7,1,9,0,3,12,No,Medium,1,1
35,Female,Married,Delhi,Analyst,13.8,53558,Medium,Operations,44,2.3,Yes,13,25,High,Diabetes,5.0,3,No,Sometimes,Travel_Frequently,12,2,4,3,Yes,4,1,2,4,11,9,6,7,132,46.0,7,4,0,4,50,No,Low,1,1
44,Male,Divorced,Delhi,CEO,16.8,570540,Small,Engineering,69,2.9,Yes,17,11,High,Hypertension,5.0,2,No,Often,Non-Travel,23,2,2,4,No,3,3,3,4,3,2,1,2,44,68.2,3,3,1,5,47,No,High,1,1
42,Other,Divorced,Bangalore,Manager,5.6,244029,Medium,Operations,57,2.3,Partial,20,49,Low,Back Pain,5.0,4,No,Often,Travel_Rarely,2,1,3,1,No,3,4,3,2,5,3,1,4,57,59.5,2,7,0,3,40,Yes,Low,1,1
36,Female,Divorced,Delhi,Manager,2.1,230885,Small,Marketing,54,2.8,Yes,20,20,Medium,,5.0,5,No,Often,Travel_Rarely,9,1,3,0,Yes,3,1,0,2,1,0,0,0,30,54.7,4,5,1,4,51,Yes,Low,1,1
31,Other,Married,Pune,Manager,8.3,287360,Medium,Marketing,52,1.4,Partial,11,30,Medium,Migraine,5.0,4,Yes,Often,Travel_Rarely,11,1,4,3,Yes,3,2,2,3,6,4,0,2,22,55.2,6,8,2,2,19,No,Low,1,1
29,Other,Married,Pune,Designer,1.0,48499,Medium,Operations,45,0.9,No,7,29,Low,,6.2,5,No,Rarely,Travel_Rarely,10,1,3,1,No,3,3,6,3,1,0,0,0,169,63.3,2,4,1,5,0,Yes,Medium,1,1
29,Male,Married,Mumbai,Developer,3.2,103991,Large,Operations,44,2.4,Partial,14,11,Low,Migraine,5.2,5,Yes,Sometimes,Travel_Frequently,20,1,4,1,No,3,2,5,3,3,1,0,2,137,58.5,7,7,1,1,49,Yes,Medium,1,1
35,Female,Married,Mumbai,Analyst,13.2,52323,Large,Operations,42,2.8,Partial,16,42,High,Arthritis,5.0,3,Yes,Sometimes,Travel_Frequently,12,2,4,3,Yes,4,1,2,4,11,9,6,7,159,55.0,4,8,2,4,34,No,Low,1,1
27,Male,Married,Kolkata,Analyst,4.0,48903,Large,Marketing,42,1.2,No,6,43,Medium,,6.5,5,No,Sometimes,Travel_Rarely,5,1,2,1,Yes,3,2,2,2,4,3,1,2,106,40.2,10,4,1,2,52,Yes,High,1,1
40,Female,Divorced,Kolkata,Manager,2.0,270507,Medium,Engineering,52,1.1,No,14,40,Low,Back Pain,5.0,5,No,Often,Travel_Frequently,9,1,2,8,Yes,3,4,2,3,1,1,0,0,180,80.0,8,3,1,4,44,No,Low,1,1
24,Other,Married,Delhi,Developer,1.3,82067,Small,HR,49,2.7,Yes,20,12,Medium,Migraine,5.7,5,Yes,Sometimes,Travel_Rarely,17,1,2,1,No,4,4,2,3,1,0,0,0,157,39.0,6,5,1,2,34,No,Low,1,1
53,Male,Married,Pune,CEO,17.3,511215,Small,Marketing,64,0.7,Partial,20,45,High,Diabetes,5.0,2,No,Often,Travel_Rarely,1,2,1,7,No,4,4,2,4,14,7,8,10,38,46.9,7,6,2,4,39,No,Low,1,1
31,Other,Single,Hyderabad,Designer,7.1,40528,Large,HR,42,1.1,Partial,14,38,Low,,5.0,4,Yes,Rarely,Travel_Rarely,12,1,4,8,Yes,4,3,0,3,4,2,0,2,158,33.5,3,7,2,2,63,No,High,1,1
30,Other,Divorced,Kolkata,Designer,9.1,45544,Medium,Engineering,43,1.1,Partial,12,39,Low,,5.5,4,No,Rarely,Travel_Frequently,26,2,1,5,No,3,3,5,2,6,3,0,1,81,55.4,4,7,0,2,29,No,Medium,1,1
55,Female,Single,Delhi,CEO,3.5,534975,Medium,Operations,69,2.7,Yes,19,19,Medium,Diabetes,5.0,5,No,Often,Travel_Rarely,4,2,3,0,Yes,3,2,2,3,3,2,1,2,99,51.5,8,5,1,5,50,No,Medium,1,1
31,Female,Divorced,Kolkata,Manager,2.2,297895,Large,HR,51,0.6,No,7,7,Low,,5.0,5,Yes,Often,Travel_Frequently,5,1,2,1,No,3,3,5,2,2,2,2,2,1,57.7,5,7,1,1,41,No,Low,1,1
28,Female,Married,Mumbai,Developer,3.5,103758,Medium,HR,42,3.0,Yes,16,26,Low,,5.2,5,Yes,Sometimes,Travel_Rarely,5,2,4,1,No,3,2,3,3,4,2,0,2,76,32.6,4,3,0,3,2,Yes,Medium,1,1
22,Female,Married,Pune,Developer,0.9,89147,Medium,HR,48,0.9,No,15,44,Medium,,6.2,5,Yes,Sometimes,Non-Travel,16,1,4,1,Yes,3,2,2,2,1,0,0,0,11,61.1,4,5,2,5,9,No,Medium,1,1
27,Female,Single,Pune,Analyst,5.6,50927,Large,Engineering,43,1.1,No,16,24,Medium,,6.2,4,No,Sometimes,Travel_Rarely,2,1,2,9,No,3,4,3,3,2,2,2,2,38,41.9,5,3,1,2,34,No,Medium,1,1
44,Female,Single,Kolkata,Manager,18.0,290925,Large,Operations,53,1.4,No,16,16,High,Back Pain,5.0,2,Yes,Often,Non-Travel,23,2,2,4,No,3,3,3,4,3,2,1,2,12,48.5,5,4,2,4,25,No,Low,1,1
29,Other,Married,Hyderabad,Designer,6.1,50362,Small,Marketing,49,1.4,No,12,15,Low,Migraine,5.5,4,Yes,Rarely,Travel_Rarely,2,1,2,0,No,4,4,3,3,5,4,0,4,45,59.3,4,5,0,2,16,No,High,1,1
30,Other,Married,Delhi,Analyst,8.3,47879,Medium,Operations,43,1.6,Partial,19,39,Low,Migraine,5.0,4,No,Sometimes,Travel_Rarely,5,1,1,5,No,3,4,3,3,3,2,2,2,154,52.6,3,5,0,2,56,No,Low,1,1
31,Male,Divorced,Bangalore,Manager,6.9,229222,Small,HR,58,2.5,Yes,18,8,Medium,,5.0,4,Yes,Often,Travel_Rarely,12,1,4,8,Yes,4,3,0,3,4,2,0,2,112,53.3,6,9,0,1,5,Yes,Medium,1,1
30,Female,Single,Mumbai,Developer,2.1,117424,Medium,Marketing,47,2.4,Yes,13,28,Low,Migraine,5.0,5,No,Sometimes,Travel_Frequently,4,1,4,9,Yes,4,3,4,3,1,0,0,0,16,58.0,8,3,0,6,31,Yes,Medium,1,1
31,Other,Single,Kolkata,Designer,1.6,53065,Large,Engineering,48,1.3,No,9,42,Low,Migraine,5.5,5,Yes,Rarely,Travel_Frequently,5,1,2,1,No,3,3,5,2,2,2,2,2,103,54.3,5,7,1,2,18,Yes,Medium,1,1
35,Male,Divorced,Pune,Manager,4.8,231020,Medium,Operations,60,1.2,Partial,6,35,Low,,5.0,5,No,Often,Travel_Frequently,1,1,1,4,No,3,4,2,2,3,2,1,2,97,46.6,5,4,2,3,65,Yes,Low,1,1
34,Female,Single,Pune,Analyst,4.4,46629,Large,Operations,43,0.7,Partial,10,43,Low,Migraine,5.2,5,No,Sometimes,Travel_Rarely,3,1,4,0,No,3,3,1,1,3,2,0,2,87,48.3,3,4,1,4,85,No,Low,1,1
32,Male,Single,Kolkata,Designer,8.7,54967,Large,HR,47,0.9,No,12,33,Low,,5.5,4,No,Rarely,Travel_Rarely,1,2,4,1,Yes,4,2,3,3,9,8,7,8,108,52.1,5,6,1,3,29,No,Medium,1,1
22,Female,Single,Hyderabad,Developer,0.9,88965,Medium,HR,40,0.5,No,17,41,Medium,Migraine,5.5,5,Yes,Sometimes,Non-Travel,16,1,4,1,Yes,3,2,2,2,1,0,0,0,162,41.0,5,4,1,3,52,Yes,High,1,1
30,Male,Divorced,Hyderabad,Developer,7.7,110645,Small,Engineering,44,1.4,Partial,8,18,Low,Migraine,5.0,4,Yes,Sometimes,Travel_Rarely,5,1,1,5,No,3,4,3,3,3,2,2,2,69,60.0,10,7,2,3,60,No,High,1,1
45,Male,Divorced,Kolkata,CEO,18.8,570742,Medium,Engineering,60,1.2,No,15,25,High,Back Pain,5.0,2,Yes,Often,Travel_Rarely,9,3,1,4,Yes,3,3,2,3,5,4,0,2,157,52.9,4,7,0,4,53,Yes,Low,1,1
25,Other,Divorced,Pune,Designer,2.5,46262,Large,Operations,46,1.0,No,8,49,Medium,Migraine,6.2,5,No,Rarely,Travel_Rarely,7,1,4,1,No,3,3,2,3,2,2,2,1,73,50.7,4,5,0,4,51,No,Low,1,1
34,Male,Single,Hyderabad,Analyst,14.0,54941,Medium,Marketing,40,1.1,No,5,41,High,Back Pain,5.0,3,Yes,Sometimes,Travel_Rarely,5,3,1,2,No,3,4,6,3,11,10,5,8,62,61.9,9,3,1,3,0,No,Medium,1,1
35,Other,Single,Kolkata,Manager,1.4,224040,Medium,Operations,60,1.4,Partial,20,17,Low,,5.0,5,Yes,Often,Travel_Rarely,4,1,4,1,No,3,3,3,3,1,0,0,0,155,48.8,5,6,0,6,59,No,Medium,1,1
33,Other,Married,Pune,Analyst,11.7,59826,Large,Marketing,44,1.4,No,20,29,High,Back Pain,5.2,3,Yes,Sometimes,Travel_Frequently,5,3,2,6,No,3,2,2,3,10,6,8,8,59,48.2,4,6,2,3,42,Yes,Medium,1,1
20,Female,Married,Pune,Intern,0.1,16220,Small,Marketing,32,1.3,No,20,20,Low,,7.2,4,No,Rarely,Travel_Frequently,6,1,4,1,Yes,3,2,5,3,1,0,1,0,78,45.2,2,3,1,2,30,No,Medium,1,1
24,Male,Divorced,Bangalore,Intern,3.4,17722,Small,HR,27,2.7,Yes,15,49,Low,,6.0,4,No,Rarely,Travel_Frequently,24,1,4,0,No,3,3,3,3,2,2,2,1,36,53.4,4,4,0,2,33,No,Medium,1,1
33,Male,Divorced,Bangalore,Designer,8.4,42358,Small,Engineering,43,2.8,Yes,15,45,Low,Migraine,5.0,4,Yes,Rarely,Travel_Frequently,3,1,3,1,Yes,3,3,3,3,8,7,3,0,21,53.1,4,6,3,2,40,No,Medium,1,1
28,Male,Single,Bangalore,Developer,5.6,87421,Small,Marketing,50,2.6,Yes,10,14,Low,,5.0,4,Yes,Sometimes,Travel_Rarely,24,1,3,5,Yes,3,2,4,3,4,2,0,3,147,43.3,5,8,1,5,30,No,Low,1,1
22,Male,Married,Pune,Intern,1.6,16695,Large,HR,27,0.8,No,17,48,Medium,Migraine,7.2,3,Yes,Rarely,Travel_Rarely,19,1,4,1,No,4,1,6,3,2,2,2,2,95,48.2,2,8,0,5,28,Yes,Medium,1,1
33,Male,Divorced,Mumbai,Manager,12.1,265975,Small,Engineering,60,2.0,Yes,6,3,High,Diabetes,5.0,3,No,Often,Travel_Frequently,5,3,2,6,No,3,2,2,3,10,6,8,8,67,43.4,8,1,1,1,15,Yes,Medium,1,1
26,Male,Single,Bangalore,Developer,5.4,117767,Medium,HR,40,3.0,Partial,10,37,Medium,,5.0,4,Yes,Sometimes,Travel_Rarely,23,2,4,7,Yes,3,3,2,2,2,2,0,0,16,43.0,3,3,1,1,45,Yes,High,1,1
22,Male,Divorced,Kolkata,Intern,1.1,19707,Medium,Operations,34,0.7,Partial,20,7,Low,Migraine,7.5,4,Yes,Rarely,Non-Travel,16,1,4,1,Yes,3,2,2,2,1,0,0,0,11,32.7,5,4,0,1,32,No,Low,1,1
33,Other,Single,Bangalore,Designer,6.1,47152,Large,Operations,47,2.7,Yes,7,22,Medium,,5.0,4,No,Rarely,Travel_Rarely,8,2,3,0,No,3,4,3,3,5,0,1,2,149,47.7,4,9,1,5,19,No,Low,1,1
33,Male,Single,Bangalore,Analyst,9.4,48664,Large,HR,45,2.4,Partial,18,23,Medium,,5.0,4,No,Sometimes,Travel_Frequently,10,2,4,3,No,3,3,6,2,7,7,0,1,144,33.0,5,8,1,3,37,Yes,High,1,1
30,Male,Divorced,Delhi,Developer,3.9,88590,Large,HR,50,2.0,Yes,14,13,Medium,Migraine,5.0,5,Yes,Sometimes,Non-Travel,25,2,3,7,Yes,3,2,2,4,2,2,2,2,137,45.4,7,7,2,4,36,Yes,Medium,1,1
24,Male,Married,Bangalore,Developer,3.8,91148,Medium,Marketing,48,2.2,Yes,14,9,Medium,Migraine,5.0,5,No,Sometimes,Travel_Rarely,3,2,3,0,No,4,1,2,2,3,2,0,2,117,43.9,6,6,1,1,45,No,High,1,1
36,Male,Divorced,Hyderabad,Manager,14.5,273603,Large,Marketing,58,0.7,No,13,46,High,Diabetes,5.0,3,No,Often,Travel_Rarely,12,3,4,0,No,3,2,2,2,14,8,7,8,21,60.5,7,3,1,3,34,No,Medium,1,1
35,Other,Single,Mumbai,Analyst,3.1,48604,Small,HR,41,3.0,Partial,7,25,Low,Migraine,5.0,5,No,Sometimes,Travel_Rarely,8,1,4,1,No,3,2,1,2,3,2,0,2,119,39.9,3,3,1,4,47,No,High,1,1
25,Female,Divorced,Delhi,Intern,4.1,19301,Medium,HR,25,2.4,Partial,18,19,Medium,,6.7,3,No,Rarely,Travel_Rarely,8,2,2,0,No,4,3,4,3,3,2,1,2,49,42.4,8,3,1,0,30,Yes,Low,1,1
41,Female,Divorced,Mumbai,Manager,8.9,251151,Medium,HR,52,2.4,Yes,6,33,Medium,Hypertension,5.0,4,No,Often,Travel_Rarely,1,2,4,8,Yes,3,1,0,1,6,4,0,5,13,46.2,3,2,0,4,31,No,Low,1,1
23,Male,Married,Pune,Intern,0.7,18619,Small,HR,32,0.6,No,17,38,Medium,,7.2,4,Yes,Rarely,Travel_Rarely,6,1,1,1,Yes,4,3,2,3,0,0,0,0,174,44.2,6,4,1,3,41,Yes,High,1,1
27,Female,Divorced,Mumbai,Developer,5.8,116580,Large,HR,41,1.5,Yes,5,25,Medium,Migraine,5.2,4,No,Sometimes,Travel_Rarely,2,1,2,9,No,3,4,3,3,2,2,2,2,28,63.7,6,4,1,4,43,No,High,1,1
35,Male,Divorced,Pune,Manager,5.1,216572,Large,Engineering,56,0.7,No,9,46,Low,,5.0,4,Yes,Often,Travel_Frequently,1,1,1,4,No,3,4,2,2,3,2,1,2,163,38.6,6,4,2,3,59,No,Medium,1,1
20,Female,Divorced,Bangalore,Intern,0.2,16278,Medium,Operations,27,1.5,Yes,6,43,Low,,6.0,3,No,Rarely,Travel_Frequently,6,1,4,1,Yes,3,2,5,3,1,0,1,0,179,46.2,3,3,0,1,56,No,Medium,1,1
35,Other,Divorced,Pune,Manager,10.0,278518,Small,Engineering,59,1.0,No,18,9,Medium,Migraine,5.0,3,No,Often,Non-Travel,11,3,1,2,Yes,3,3,3,3,4,0,2,3,124,53.3,1,7,2,2,34,No,High,1,1
34,Female,Divorced,Pune,Designer,13.8,50690,Small,HR,44,0.9,No,7,39,High,Hypertension,5.2,3,No,Rarely,Travel_Rarely,5,3,1,2,No,3,4,6,3,11,10,5,8,6,58.8,6,5,1,3,7,Yes,Low,1,1
27,Male,Single,Pune,Designer,1.9,48411,Small,HR,48,1.1,No,12,49,Low,,6.2,5,No,Rarely,Travel_Rarely,2,1,1,1,No,3,4,6,3,1,0,0,0,28,46.2,5,8,1,1,49,No,Medium,1,1
50,Male,Married,Delhi,CEO,14.2,515026,Large,Engineering,69,1.6,Partial,8,49,High,Hypertension,5.0,3,No,Often,Travel_Frequently,2,3,2,2,No,3,2,5,3,4,2,3,2,138,30.8,2,5,1,2,46,No,Low,1,1
24,Other,Divorced,Kolkata,Intern,4.0,19017,Large,Engineering,28,1.1,No,14,37,Medium,,7.5,5,Yes,Rarely,Travel_Rarely,3,2,3,0,No,4,1,2,2,3,2,0,2,32,48.5,4,8,0,4,39,No,Low,1,1
26,Male,Single,Pune,Designer,4.6,49596,Large,HR,41,0.6,No,15,43,Low,Migraine,6.2,5,No,Rarely,Travel_Rarely,23,2,4,7,Yes,3,3,2,2,2,2,0,0,133,63.5,10,2,1,5,50,Yes,Medium,1,1
35,Male,Single,Pune,Manager,11.5,284042,Medium,Operations,54,1.3,No,11,3,High,Arthritis,5.0,3,No,Often,Travel_Rarely,16,3,2,0,No,3,3,3,2,11,9,6,9,110,52.8,3,6,1,3,28,No,High,1,1
42,Female,Single,Kolkata,Manager,4.4,218656,Large,Marketing,56,1.2,No,7,20,Low,Hypertension,5.0,5,Yes,Often,Travel_Rarely,2,1,3,0,Yes,3,3,5,3,3,2,1,0,78,52.4,11,6,1,1,3,No,Medium,1,1
28,Male,Single,Pune,Analyst,4.7,46897,Large,HR,44,1.2,No,8,10,Medium,Migraine,6.2,5,No,Sometimes,Non-Travel,4,2,3,1,No,3,2,3,4,5,4,0,4,159,39.4,2,5,0,5,18,Yes,High,1,1
45,Other,Married,Bangalore,CEO,21.5,540846,Small,Marketing,67,2.3,Partial,5,2,High,Hypertension,5.0,1,No,Often,Non-Travel,2,4,4,9,No,4,4,1,3,20,8,11,8,178,38.3,3,5,0,4,0,No,Low,1,1
33,Other,Single,Delhi,Analyst,12.4,54667,Small,Marketing,44,3.0,Yes,10,12,High,Diabetes,5.0,3,Yes,Sometimes,Travel_Frequently,5,3,2,6,No,3,2,2,3,10,6,8,8,57,50.2,3,11,0,5,44,No,Medium,1,1
30,Other,Divorced,Pune,Manager,6.8,267243,Small,Engineering,59,1.1,Partial,11,48,Low,,5.0,4,No,Often,Travel_Rarely,1,1,3,3,No,4,3,2,3,2,2,0,2,25,35.7,2,2,0,3,34,Yes,Low,1,1
30,Male,Divorced,Hyderabad,Manager,8.4,200081,Large,HR,59,1.3,No,7,36,Medium,,5.0,4,No,Often,Travel_Rarely,5,1,1,5,No,3,4,3,3,3,2,2,2,173,57.8,3,6,2,4,52,No,Low,1,1
57,Male,Divorced,Bangalore,CEO,1.2,520550,Large,Operations,62,2.5,Partial,9,45,Medium,Back Pain,5.0,5,Yes,Often,Travel_Rarely,23,1,3,1,No,3,4,3,3,2,2,2,2,28,41.5,6,4,2,3,50,No,Low,1,1
23,Male,Divorced,Mumbai,Intern,2.9,15237,Small,Operations,33,2.3,Partial,18,14,Medium,,6.2,3,Yes,Rarely,Travel_Rarely,2,1,1,3,No,3,3,3,3,0,0,0,0,3,49.8,6,5,1,2,25,No,Low,1,1
35,Male,Married,Bangalore,Manager,5.4,257190,Medium,Operations,54,2.2,Yes,13,7,Medium,,5.0,4,Yes,Often,Travel_Frequently,1,1,1,4,No,3,4,2,2,3,2,1,2,98,31.1,7,6,1,1,19,No,Medium,1,1
28,Male,Married,Mumbai,Developer,7.7,118199,Small,Marketing,45,2.2,Partial,17,39,Low,Migraine,5.2,4,Yes,Sometimes,Travel_Rarely,2,2,2,1,Yes,4,1,2,3,8,7,7,5,140,46.1,3,1,0,2,19,No,Low,1,1
30,Other,Married,Hyderabad,Designer,6.5,40368,Small,HR,46,0.9,No,8,44,Low,Migraine,5.0,4,Yes,Rarely,Travel_Rarely,2,1,4,0,No,3,4,3,3,5,3,1,2,38,38.1,5,5,2,2,73,No,Medium,1,1
20,Female,Married,Hyderabad,Intern,0.4,19015,Small,Operations,25,1.1,No,5,19,Low,,6.5,5,Yes,Rarely,Travel_Frequently,6,1,4,1,Yes,3,2,5,3,1,0,1,0,14,30.0,2,6,1,2,32,Yes,High,1,1
24,Male,Single,Hyderabad,Intern,3.2,16621,Medium,Marketing,28,0.9,No,6,36,Low,,6.5,4,No,Rarely,Travel_Frequently,24,1,4,0,No,3,3,3,3,2,2,2,1,118,55.4,5,5,1,5,30,No,Medium,1,1
26,Female,Single,Delhi,Designer,4.7,43047,Medium,HR,48,2.5,Yes,5,22,Medium,Migraine,5.7,5,Yes,Rarely,Travel_Rarely,23,2,4,7,Yes,3,3,2,2,2,2,0,0,28,66.4,4,4,0,4,41,No,High,1,1
35,Other,Divorced,Bangalore,Manager,12.6,250827,Large,Operations,60,2.9,Yes,17,30,High,Arthritis,5.0,3,Yes,Often,Travel_Frequently,12,2,4,3,Yes,4,1,2,4,11,9,6,7,156,61.3,1,6,0,3,3,No,High,1,1
24,Other,Divorced,Mumbai,Developer,1.8,87949,Medium,Operations,49,2.3,Partial,11,12,Low,,5.2,5,No,Sometimes,Travel_Rarely,21,1,1,0,No,3,2,3,3,1,1,0,0,74,56.8,3,3,1,3,27,No,Medium,1,1
54,Other,Single,Kolkata,CEO,25.8,554919,Small,Operations,66,1.5,Partial,7,22,High,Back Pain,5.0,1,No,Often,Travel_Frequently,11,4,4,3,No,4,1,2,3,14,9,1,12,115,45.9,3,3,2,2,18,No,Medium,1,1
20,Male,Single,Delhi,Intern,0.4,17502,Small,Marketing,34,2.0,Yes,18,41,Medium,Migraine,6.7,4,No,Rarely,Travel_Frequently,6,1,4,1,Yes,3,2,5,3,1,0,1,0,31,58.1,8,5,1,2,14,Yes,Medium,1,1
36,Female,Married,Bangalore,Manager,1.9,223935,Large,Marketing,50,2.9,Partial,9,10,Low,Migraine,5.0,5,Yes,Often,Travel_Rarely,9,1,3,0,Yes,3,1,0,2,1,0,0,0,129,62.2,10,7,1,3,30,No,Low,1,1
27,Female,Married,Pune,Developer,6.8,89217,Large,Operations,45,1.3,No,20,35,Low,,6.2,4,Yes,Sometimes,Travel_Rarely,9,1,2,1,No,3,4,2,2,7,7,0,3,174,51.4,4,5,0,0,36,No,High,1,1
25,Other,Divorced,Mumbai,Analyst,3.6,50664,Medium,Operations,41,1.5,Partial,8,45,Low,Migraine,5.2,5,Yes,Sometimes,Travel_Rarely,8,2,2,0,No,4,3,4,3,3,2,1,2,83,38.2,5,8,1,2,10,No,Medium,1,1
51,Female,Single,Bangalore,CEO,22.3,577621,Large,Engineering,62,2.5,Partial,10,15,High,Back Pain,5.0,1,Yes,Often,Travel_Frequently,1,3,1,3,No,4,3,1,2,13,12,12,8,21,45.0,6,8,4,3,28,No,Low,1,1
34,Female,Married,Bangalore,Analyst,6.4,51491,Large,Marketing,44,1.8,Partial,20,7,Medium,,5.0,4,Yes,Sometimes,Travel_Frequently,2,1,3,6,No,3,4,3,3,4,3,1,2,26,67.0,3,2,1,4,37,Yes,Medium,1,1
24,Female,Divorced,Kolkata,Intern,1.6,19182,Small,Operations,26,0.5,No,11,44,Medium,Migraine,7.5,5,Yes,Rarely,Travel_Rarely,21,1,1,0,No,3,2,3,3,1,1,0,0,80,49.3,11,3,0,4,44,No,Medium,1,1
20,Other,Single,Pune,Intern,0.1,15866,Large,Engineering,25,1.2,No,17,49,Medium,Migraine,7.2,5,Yes,Rarely,Travel_Frequently,6,1,4,1,Yes,3,2,5,3,1,0,1,0,125,30.0,5,5,2,1,30,No,Medium,1,1
58,Other,Married,Kolkata,CEO,22.4,535151,Small,Operations,64,1.3,No,17,13,High,Back Pain,5.0,1,Yes,Often,Travel_Frequently,15,4,3,2,Yes,3,2,3,3,2,2,2,2,91,35.3,5,4,0,1,42,No,Low,1,1
27,Other,Divorced,Pune,Developer,2.6,109604,Small,Operations,48,1.3,No,5,29,Low,,6.2,5,Yes,Sometimes,Non-Travel,8,1,3,1,No,3,4,4,3,3,2,1,2,20,45.8,3,4,0,3,28,Yes,Medium,1,1
35,Female,Married,Delhi,Analyst,1.6,58809,Small,Operations,43,2.5,Yes,15,2,Low,Migraine,5.0,5,No,Sometimes,Travel_Rarely,2,1,4,1,No,3,1,3,3,2,2,2,2,46,60.4,7,4,0,2,61,No,Medium,1,1
40,Female,Married,Hyderabad,Manager,8.0,255488,Large,Operations,56,0.8,No,8,3,Low,Back Pain,5.0,4,Yes,Often,Travel_Rarely,22,2,3,2,Yes,3,1,6,3,6,4,1,0,100,47.3,2,4,1,3,46,No,High,1,1
31,Male,Married,Pune,Analyst,2.4,46114,Small,Engineering,40,1.3,Partial,20,19,Medium,Migraine,5.2,5,No,Sometimes,Travel_Frequently,5,1,2,1,No,3,3,5,2,2,2,2,2,83,60.5,5,6,1,7,22,No,High,1,1
34,Male,Married,Mumbai,Designer,8.2,43813,Large,Engineering,48,2.7,Yes,9,14,Low,Migraine,5.0,4,No,Rarely,Travel_Rarely,6,1,1,2,No,3,3,2,3,4,2,1,3,5,44.7,4,3,0,3,25,No,Medium,1,1
32,Female,Single,Pune,Designer,11.6,44729,Medium,Operations,48,1.5,No,10,49,High,Arthritis,5.2,3,No,Rarely,Travel_Rarely,6,2,3,1,No,3,1,0,3,11,8,5,7,146,30.4,6,4,1,0,43,No,Low,1,1
24,Male,Married,Pune,Developer,1.1,88000,Large,Operations,47,0.9,No,20,40,Medium,,6.2,5,Yes,Sometimes,Travel_Rarely,17,1,2,1,No,4,4,2,3,1,0,0,0,130,45.1,4,4,0,2,24,Yes,Low,1,1
29,Male,Single,Mumbai,Developer,1.8,113523,Large,Operations,47,1.8,Yes,15,14,Medium,Migraine,5.2,5,Yes,Sometimes,Travel_Rarely,10,1,2,1,No,3,4,2,3,2,2,2,2,0,53.4,5,6,3,6,0,No,Medium,1,1
42,Other,Divorced,Bangalore,Manager,3.7,281108,Small,Marketing,59,2.3,Partial,9,31,Medium,Hypertension,5.0,5,No,Often,Travel_Rarely,2,1,3,0,Yes,3,3,5,3,3,2,1,0,57,52.6,3,6,1,4,41,No,Medium,1,1
42,Other,Divorced,Mumbai,Manager,20.3,236154,Medium,Marketing,50,1.6,Yes,13,21,High,Diabetes,5.0,1,No,Often,Travel_Rarely,1,2,3,1,No,4,3,3,3,20,16,11,6,123,37.4,5,5,1,1,27,No,Low,1,1
28,Female,Divorced,Pune,Analyst,5.4,54661,Small,Operations,45,1.0,Partial,19,12,Medium,,6.2,4,Yes,Sometimes,Non-Travel,4,2,3,1,No,3,2,3,4,5,4,0,4,165,46.5,6,8,1,1,49,Yes,Medium,1,1
34,Female,Married,Bangalore,Analyst,3.2,59863,Medium,HR,43,2.8,Partial,13,28,Medium,Migraine,5.0,5,Yes,Sometimes,Travel_Rarely,19,1,4,0,No,3,3,2,3,2,2,1,2,14,76.8,3,6,0,1,36,No,Medium,1,1
59,Female,Divorced,Mumbai,CEO,5.5,547201,Medium,HR,66,2.9,Partial,18,21,Low,Back Pain,5.0,4,No,Often,Travel_Rarely,3,1,4,3,No,3,1,6,3,1,0,0,0,161,37.7,7,4,0,2,48,No,Medium,1,1
28,Other,Single,Hyderabad,Analyst,0.9,49540,Large,Marketing,42,1.4,No,13,14,Low,Migraine,5.5,5,Yes,Sometimes,Travel_Rarely,10,1,2,1,No,4,2,5,3,1,0,0,0,162,56.6,4,6,2,5,85,Yes,Low,1,1
25,Other,Married,Delhi,Intern,1.2,17210,Small,Engineering,32,2.4,Yes,6,6,Low,,6.7,4,Yes,Rarely,Travel_Rarely,19,1,2,1,Yes,3,3,2,3,1,0,0,0,63,30.0,2,11,0,2,61,Yes,Low,1,1
30,Male,Single,Delhi,Designer,7.2,45427,Large,Engineering,42,2.7,Partial,20,7,Medium,Migraine,5.0,4,Yes,Rarely,Travel_Rarely,1,1,3,3,No,4,3,2,3,2,2,0,2,24,58.6,12,3,1,2,28,No,Medium,1,1
21,Female,Single,Hyderabad,Intern,0.5,17805,Small,Operations,29,1.0,Partial,16,29,Medium,Migraine,6.5,4,Yes,Rarely,Travel_Rarely,15,1,4,1,No,3,4,6,3,0,0,0,0,23,41.1,4,2,0,4,43,No,Medium,1,1
26,Female,Divorced,Mumbai,Developer,5.7,93161,Medium,Engineering,47,1.6,Yes,14,23,Medium,,5.2,4,No,Sometimes,Travel_Frequently,1,2,2,1,No,4,1,6,1,6,5,1,4,11,54.0,2,4,2,3,37,No,Medium,1,1
35,Female,Married,Bangalore,Analyst,3.9,57745,Medium,Engineering,45,2.8,Partial,19,37,Low,,5.0,5,Yes,Sometimes,Travel_Rarely,23,1,1,3,Yes,3,3,3,3,2,2,2,2,17,37.1,7,6,1,1,40,No,Medium,1,1
28,Other,Divorced,Pune,Designer,4.9,54874,Small,Engineering,45,0.7,Partial,19,25,Medium,,6.2,5,No,Rarely,Non-Travel,4,2,3,1,No,3,2,3,4,5,4,0,4,14,52.9,1,6,1,2,4,No,High,1,1
27,Male,Divorced,Hyderabad,Designer,6.6,51302,Small,Operations,44,1.2,Partial,16,12,Medium,Migraine,5.5,4,Yes,Rarely,Travel_Rarely,9,1,2,1,No,3,4,2,2,7,7,0,3,26,40.9,0,4,1,5,56,No,Low,1,1
33,Female,Divorced,Mumbai,Manager,5.7,246161,Medium,Engineering,51,2.2,Yes,12,31,Medium,Migraine,5.0,4,Yes,Often,Travel_Rarely,8,2,3,0,No,3,4,3,3,5,0,1,2,71,42.8,3,6,0,5,0,Yes,Low,1,1
27,Other,Divorced,Kolkata,Designer,5.1,44790,Large,Operations,43,0.7,No,6,6,Medium,Migraine,6.5,4,No,Rarely,Travel_Rarely,2,2,3,1,Yes,3,1,3,3,5,4,0,4,59,54.4,10,5,0,5,35,Yes,Medium,1,1
32,Male,Married,Hyderabad,Analyst,6.5,51968,Large,Operations,45,0.5,Partial,18,20,Low,,5.0,4,Yes,Sometimes,Travel_Rarely,5,1,2,0,Yes,3,4,5,2,6,2,0,5,173,45.7,2,7,1,2,0,No,High,1,1
30,Female,Divorced,Hyderabad,Manager,9.8,294932,Medium,HR,51,1.0,Partial,6,50,Low,,5.0,4,No,Often,Travel_Rarely,9,1,3,1,No,3,1,5,3,10,0,1,8,144,53.8,9,4,1,2,21,No,Medium,1,1
30,Female,Divorced,Delhi,Designer,5.1,52736,Large,HR,47,2.2,Partial,16,8,Medium,,5.0,4,No,Rarely,Travel_Rarely,18,1,3,1,No,3,3,4,2,5,4,0,4,92,48.1,3,3,2,5,39,No,Medium,1,1
27,Male,Single,Hyderabad,Designer,2.8,48204,Large,Marketing,47,1.4,Partial,20,23,Medium,,5.5,5,Yes,Rarely,Non-Travel,8,1,3,1,No,3,4,4,3,3,2,1,2,52,50.7,6,6,1,4,52,No,Low,1,1
30,Male,Married,Mumbai,Designer,5.2,44876,Large,Engineering,42,2.7,Partial,12,46,Medium,,5.0,4,No,Rarely,Travel_Rarely,18,1,3,1,No,3,3,4,2,5,4,0,4,7,54.5,5,5,1,5,55,No,Medium,1,1
45,Female,Married,Mumbai,Manager,2.8,267549,Medium,Marketing,54,1.9,Yes,18,33,Low,,5.0,5,No,Often,Travel_Rarely,2,1,3,1,No,3,4,3,3,1,0,0,0,78,46.5,3,3,1,3,31,Yes,Medium,1,1
27,Female,Divorced,Mumbai,Analyst,5.5,53253,Large,Marketing,41,2.4,Partial,12,28,Medium,Migraine,5.2,4,Yes,Sometimes,Travel_Rarely,2,1,2,9,No,3,4,3,3,2,2,2,2,26,40.0,8,9,1,2,55,No,Medium,1,1
44,Other,Married,Mumbai,CEO,19.7,588075,Medium,Marketing,70,2.9,Yes,18,5,High,Hypertension,5.0,2,Yes,Often,Travel_Rarely,29,2,4,1,No,4,2,3,3,20,11,13,17,173,44.7,4,5,2,1,34,No,Medium,1,1
34,Other,Married,Mumbai,Analyst,10.0,55186,Medium,Operations,42,1.9,Partial,7,17,Low,Migraine,5.0,3,No,Sometimes,Non-Travel,23,2,3,0,No,4,3,2,3,9,5,8,7,49,62.0,5,3,0,2,21,No,Low,1,1
35,Other,Divorced,Bangalore,Manager,8.6,292661,Medium,Operations,55,1.5,Yes,9,5,Medium,Migraine,5.0,4,No,Often,Travel_Frequently,18,3,1,1,No,4,4,3,2,9,8,1,8,130,51.2,4,13,1,5,42,No,Low,1,1
28,Other,Married,Pune,Developer,2.9,119990,Small,HR,47,1.2,No,8,33,Medium,Migraine,6.2,5,Yes,Sometimes,Travel_Frequently,6,1,3,1,Yes,3,4,2,3,3,1,0,2,92,41.6,4,6,0,2,17,No,Low,1,1
31,Female,Divorced,Hyderabad,Manager,1.9,257797,Small,Engineering,58,0.9,Partial,17,17,Low,,5.0,5,No,Often,Travel_Frequently,5,1,2,1,No,3,3,5,2,2,2,2,2,171,54.0,3,7,0,1,32,Yes,Medium,1,1
36,Male,Married,Pune,Manager,0.8,284628,Medium,Engineering,54,1.1,Partial,14,22,Medium,,5.0,5,No,Often,Travel_Rarely,4,1,4,1,No,3,3,3,3,1,0,0,0,180,54.7,5,4,2,4,25,No,Low,1,1
27,Male,Divorced,Delhi,Analyst,4.1,46236,Medium,Operations,40,2.0,Yes,19,18,Low,,5.7,5,Yes,Sometimes,Travel_Rarely,5,1,2,1,Yes,3,2,2,2,4,3,1,2,23,55.2,3,5,2,6,4,No,Medium,1,1
44,Male,Married,Delhi,CEO,22.4,531665,Medium,Engineering,70,2.6,Partial,7,31,High,Hypertension,5.0,1,Yes,Often,Travel_Rarely,28,4,4,3,Yes,3,3,2,3,12,11,11,11,59,40.2,7,4,1,6,42,No,Medium,1,1
24,Female,Divorced,Delhi,Developer,0.6,91335,Small,HR,49,2.5,Partial,5,35,Low,Migraine,5.7,5,Yes,Sometimes,Travel_Rarely,17,1,2,1,No,4,4,2,3,1,0,0,0,121,43.2,2,7,1,4,38,No,Low,1,1
52,Female,Married,Hyderabad,CEO,24.2,514864,Medium,Marketing,69,0.9,Partial,9,43,High,Back Pain,5.0,1,No,Often,Travel_Frequently,28,4,3,2,Yes,3,2,3,2,5,3,0,2,130,43.2,7,7,0,4,58,Yes,Medium,1,1
39,Female,Married,Delhi,Manager,4.5,253539,Large,HR,55,2.8,Partial,6,27,Medium,,5.0,5,No,Often,Non-Travel,9,2,4,9,No,3,4,5,1,3,2,0,2,147,46.4,4,3,0,3,0,No,High,1,1
45,Female,Single,Pune,CEO,3.0,585878,Small,Marketing,60,1.1,No,15,44,Medium,Diabetes,5.0,5,Yes,Often,Travel_Frequently,26,2,1,2,No,3,4,4,3,1,1,0,0,45,55.4,3,1,0,2,21,No,Medium,1,1
28,Female,Single,Delhi,Analyst,2.3,51157,Small,Operations,40,2.4,Partial,12,45,Low,Migraine,5.7,5,Yes,Sometimes,Travel_Rarely,5,1,3,1,Yes,3,3,3,2,2,2,2,2,14,53.0,3,7,2,1,58,Yes,Medium,1,1
22,Other,Divorced,Hyderabad,Developer,0.8,118279,Medium,Engineering,41,1.2,No,7,42,Low,,5.5,5,Yes,Sometimes,Non-Travel,16,1,4,1,Yes,3,2,2,2,1,0,0,0,152,53.8,8,5,0,2,46,No,Medium,1,1
30,Other,Married,Mumbai,Manager,9.4,261263,Large,Marketing,50,2.6,Partial,12,31,Low,,5.0,4,Yes,Often,Travel_Frequently,26,2,1,5,No,3,3,5,2,6,3,0,1,16,63.5,10,5,1,2,49,No,Medium,1,1
36,Other,Single,Hyderabad,Manager,12.7,235101,Small,HR,55,1.3,Partial,6,43,High,Back Pain,5.0,3,Yes,Often,Travel_Frequently,3,1,2,4,No,3,3,3,2,8,7,7,2,125,56.9,5,7,0,2,64,No,Low,1,1
41,Female,Single,Hyderabad,Manager,13.8,203150,Medium,Engineering,50,1.1,No,16,3,High,Diabetes,5.0,3,No,Often,Travel_Rarely,8,2,2,5,No,4,3,3,3,5,4,1,4,83,48.6,8,2,2,5,20,No,Low,1,1
30,Female,Divorced,Delhi,Manager,0.9,254487,Small,HR,51,2.3,Partial,10,30,Medium,,5.0,5,Yes,Often,Travel_Rarely,24,1,3,1,No,4,2,2,3,1,0,0,0,8,38.2,1,5,1,2,18,Yes,Low,1,1
53,Female,Single,Hyderabad,CEO,12.4,589873,Medium,Marketing,64,0.8,No,17,32,High,Arthritis,5.0,3,No,Often,Travel_Rarely,6,2,3,2,Yes,4,4,3,1,7,7,4,5,165,42.9,6,3,1,4,52,No,Medium,1,1
24,Other,Married,Bangalore,Intern,3.8,18605,Medium,HR,33,2.0,Partial,7,7,Low,,6.0,3,Yes,Rarely,Travel_Rarely,3,2,3,0,No,4,1,2,2,3,2,0,2,175,47.4,2,4,0,5,48,Yes,Low,1,1
23,Male,Single,Mumbai,Intern,1.1,16445,Small,HR,26,1.6,Yes,6,14,Medium,,6.2,5,No,Rarely,Travel_Rarely,6,1,1,1,Yes,4,3,2,3,0,0,0,0,62,58.3,4,1,2,1,32,No,High,1,1
22,Female,Single,Mumbai,Developer,0.8,108458,Large,Operations,42,1.7,Yes,7,35,Medium,Migraine,5.2,5,No,Sometimes,Non-Travel,16,1,4,1,Yes,3,2,2,2,1,0,0,0,116,49.7,4,7,0,2,32,No,High,1,1
32,Male,Divorced,Hyderabad,Manager,8.3,290097,Medium,Engineering,50,0.5,Partial,16,48,Low,Migraine,5.0,4,Yes,Often,Travel_Frequently,2,1,4,0,No,3,3,2,2,7,7,3,6,129,43.4,8,4,3,5,16,No,Medium,1,1
43,Female,Married,Bangalore,CEO,19.6,530787,Large,Engineering,64,1.9,Yes,9,45,High,Arthritis,5.0,2,Yes,Often,Travel_Rarely,6,2,3,1,Yes,3,1,3,1,20,7,1,8,87,42.7,7,4,2,1,67,No,Medium,1,1
23,Female,Divorced,Pune,Intern,0.9,19123,Medium,HR,28,0.9,Partial,7,50,Low,Migraine,7.2,5,Yes,Rarely,Travel_Rarely,6,1,1,1,Yes,4,3,2,3,0,0,0,0,71,49.3,4,6,0,6,76,No,Low,1,1
30,Female,Single,Bangalore,Analyst,7.8,51562,Medium,HR,40,1.8,Yes,13,29,Low,,5.0,4,No,Sometimes,Travel_Rarely,5,1,1,5,No,3,4,3,3,3,2,2,2,138,58.9,7,3,0,1,57,Yes,Medium,1,1
30,Male,Single,Kolkata,Developer,8.3,82890,Medium,Engineering,47,0.8,Partial,6,42,Low,,5.5,4,No,Sometimes,Travel_Rarely,5,1,1,5,No,3,4,3,3,3,2,2,2,63,65.9,5,2,1,2,48,Yes,High,1,1
29,Female,Single,Pune,Designer,7.6,46712,Large,HR,45,0.5,Partial,7,16,Low,Migraine,6.2,4,No,Rarely,Travel_Rarely,19,2,4,4,No,3,2,2,4,3,2,1,2,71,47.9,7,9,0,8,47,Yes,Low,1,1
35,Other,Divorced,Delhi,Designer,3.9,50686,Small,HR,40,2.0,Partial,14,32,Medium,Migraine,5.0,5,No,Rarely,Travel_Rarely,23,1,1,3,Yes,3,3,3,3,2,2,2,2,20,49.6,3,3,1,6,42,Yes,Low,1,1
32,Female,Single,Kolkata,Designer,11.7,50018,Large,Marketing,40,0.5,No,12,9,High,Arthritis,5.5,3,No,Rarely,Travel_Rarely,6,2,3,1,No,3,1,0,3,11,8,5,7,17,37.9,4,5,1,1,0,No,Low,1,1
25,Other,Married,Kolkata,Intern,4.2,18603,Large,Marketing,29,1.1,Partial,12,31,Low,Migraine,7.5,4,No,Rarely,Travel_Rarely,8,2,2,0,No,4,3,4,3,3,2,1,2,63,69.4,8,5,1,1,25,No,Medium,1,1
35,Male,Single,Delhi,Designer,14.4,47700,Small,Operations,40,2.4,Partial,19,39,High,Back Pain,5.0,3,No,Rarely,Travel_Rarely,1,2,3,9,No,3,3,2,3,11,9,6,9,81,36.0,7,4,1,5,51,No,Low,1,1
36,Female,Single,Kolkata,Manager,7.9,221857,Small,Operations,56,1.1,Partial,6,20,Low,Migraine,5.0,4,No,Often,Travel_Frequently,18,1,4,1,No,3,1,2,3,8,1,1,7,109,61.7,2,3,3,4,18,No,Medium,1,1
22,Other,Single,Hyderabad,Developer,1.6,91050,Medium,HR,49,0.8,Partial,6,13,Low,,5.5,5,Yes,Sometimes,Travel_Rarely,19,1,4,1,No,4,1,6,3,2,2,2,2,94,46.3,2,4,1,4,38,Yes,Medium,1,1
22,Male,Single,Mumbai,Intern,1.3,18151,Medium,Operations,34,2.0,Yes,13,36,Medium,Migraine,6.2,5,Yes,Rarely,Non-Travel,16,1,4,1,Yes,3,2,2,2,1,0,0,0,165,44.0,6,4,3,1,58,No,Low,1,1
20,Other,Single,Hyderabad,Intern,0.4,15875,Large,Marketing,35,0.9,No,6,27,Low,,6.5,3,No,Rarely,Travel_Frequently,6,1,4,1,Yes,3,2,5,3,1,0,1,0,31,38.9,8,5,1,1,58,No,Medium,1,1
28,Male,Divorced,Kolkata,Designer,3.6,51548,Large,Engineering,45,0.7,No,7,7,Medium,,6.5,5,No,Rarely,Travel_Rarely,5,2,4,1,No,3,2,3,3,4,2,0,2,10,74.1,4,6,2,4,54,Yes,Low,1,1
33,Female,Divorced,Delhi,Manager,11.1,202622,Small,Engineering,52,1.6,Yes,15,39,High,Arthritis,5.0,3,No,Often,Travel_Rarely,16,3,1,2,Yes,4,3,2,2,0,0,0,0,44,52.2,6,6,3,4,41,No,Low,1,1
27,Male,Married,Bangalore,Designer,2.3,49908,Small,Marketing,46,2.6,Partial,12,10,Low,,5.0,5,Yes,Rarely,Non-Travel,8,1,3,1,No,3,4,4,3,3,2,1,2,32,50.2,8,4,2,0,51,Yes,Low,1,1
31,Other,Married,Mumbai,Designer,6.6,50807,Small,Engineering,44,1.5,Yes,15,17,Medium,Migraine,5.0,4,Yes,Rarely,Travel_Rarely,12,1,4,8,Yes,4,3,0,3,4,2,0,2,101,58.9,6,4,3,2,30,No,Medium,1,1
23,Other,Single,Pune,Developer,0.8,103281,Large,Operations,44,1.0,No,17,9,Medium,Migraine,6.2,5,No,Sometimes,Travel_Rarely,6,1,1,1,Yes,4,3,2,3,0,0,0,0,168,43.5,4,4,0,0,69,No,High,1,1
55,Male,Divorced,Mumbai,CEO,22.9,510022,Large,Operations,66,2.9,Partial,13,2,High,Arthritis,5.0,1,Yes,Often,Travel_Frequently,2,3,2,3,No,3,2,4,3,3,2,1,2,135,50.0,6,6,1,3,3,No,Low,1,1
31,Female,Married,Pune,Designer,8.3,42498,Medium,Engineering,46,1.4,Partial,9,15,Low,,5.2,4,No,Rarely,Travel_Rarely,11,1,4,3,Yes,3,2,2,3,6,4,0,2,10,50.6,6,8,2,2,36,No,Low,1,1
30,Male,Divorced,Kolkata,Analyst,8.9,46183,Large,Marketing,42,0.5,Partial,5,22,Low,Migraine,5.5,4,Yes,Sometimes,Travel_Frequently,26,2,1,5,No,3,3,5,2,6,3,0,1,178,44.9,4,2,1,2,26,No,High,1,1
27,Other,Single,Mumbai,Developer,3.6,81275,Medium,Operations,46,2.4,Partial,17,22,Medium,Migraine,5.2,5,No,Sometimes,Travel_Rarely,5,1,2,1,Yes,3,2,2,2,4,3,1,2,87,62.0,4,6,0,2,49,No,Medium,1,1
28,Male,Married,Pune,Designer,2.8,44735,Small,HR,43,1.3,Partial,6,19,Low,Migraine,6.2,5,Yes,Rarely,Travel_Frequently,6,1,3,1,Yes,3,4,2,3,3,1,0,2,40,47.8,5,4,2,5,28,No,Low,1,1
50,Male,Married,Mumbai,CEO,5.4,504163,Large,Engineering,67,2.9,Partial,19,12,Low,Diabetes,5.0,4,No,Often,Travel_Rarely,1,1,3,2,No,3,4,2,2,3,2,0,2,144,34.5,9,3,0,6,83,Yes,Medium,1,1
25,Male,Married,Hyderabad,Designer,3.0,41668,Medium,Engineering,48,0.6,Partial,8,24,Low,,5.5,5,Yes,Rarely,Travel_Rarely,7,1,4,1,No,3,3,2,3,2,2,2,1,75,47.0,5,4,0,2,53,No,High,1,1
47,Other,Married,Hyderabad,CEO,23.7,508625,Large,Marketing,63,0.9,No,7,10,High,Back Pain,5.0,1,No,Often,Travel_Rarely,1,3,1,1,No,4,3,2,3,24,13,15,7,120,52.5,6,2,0,5,15,No,Low,1,1
29,Male,Married,Bangalore,Analyst,3.2,58247,Small,HR,44,1.8,Partial,20,6,Medium,,5.0,5,No,Sometimes,Travel_Frequently,20,1,4,1,No,3,2,5,3,3,1,0,2,45,41.1,9,6,1,5,0,No,Low,1,1
27,Other,Single,Bangalore,Developer,3.5,99070,Small,HR,48,2.8,Yes,8,46,Low,,5.0,5,No,Sometimes,Travel_Rarely,5,1,2,1,Yes,3,2,2,2,4,3,1,2,159,41.9,3,4,1,6,12,Yes,Low,1,1
24,Male,Single,Hyderabad,Intern,1.1,16460,Small,Marketing,34,1.3,No,7,12,Low,Migraine,6.5,5,No,Rarely,Travel_Rarely,17,1,2,1,No,4,4,2,3,1,0,0,0,79,44.5,10,4,1,3,46,Yes,Medium,1,1
24,Male,Divorced,Pune,Intern,1.9,15257,Medium,Operations,27,1.2,No,6,16,Medium,Migraine,7.2,4,No,Rarely,Travel_Rarely,21,1,1,0,No,3,2,3,3,1,1,0,0,53,62.2,7,8,2,1,30,No,Low,1,1
24,Male,Divorced,Delhi,Developer,3.2,105358,Medium,Marketing,40,1.5,Yes,20,20,Low,Migraine,5.7,5,Yes,Sometimes,Travel_Frequently,24,1,4,0,No,3,3,3,3,2,2,2,1,85,45.1,6,7,3,3,24,Yes,High,1,1
40,Male,Divorced,Kolkata,CEO,8.4,509179,Medium,Marketing,70,0.8,Partial,10,2,Low,Diabetes,5.0,4,Yes,Often,Travel_Rarely,22,2,3,2,Yes,3,1,6,3,6,4,1,0,91,64.3,5,2,1,0,21,No,Medium,1,1
30,Female,Single,Delhi,Analyst,5.7,47934,Medium,Marketing,40,2.7,Partial,8,49,Medium,Migraine,5.0,4,Yes,Sometimes,Travel_Rarely,2,1,4,0,No,3,4,3,3,5,3,1,2,147,43.9,5,3,3,4,52,Yes,Medium,1,1
26,Other,Single,Hyderabad,Analyst,4.2,49425,Small,Engineering,43,0.7,Partial,15,29,Low,,5.5,5,Yes,Sometimes,Travel_Rarely,23,2,4,7,Yes,3,3,2,2,2,2,0,0,160,53.3,9,7,1,3,28,Yes,Low,1,1
30,Female,Divorced,Hyderabad,Manager,6.4,204852,Large,Operations,55,0.6,No,16,24,Medium,,5.0,4,No,Often,Travel_Rarely,2,1,4,0,No,3,4,3,3,5,3,1,2,167,45.5,7,4,0,5,26,Yes,High,1,1
25,Male,Single,Bangalore,Designer,4.1,51465,Small,Engineering,49,2.7,Partial,20,21,Low,Migraine,5.0,5,No,Rarely,Travel_Rarely,8,2,2,0,No,4,3,4,3,3,2,1,2,159,57.5,7,4,0,1,55,No,Medium,1,1
30,Female,Married,Bangalore,Developer,6.3,102483,Small,Marketing,41,1.7,Yes,13,5,Medium,Migraine,5.0,4,Yes,Sometimes,Travel_Rarely,2,1,4,0,No,3,4,3,3,5,3,1,2,96,38.8,5,7,2,1,66,No,Medium,1,1
30,Female,Divorced,Delhi,Developer,9.1,110354,Large,Operations,47,2.2,Yes,10,26,Medium,Migraine,5.0,4,No,Sometimes,Travel_Frequently,26,2,1,5,No,3,3,5,2,6,3,0,1,1,57.4,2,5,1,3,13,No,High,1,1
42,Female,Divorced,Hyderabad,CEO,9.7,555999,Large,Marketing,66,1.1,No,17,5,Medium,Hypertension,5.0,4,No,Often,Travel_Rarely,8,2,2,0,No,3,4,2,3,9,7,4,2,32,51.1,5,10,3,2,59,No,High,1,1
29,Other,Single,Pune,Analyst,1.2,47140,Large,Marketing,42,0.8,Partial,19,15,Low,,6.2,5,Yes,Sometimes,Travel_Rarely,10,1,3,1,No,3,3,6,3,1,0,0,0,157,43.6,4,8,2,2,33,No,Medium,1,1
44,Other,Divorced,Hyderabad,CEO,8.8,586463,Medium,Marketing,67,1.0,Partial,18,41,Medium,Hypertension,5.0,4,No,Often,Travel_Rarely,10,2,4,2,Yes,3,4,5,4,4,2,1,3,160,48.3,7,7,1,1,53,No,Medium,1,1
22,Other,Married,Hyderabad,Intern,0.7,18665,Large,Operations,31,1.5,Partial,8,12,Low,,6.5,5,No,Rarely,Non-Travel,16,1,4,1,Yes,3,2,2,2,1,0,0,0,76,65.3,3,3,0,4,48,No,Low,1,1
30,Other,Single,Pune,Manager,3.3,210711,Medium,Marketing,58,0.9,No,8,11,Low,,5.0,5,Yes,Often,Travel_Frequently,4,1,4,9,Yes,4,3,4,3,1,0,0,0,115,51.4,3,6,1,2,35,Yes,High,1,1
40,Male,Married,Delhi,Manager,6.0,205100,Large,Operations,57,1.8,Partial,20,16,Medium,,5.0,4,No,Often,Travel_Rarely,1,2,4,2,Yes,4,3,2,2,4,3,0,2,153,43.0,6,5,0,5,36,Yes,High,1,1
24,Male,Married,Kolkata,Developer,2.9,89629,Small,Marketing,44,0.5,Partial,12,12,Medium,Migraine,6.5,5,No,Sometimes,Travel_Frequently,24,1,4,0,No,3,3,3,3,2,2,2,1,149,38.0,3,2,2,5,48,No,Low,1,1
49,Female,Married,Delhi,CEO,4.2,581359,Large,HR,63,2.6,Yes,10,10,Low,Diabetes,5.0,5,No,Often,Travel_Rarely,8,1,2,7,No,3,4,2,3,2,2,2,2,102,55.1,5,4,1,2,13,Yes,Medium,1,1
32,Other,Single,Bangalore,Designer,2.9,50989,Small,Operations,42,1.9,Partial,6,19,Low,Migraine,5.0,5,No,Rarely,Travel_Rarely,1,1,2,0,No,3,2,2,3,2,2,2,2,165,52.0,3,9,2,3,12,No,Medium,1,1
59,Other,Divorced,Hyderabad,CEO,21.0,554396,Medium,Operations,66,1.0,No,10,39,High,Back Pain,5.0,1,Yes,Often,Travel_Frequently,1,2,3,7,No,3,4,2,2,4,3,1,3,102,57.0,8,6,0,4,77,No,Low,1,1
28,Male,Married,Hyderabad,Analyst,4.4,45497,Medium,Operations,44,1.2,No,18,15,Medium,Migraine,5.5,5,Yes,Sometimes,Travel_Rarely,5,2,4,1,No,3,2,3,3,4,2,0,2,89,35.4,3,5,0,4,58,No,Medium,1,1
28,Male,Single,Bangalore,Developer,5.0,96726,Medium,Engineering,47,2.3,Partial,17,7,Medium,,5.0,4,No,Sometimes,Non-Travel,4,2,3,1,No,3,2,3,4,5,4,0,4,173,38.3,7,4,1,3,55,No,Low,1,1
36,Male,Divorced,Pune,Manager,7.6,271887,Large,Engineering,50,0.7,Partial,8,30,Low,Migraine,5.0,4,No,Often,Travel_Frequently,18,1,4,1,No,3,1,2,3,8,1,1,7,121,61.5,5,4,0,4,32,No,Medium,1,1
26,Female,Married,Kolkata,Developer,3.7,85769,Small,HR,48,0.8,Partial,8,24,Low,,6.5,5,No,Sometimes,Travel_Rarely,23,1,4,1,No,4,2,3,1,3,2,0,2,142,53.3,6,3,0,4,2,Yes,Low,1,1
26,Male,Divorced,Bangalore,Designer,1.1,49340,Medium,Marketing,41,2.5,Yes,6,20,Low,Migraine,5.0,5,No,Rarely,Travel_Rarely,25,1,3,1,No,3,3,2,2,1,0,0,1,105,55.3,4,10,0,9,24,No,Medium,1,1
31,Male,Single,Pune,Designer,2.6,48415,Medium,Engineering,48,0.9,Partial,18,25,Medium,,5.2,5,No,Rarely,Travel_Rarely,2,1,4,0,Yes,3,2,2,1,2,2,2,2,118,40.4,6,6,0,5,43,Yes,Low,1,1
26,Female,Divorced,Hyderabad,Analyst,2.1,50905,Medium,HR,41,1.3,No,19,3,Low,,5.5,5,Yes,Sometimes,Travel_Rarely,23,1,4,1,No,4,2,3,1,3,2,0,2,171,40.2,7,3,2,2,58,No,Low,1,1
45,Male,Married,Bangalore,Manager,19.6,276184,Small,Marketing,50,2.0,Yes,12,50,High,Arthritis,5.0,2,No,Often,Travel_Rarely,9,2,2,8,No,3,3,2,1,17,9,0,15,48,59.9,10,2,2,2,44,Yes,Low,1,1
44,Other,Single,Delhi,CEO,2.1,529937,Medium,Operations,67,2.2,Partial,10,41,Medium,Back Pain,5.0,5,No,Often,Travel_Rarely,2,1,3,1,No,3,4,3,3,1,0,0,0,103,60.4,7,11,1,1,44,No,Medium,1,1
20,Male,Divorced,Delhi,Intern,0.4,19040,Medium,Engineering,28,1.9,Yes,15,45,Low,,6.7,4,No,Rarely,Travel_Frequently,6,1,4,1,Yes,3,2,5,3,1,0,1,0,60,39.1,6,8,2,3,32,Yes,Low,1,1
27,Other,Married,Hyderabad,Designer,4.6,40854,Medium,HR,49,0.6,Partial,20,45,Medium,Migraine,5.5,5,No,Rarely,Travel_Rarely,2,2,3,1,Yes,3,1,3,3,5,4,0,4,122,37.2,4,4,0,2,48,No,Medium,1,1
31,Other,Single,Hyderabad,Designer,6.1,45319,Medium,Operations,46,1.1,Partial,14,10,Medium,,5.0,4,Yes,Rarely,Non-Travel,1,2,3,0,No,3,4,2,3,5,4,1,4,133,48.9,6,2,0,5,17,No,Medium,1,1
25,Female,Married,Mumbai,Intern,3.8,15506,Medium,Operations,27,2.9,Yes,17,41,Low,,6.2,3,Yes,Rarely,Travel_Rarely,8,2,2,0,No,4,3,4,3,3,2,1,2,8,42.0,2,7,1,5,37,Yes,Medium,1,1
30,Other,Divorced,Delhi,Developer,2.7,100669,Small,HR,47,2.2,Partial,14,24,Low,,5.0,5,Yes,Sometimes,Travel_Frequently,4,1,4,9,Yes,4,3,4,3,1,0,0,0,5,41.8,2,1,1,1,30,No,Medium,1,1
33,Male,Single,Pune,Manager,8.0,280430,Medium,Operations,54,0.5,No,8,21,Low,Migraine,5.0,4,Yes,Often,Travel_Frequently,3,1,3,1,Yes,3,3,3,3,8,7,3,0,72,37.5,3,6,1,4,64,Yes,Low,1,1
31,Other,Single,Delhi,Manager,4.5,255654,Large,Engineering,56,2.3,Partial,13,19,Low,,5.0,5,Yes,Often,Travel_Rarely,26,1,3,1,No,3,4,1,2,5,2,4,3,102,45.3,9,3,1,2,0,No,Low,1,1
22,Other,Divorced,Mumbai,Intern,1.8,19016,Large,Marketing,35,2.9,Partial,18,33,Medium,,6.2,4,Yes,Rarely,Travel_Rarely,19,1,4,1,No,4,1,6,3,2,2,2,2,159,38.5,4,4,1,4,32,No,Low,1,1
29,Male,Married,Delhi,Analyst,5.3,50642,Medium,Operations,45,2.3,Yes,17,29,Low,Migraine,5.7,4,No,Sometimes,Travel_Rarely,1,1,3,6,Yes,3,3,3,3,3,2,0,2,40,39.0,7,10,1,2,40,No,Medium,1,1
52,Other,Married,Pune,CEO,5.7,512463,Small,Marketing,67,1.0,No,6,34,Low,,5.0,4,No,Often,Travel_Rarely,2,1,4,7,No,3,2,3,2,2,2,2,2,113,53.0,8,4,4,6,0,Yes,Medium,1,1
22,Male,Married,Bangalore,Intern,0.6,19252,Large,Marketing,32,2.7,Partial,6,26,Medium,Migraine,6.0,5,No,Rarely,Non-Travel,16,1,4,1,Yes,3,2,2,2,1,0,0,0,7,49.4,6,6,2,2,50,Yes,Low,1,1
27,Other,Divorced,Delhi,Designer,2.7,41721,Small,Marketing,50,2.0,Yes,6,2,Low,Migraine,5.7,5,No,Rarely,Non-Travel,8,1,3,1,No,3,4,4,3,3,2,1,2,71,54.8,3,6,0,4,32,No,Medium,1,1
27,Female,Married,Delhi,Developer,4.0,119913,Small,HR,47,2.0,Partial,18,22,Medium,Migraine,5.7,5,Yes,Sometimes,Travel_Rarely,5,1,2,1,Yes,3,2,2,2,4,3,1,2,177,33.5,6,4,0,5,16,No,Low,1,1
22,Female,Married,Delhi,Intern,1.8,16752,Medium,Engineering,30,2.0,Yes,13,29,Low,Migraine,6.7,5,Yes,Rarely,Travel_Rarely,19,1,4,1,No,4,1,6,3,2,2,2,2,91,50.1,3,6,1,5,55,No,Low,1,1
34,Other,Divorced,Kolkata,Designer,4.5,53318,Medium,HR,40,1.4,No,12,43,Low,,5.5,5,Yes,Rarely,Travel_Rarely,1,2,2,1,No,3,3,2,3,5,2,1,3,61,70.8,7,5,2,1,20,No,Medium,1,1
53,Male,Single,Kolkata,CEO,26.5,598012,Small,Engineering,70,1.3,Partial,12,13,High,Back Pain,5.0,1,No,Often,Travel_Rarely,5,5,3,4,No,3,4,3,2,14,13,4,8,83,46.3,6,5,0,2,51,No,Low,1,1
30,Other,Divorced,Hyderabad,Manager,8.8,273223,Medium,HR,57,0.5,Partial,18,48,Medium,Migraine,5.0,4,No,Often,Travel_Frequently,26,2,1,5,No,3,3,5,2,6,3,0,1,61,58.2,2,3,0,0,39,No,Medium,1,1
22,Other,Single,Hyderabad,Developer,1.8,104553,Small,Engineering,43,1.4,No,18,27,Low,,5.5,5,No,Sometimes,Travel_Rarely,19,1,4,1,No,4,1,6,3,2,2,2,2,110,58.2,1,4,0,8,27,Yes,High,1,1
49,Female,Married,Pune,CEO,25.7,579178,Large,Marketing,61,1.0,No,14,10,High,Back Pain,5.0,1,Yes,Often,Travel_Rarely,7,3,3,8,No,4,3,2,3,5,2,0,0,126,58.7,2,7,0,6,15,Yes,Low,1,1
35,Male,Married,Hyderabad,Manager,5.6,271688,Medium,Engineering,56,0.6,Partial,9,49,Medium,,5.0,4,Yes,Often,Travel_Rarely,16,1,2,0,No,3,3,5,3,5,4,0,3,6,51.7,5,5,2,1,21,Yes,Medium,1,1
23,Other,Divorced,Bangalore,Developer,1.4,84466,Small,Engineering,50,2.1,Yes,9,2,Low,Migraine,5.0,5,Yes,Sometimes,Travel_Rarely,6,1,1,1,Yes,4,3,2,3,0,0,0,0,83,55.7,4,1,1,4,53,Yes,High,1,1
28,Male,Divorced,Pune,Developer,5.3,112112,Small,Engineering,48,1.2,No,15,49,Medium,,6.2,4,No,Sometimes,Non-Travel,4,2,3,1,No,3,2,3,4,5,4,0,4,131,57.0,5,5,0,1,58,No,Low,1,1
23,Female,Divorced,Mumbai,Developer,2.0,86138,Large,Operations,43,2.9,Partial,17,19,Low,,5.2,5,No,Sometimes,Travel_Rarely,10,1,3,1,No,3,4,3,3,2,2,0,2,133,56.4,8,2,1,2,49,No,Medium,1,1
23,Other,Married,Delhi,Intern,1.9,17209,Small,Operations,35,2.3,Partial,9,8,Low,Migraine,6.7,5,No,Rarely,Travel_Rarely,10,1,3,1,No,3,4,3,3,2,2,0,2,57,38.8,4,6,2,5,34,No,Low,1,1
27,Other,Single,Kolkata,Developer,2.0,99973,Large,Operations,48,1.1,No,13,44,Low,Migraine,6.5,5,No,Sometimes,Travel_Rarely,2,1,1,1,No,3,4,6,3,1,0,0,0,21,32.9,6,6,1,3,49,Yes,Medium,1,1
27,Other,Married,Delhi,Designer,5.6,42597,Medium,Engineering,41,1.8,Partial,12,3,Low,Migraine,5.7,4,Yes,Rarely,Travel_Rarely,2,1,2,9,No,3,4,3,3,2,2,2,2,153,34.5,3,7,3,1,41,No,Medium,1,1
33,Female,Single,Bangalore,Manager,1.4,208715,Medium,Engineering,59,1.9,Yes,16,21,Low,Migraine,5.0,5,Yes,Often,Travel_Rarely,5,1,3,1,Yes,3,2,2,3,1,0,0,0,126,47.3,4,5,0,4,23,No,Medium,1,1
23,Other,Married,Hyderabad,Intern,0.7,16074,Medium,Engineering,30,1.3,No,14,11,Low,Migraine,6.5,4,Yes,Rarely,Travel_Rarely,6,1,1,1,Yes,4,3,2,3,0,0,0,0,2,55.9,8,3,3,3,17,No,Medium,1,1
45,Other,Married,Hyderabad,CEO,20.3,576511,Large,Marketing,68,1.3,No,7,27,High,Diabetes,5.0,1,Yes,Often,Travel_Rarely,9,2,2,8,No,3,3,2,1,17,9,0,15,126,39.0,5,3,2,2,29,No,Medium,1,1
32,Other,Single,Mumbai,Manager,7.5,261039,Medium,HR,60,2.2,Yes,14,28,Medium,,5.0,4,Yes,Often,Travel_Frequently,2,1,4,0,No,3,3,2,2,7,7,3,6,40,59.2,7,5,1,3,22,Yes,Low,1,1
25,Female,Single,Pune,Intern,3.1,15194,Large,HR,34,1.5,Partial,12,4,Low,,7.2,3,No,Rarely,Travel_Rarely,8,2,2,0,No,4,3,4,3,3,2,1,2,105,45.0,2,2,0,3,38,No,High,1,1
28,Male,Single,Bangalore,Analyst,2.6,54951,Medium,HR,40,2.4,Yes,19,12,Medium,Migraine,5.0,5,No,Sometimes,Travel_Frequently,6,1,3,1,Yes,3,4,2,3,3,1,0,2,13,45.1,5,2,0,1,67,No,Low,1,1
52,Male,Married,Bangalore,CEO,24.9,586187,Medium,Marketing,62,2.8,Yes,13,31,High,Hypertension,5.0,1,No,Often,Travel_Frequently,28,4,3,2,Yes,3,2,3,2,5,3,0,2,11,41.6,10,8,2,1,41,No,Low,1,1
28,Female,Single,Mumbai,Designer,1.6,50669,Medium,Marketing,47,2.3,Yes,18,48,Low,,5.2,5,No,Rarely,Travel_Rarely,5,1,3,1,Yes,3,3,3,2,2,2,2,2,86,31.2,4,7,0,4,64,Yes,High,1,1
29,Female,Single,Hyderabad,Analyst,8.4,45324,Medium,Operations,44,0.7,Partial,5,18,Medium,Migraine,5.5,4,Yes,Sometimes,Travel_Rarely,19,2,4,4,No,3,2,2,4,3,2,1,2,11,52.3,5,4,0,5,35,No,High,1,1
43,Male,Married,Mumbai,Manager,4.2,270239,Medium,Engineering,59,2.9,Yes,8,5,Low,Diabetes,5.0,5,Yes,Often,Travel_Rarely,8,2,2,4,No,4,3,2,4,1,0,0,0,140,67.1,3,6,1,6,32,No,Medium,1,1
30,Female,Single,Kolkata,Developer,3.9,81646,Small,Engineering,50,0.8,Partial,10,33,Medium,,5.5,5,No,Sometimes,Non-Travel,25,2,3,7,Yes,3,2,2,4,2,2,2,2,24,49.4,3,3,1,1,5,No,Low,1,1
35,Female,Divorced,Bangalore,Manager,13.3,231282,Small,HR,53,2.8,Partial,12,45,High,Diabetes,5.0,3,No,Often,Travel_Frequently,12,2,4,3,Yes,4,1,2,4,11,9,6,7,44,31.5,8,6,2,3,48,Yes,High,1,1
31,Other,Married,Pune,Analyst,2.3,45449,Medium,Operations,45,0.8,No,15,35,Low,Migraine,5.2,5,No,Sometimes,Travel_Frequently,5,1,2,1,No,3,3,5,2,2,2,2,2,121,57.8,3,9,3,3,22,No,Medium,1,1
22,Other,Divorced,Bangalore,Intern,0.9,17211,Medium,Operations,30,2.4,Yes,20,3,Medium,,6.0,4,Yes,Rarely,Non-Travel,16,1,4,1,Yes,3,2,2,2,1,0,0,0,146,33.8,7,6,1,1,18,Yes,Medium,1,1
33,Other,Married,Bangalore,Analyst,9.3,50144,Large,Operations,45,1.5,Partial,16,5,Medium,,5.0,4,No,Sometimes,Travel_Frequently,10,2,4,3,No,3,3,6,2,7,7,0,1,54,37.9,8,3,2,4,15,No,High,1,1
21,Female,Single,Bangalore,Intern,1.0,16136,Medium,Operations,35,1.9,Partial,6,14,Medium,Migraine,6.0,4,Yes,Rarely,Travel_Rarely,12,1,2,1,No,3,4,0,3,1,0,0,0,99,47.6,4,6,2,1,42,No,Low,1,1
35,Other,Divorced,Pune,Analyst,11.4,58712,Small,HR,42,0.8,No,10,36,High,Hypertension,5.2,3,Yes,Sometimes,Travel_Rarely,16,3,2,1,No,3,4,3,1,11,8,3,3,172,51.2,5,6,1,3,23,No,Medium,1,1
49,Other,Married,Hyderabad,CEO,21.4,590620,Large,Marketing,68,1.4,No,9,47,High,Diabetes,5.0,1,Yes,Often,Travel_Frequently,10,5,1,9,Yes,3,4,4,3,3,2,1,2,135,39.9,6,8,2,3,68,Yes,Medium,1,1
30,Male,Single,Hyderabad,Analyst,5.3,55335,Medium,Operations,43,1.3,No,7,35,Medium,Migraine,5.0,4,Yes,Sometimes,Travel_Rarely,18,1,3,1,No,3,3,4,2,5,4,0,4,118,47.2,1,6,1,7,57,Yes,Medium,1,1
31,Female,Divorced,Bangalore,Analyst,3.6,46863,Large,Operations,40,2.4,Yes,9,34,Low,Migraine,5.0,5,Yes,Sometimes,Travel_Rarely,20,2,3,3,Yes,3,3,2,3,2,2,2,2,52,57.2,2,3,1,5,24,No,Low,1,1
26,Female,Divorced,Mumbai,Developer,4.3,85193,Medium,Marketing,48,2.6,Partial,9,7,Medium,,5.2,5,No,Sometimes,Travel_Rarely,23,2,4,7,Yes,3,3,2,2,2,2,0,0,31,58.5,3,5,1,2,0,No,Low,1,1
26,Female,Single,Kolkata,Developer,5.4,108771,Large,Operations,40,0.8,Partial,11,23,Medium,,6.5,4,Yes,Sometimes,Travel_Rarely,23,2,4,7,Yes,3,3,2,2,2,2,0,0,50,62.5,4,7,4,7,37,No,Medium,1,1
32,Other,Divorced,Hyderabad,Analyst,9.3,59987,Small,Engineering,44,1.0,Partial,15,45,Medium,Migraine,5.0,4,No,Sometimes,Travel_Rarely,1,2,4,1,Yes,4,2,3,3,9,8,7,8,43,69.1,4,3,0,5,29,No,Low,1,1
28,Male,Married,Pune,Developer,4.6,104355,Medium,Marketing,44,0.6,No,13,22,Low,,6.2,5,No,Sometimes,Non-Travel,4,2,3,1,No,3,2,3,4,5,4,0,4,81,58.1,4,3,1,5,53,No,Low,1,1
30,Other,Single,Mumbai,Analyst,1.2,47737,Large,Marketing,40,2.2,Partial,15,38,Medium,,5.0,5,Yes,Sometimes,Travel_Rarely,24,1,3,1,No,4,2,2,3,1,0,0,0,145,47.8,3,2,0,1,35,No,Low,1,1
52,Male,Married,Delhi,CEO,23.8,500044,Large,Operations,70,2.6,Partial,15,40,High,Hypertension,5.0,1,Yes,Often,Travel_Frequently,28,4,3,2,Yes,3,2,3,2,5,3,0,2,149,58.6,5,5,0,5,58,No,Low,1,1
22,Male,Married,Mumbai,Developer,1.8,99969,Medium,Marketing,42,3.0,Partial,13,21,Low,Migraine,5.2,5,No,Sometimes,Travel_Rarely,19,1,4,1,No,4,1,6,3,2,2,2,2,36,54.7,5,5,1,3,45,Yes,Low,1,1
32,Other,Married,Kolkata,Analyst,9.7,46264,Small,Engineering,40,0.9,Partial,17,20,Medium,,5.5,4,No,Sometimes,Travel_Frequently,16,1,1,1,Yes,4,2,5,3,10,2,6,7,95,55.1,2,6,3,4,9,Yes,Low,1,1
30,Female,Single,Kolkata,Analyst,7.7,47372,Small,Engineering,45,1.2,Partial,16,29,Low,Migraine,5.5,4,No,Sometimes,Travel_Rarely,5,1,1,5,No,3,4,3,3,3,2,2,2,55,51.8,6,1,0,2,20,Yes,High,1,1
28,Other,Married,Bangalore,Developer,0.7,102927,Large,HR,45,2.6,Partial,9,8,Low,Migraine,5.0,5,Yes,Sometimes,Travel_Rarely,10,1,2,1,No,4,2,5,3,1,0,0,0,104,40.9,3,7,2,1,26,Yes,Low,1,1
22,Female,Single,Pune,Intern,1.7,17505,Small,Engineering,26,1.4,No,11,32,Medium,,7.2,5,No,Rarely,Travel_Rarely,19,1,4,1,No,4,1,6,3,2,2,2,2,58,39.7,4,6,0,6,32,Yes,Medium,1,1
23,Other,Divorced,Pune,Intern,2.5,19548,Small,HR,25,0.7,Partial,11,50,Low,,7.2,5,Yes,Rarely,Travel_Rarely,2,1,1,3,No,3,3,3,3,0,0,0,0,130,49.0,3,5,0,2,30,No,Medium,1,1
31,Other,Married,Hyderabad,Analyst,6.1,58751,Large,Marketing,43,0.9,No,17,23,Medium,Migraine,5.0,4,No,Sometimes,Non-Travel,1,2,3,0,No,3,4,2,3,5,4,1,4,155,51.5,6,7,2,3,49,Yes,Medium,1,1
26,Female,Single,Delhi,Developer,1.9,80759,Large,Operations,41,2.2,Yes,5,8,Low,Migraine,5.7,5,No,Sometimes,Travel_Rarely,25,1,3,1,No,3,3,2,2,1,0,0,1,34,43.2,4,5,1,3,45,Yes,Low,1,1
52,Male,Divorced,Delhi,CEO,20.9,565749,Small,Engineering,69,2.6,Yes,5,14,High,Hypertension,5.0,1,Yes,Often,Travel_Rarely,3,4,2,3,No,3,3,6,3,7,7,1,0,92,54.2,1,1,1,1,27,Yes,High,1,1
21,Other,Divorced,Bangalore,Intern,0.6,17153,Medium,Engineering,33,2.0,Yes,19,41,Low,,6.0,3,Yes,Rarely,Travel_Rarely,12,1,2,1,No,3,4,0,3,1,0,0,0,96,70.8,9,3,2,1,48,Yes,Medium,1,1
22,Female,Married,Pune,Developer,0.6,90086,Large,HR,49,1.2,Partial,18,27,Medium,Migraine,6.2,5,Yes,Sometimes,Non-Travel,16,1,4,1,Yes,3,2,2,2,1,0,0,0,134,32.6,7,6,2,3,12,No,Low,1,1
23,Male,Single,Pune,Developer,0.7,103974,Large,Marketing,44,0.9,No,9,32,Low,Migraine,6.2,5,No,Sometimes,Travel_Rarely,6,1,1,1,Yes,4,3,2,3,0,0,0,0,75,55.8,5,5,0,2,49,Yes,Medium,1,1
24,Male,Single,Hyderabad,Developer,2.4,80478,Small,HR,48,0.8,Partial,10,6,Low,Migraine,5.5,5,Yes,Sometimes,Travel_Rarely,21,1,1,0,No,3,2,3,3,1,1,0,0,48,49.3,4,4,1,3,52,No,Low,1,1
24,Female,Divorced,Delhi,Developer,2.9,106732,Medium,Engineering,41,1.7,Yes,10,35,Low,Migraine,5.7,5,Yes,Sometimes,Travel_Frequently,24,1,4,0,No,3,3,3,3,2,2,2,1,93,54.5,2,8,1,2,41,Yes,Medium,1,1
28,Other,Divorced,Kolkata,Designer,5.4,50003,Medium,HR,47,0.8,Partial,15,27,Low,Migraine,6.5,4,No,Rarely,Non-Travel,4,2,3,1,No,3,2,3,4,5,4,0,4,158,45.7,4,3,3,5,46,No,Medium,1,1
33,Other,Divorced,Bangalore,Manager,8.6,248077,Medium,Marketing,56,2.8,Yes,7,34,Low,,5.0,4,Yes,Often,Travel_Frequently,10,2,4,3,No,3,3,6,2,7,7,0,1,23,48.5,5,6,1,3,48,Yes,Medium,1,1
30,Female,Divorced,Mumbai,Analyst,2.0,57618,Large,Operations,40,2.9,Partial,14,29,Low,,5.0,5,Yes,Sometimes,Travel_Rarely,24,1,3,1,No,4,2,2,3,1,0,0,0,147,51.3,4,6,0,2,56,No,Medium,1,1
46,Female,Divorced,Pune,CEO,1.8,591062,Medium,Marketing,65,1.3,No,11,14,Low,Hypertension,5.0,5,No,Often,Travel_Rarely,2,1,3,1,No,3,4,3,3,1,0,0,0,36,47.0,6,4,0,2,50,Yes,High,1,1
40,Other,Married,Delhi,CEO,14.4,588250,Large,HR,68,2.1,Partial,19,2,High,Hypertension,5.0,3,No,Often,Travel_Rarely,20,3,4,4,No,4,4,6,3,11,10,11,1,3,34.8,3,2,2,6,59,No,Low,1,1
21,Male,Single,Bangalore,Intern,0.7,18387,Large,Operations,35,1.8,Partial,6,44,Medium,,6.0,3,No,Rarely,Travel_Rarely,12,1,2,1,No,3,4,0,3,1,0,0,0,107,47.7,7,4,3,5,4,Yes,Medium,1,1
31,Female,Divorced,Pune,Manager,5.2,255459,Large,Operations,59,1.4,Partial,6,7,Low,Migraine,5.0,4,No,Often,Travel_Rarely,26,1,3,1,No,3,4,1,2,5,2,4,3,125,35.8,5,4,2,4,38,No,Medium,1,1
27,Male,Married,Kolkata,Analyst,3.8,57050,Large,Marketing,42,0.8,Partial,20,44,Medium,,6.5,5,Yes,Sometimes,Travel_Rarely,5,1,2,1,Yes,3,2,2,2,4,3,1,2,19,56.5,6,9,0,5,34,Yes,Medium,1,1
31,Other,Married,Hyderabad,Analyst,0.8,50925,Small,Marketing,40,0.7,No,20,29,Medium,,5.0,5,Yes,Sometimes,Travel_Rarely,1,1,2,1,No,3,2,4,3,1,1,1,0,151,31.3,7,3,0,4,38,Yes,Medium,1,1
59,Other,Divorced,Kolkata,CEO,3.6,586169,Small,HR,69,1.1,Partial,6,41,Low,Diabetes,5.0,5,No,Often,Travel_Frequently,2,1,4,9,Yes,3,4,3,2,1,0,0,0,49,60.3,2,5,1,5,53,No,High,1,1
42,Female,Single,Pune,Manager,5.2,254352,Medium,HR,60,1.5,No,12,20,Medium,,5.0,4,No,Often,Travel_Rarely,2,1,3,0,Yes,3,3,5,3,3,2,1,0,176,54.3,6,6,2,3,38,No,High,1,1
32,Female,Divorced,Kolkata,Manager,10.1,225110,Small,Operations,55,1.2,No,14,17,High,Back Pain,5.0,3,No,Often,Travel_Frequently,16,1,1,1,Yes,4,2,5,3,10,2,6,7,178,54.3,4,5,2,2,37,No,Medium,1,1
29,Female,Divorced,Mumbai,Designer,2.9,49481,Small,Engineering,48,1.9,Yes,6,22,Medium,,5.2,5,Yes,Rarely,Travel_Frequently,20,1,4,1,No,3,2,5,3,3,1,0,2,95,30.0,6,4,2,1,44,No,Low,1,1
43,Other,Married,Delhi,Manager,20.0,294212,Medium,Engineering,51,2.8,Partial,10,29,High,Arthritis,5.0,1,No,Often,Travel_Rarely,6,2,3,1,Yes,3,1,3,1,20,7,1,8,104,46.7,3,6,1,3,5,No,Medium,1,1
21,Female,Married,Hyderabad,Intern,0.9,19608,Large,Marketing,30,1.0,No,7,21,Low,,6.5,3,Yes,Rarely,Travel_Rarely,12,1,2,1,No,3,4,0,3,1,0,0,0,163,61.5,6,2,0,4,66,No,Medium,1,1
31,Female,Married,Kolkata,Designer,8.1,41493,Medium,HR,49,1.1,No,9,5,Low,,5.5,4,No,Rarely,Travel_Rarely,11,1,4,3,Yes,3,2,2,3,6,4,0,2,116,44.8,8,3,3,3,33,No,Medium,1,1
21,Male,Divorced,Kolkata,Intern,0.9,18694,Large,Marketing,26,1.1,Partial,19,26,Low,,7.5,5,Yes,Rarely,Travel_Rarely,12,1,2,1,No,3,4,0,3,1,0,0,0,97,39.2,3,5,1,4,65,No,Low,1,1
26,Other,Divorced,Bangalore,Analyst,2.3,47382,Small,Marketing,41,2.8,Yes,7,5,Medium,Migraine,5.0,5,No,Sometimes,Travel_Rarely,23,1,4,1,No,4,2,3,1,3,2,0,2,65,43.6,7,5,1,3,18,Yes,Medium,1,1
22,Female,Divorced,Hyderabad,Intern,1.1,16295,Small,Operations,26,1.5,No,15,39,Low,Migraine,6.5,5,Yes,Rarely,Non-Travel,16,1,4,1,Yes,3,2,2,2,1,0,0,0,78,49.3,15,6,3,2,17,No,Medium,1,1
26,Female,Married,Pune,Developer,4.0,82474,Small,Operations,48,0.7,No,7,12,Medium,Migraine,6.2,5,Yes,Sometimes,Travel_Rarely,23,2,4,7,Yes,3,3,2,2,2,2,0,0,161,41.5,7,5,2,3,30,No,Low,1,1
31,Other,Divorced,Mumbai,Designer,5.6,43320,Large,Engineering,41,2.8,Yes,19,8,Low,Migraine,5.0,4,No,Rarely,Non-Travel,1,2,3,0,No,3,4,2,3,5,4,1,4,163,62.3,6,2,1,3,36,No,High,1,1
38,Male,Single,Hyderabad,Manager,8.6,249306,Small,Operations,56,1.2,Partial,9,11,Low,Migraine,5.0,4,Yes,Often,Travel_Rarely,29,2,4,3,No,3,1,3,1,7,7,1,7,5,49.4,3,9,0,2,25,No,High,1,1
25,Other,Divorced,Bangalore,Designer,1.9,45455,Medium,Engineering,40,1.5,Yes,10,32,Low,Migraine,5.0,5,Yes,Rarely,Travel_Rarely,7,1,4,1,No,3,3,2,3,2,2,2,1,38,44.4,2,4,0,4,19,No,Medium,1,1
35,Male,Single,Hyderabad,Designer,12.1,43570,Large,HR,50,0.5,Partial,12,32,High,Back Pain,5.0,3,Yes,Rarely,Travel_Rarely,16,3,2,0,No,3,3,3,2,11,9,6,9,169,37.0,5,3,2,3,42,No,Medium,1,1
21,Female,Single,Pune,Intern,0.9,15939,Small,Marketing,33,1.1,Partial,11,10,Medium,,7.2,4,Yes,Rarely,Travel_Rarely,12,1,2,1,No,3,4,0,3,1,0,0,0,114,54.8,6,6,1,1,64,Yes,Medium,1,1
24,Female,Single,Kolkata,Intern,2.3,17745,Small,Marketing,30,1.2,Partial,7,15,Medium,Migraine,7.5,4,Yes,Rarely,Travel_Rarely,21,1,1,0,No,3,2,3,3,1,1,0,0,124,54.6,6,3,1,0,68,Yes,Medium,1,1
33,Male,Divorced,Bangalore,Analyst,7.9,45651,Large,HR,45,2.2,Partial,17,15,Low,,5.0,4,No,Sometimes,Travel_Frequently,3,1,3,1,Yes,3,3,3,3,8,7,3,0,11,42.1,4,7,2,3,29,Yes,Medium,1,1
32,Other,Single,Bangalore,Manager,2.1,293807,Medium,Engineering,60,2.5,Partial,6,49,Low,Migraine,5.0,5,No,Often,Travel_Frequently,13,1,2,1,No,4,3,2,3,2,2,2,2,130,30.0,1,6,1,4,13,No,Medium,1,1
20,Male,Single,Bangalore,Intern,0.4,19838,Medium,Operations,27,1.7,Yes,5,12,Low,,6.0,3,Yes,Rarely,Travel_Frequently,6,1,4,1,Yes,3,2,5,3,1,0,1,0,17,54.1,6,2,1,4,30,Yes,Low,1,1
21,Other,Married,Bangalore,Intern,0.6,19896,Large,HR,33,1.7,Partial,8,27,Low,Migraine,6.0,3,Yes,Rarely,Travel_Rarely,12,1,2,1,No,3,4,0,3,1,0,0,0,39,48.1,8,7,0,1,69,No,Medium,1,1
29,Other,Divorced,Mumbai,Designer,1.2,47879,Medium,Engineering,48,2.3,Yes,5,35,Low,Migraine,5.2,5,No,Rarely,Travel_Rarely,10,1,3,1,No,3,3,6,3,1,0,0,0,20,53.4,2,5,2,4,56,Yes,High,1,1
45,Female,Married,Mumbai,Manager,21.7,255863,Large,HR,55,1.7,Yes,11,48,High,Back Pain,5.0,1,No,Often,Non-Travel,2,4,4,9,No,4,4,1,3,20,8,11,8,142,69.6,2,7,0,1,43,Yes,Low,1,1
47,Other,Divorced,Hyderabad,CEO,7.4,535128,Medium,HR,69,1.5,Partial,14,50,Medium,Hypertension,5.0,4,Yes,Often,Travel_Rarely,9,1,3,4,No,3,3,2,3,2,2,2,0,98,49.7,2,4,0,7,26,Yes,Low,1,1
42,Other,Married,Hyderabad,Manager,0.6,262849,Large,Marketing,59,1.0,No,5,43,Medium,Hypertension,5.0,5,No,Often,Travel_Rarely,2,1,3,0,Yes,3,3,5,3,3,2,1,0,25,44.9,5,6,0,0,53,Yes,Medium,1,1
29,Female,Divorced,Mumbai,Designer,7.3,53278,Medium,Operations,43,2.8,Partial,10,23,Low,,5.2,4,Yes,Rarely,Travel_Rarely,1,1,3,0,No,3,4,1,2,6,2,1,5,7,38.5,7,2,1,3,80,No,Medium,1,1
26,Male,Divorced,Pune,Analyst,3.5,59170,Large,Marketing,43,0.6,No,19,43,Medium,Migraine,6.2,5,Yes,Sometimes,Travel_Rarely,23,1,4,1,No,4,2,3,1,3,2,0,2,99,46.9,7,6,1,6,32,No,Low,1,1
41,Female,Divorced,Mumbai,Manager,7.1,222047,Small,HR,51,1.6,Yes,15,39,Low,Back Pain,5.0,4,No,Often,Travel_Rarely,9,1,1,2,No,4,4,2,3,5,0,1,4,86,51.6,9,5,0,4,0,No,High,1,1
33,Female,Married,Mumbai,Analyst,0.9,45726,Medium,Marketing,45,2.8,Yes,5,42,Medium,Migraine,5.0,5,Yes,Sometimes,Travel_Rarely,5,1,3,1,Yes,3,2,2,3,1,0,0,0,41,50.5,4,5,1,7,14,No,Low,1,1
25,Female,Divorced,Hyderabad,Intern,4.9,18615,Medium,HR,26,1.1,No,18,20,Low,,6.5,5,No,Rarely,Travel_Rarely,1,2,3,0,No,3,4,3,3,4,2,1,2,171,67.2,7,3,1,4,36,No,High,1,1
29,Female,Married,Mumbai,Analyst,8.6,47418,Large,Engineering,44,1.6,Partial,5,38,Medium,Migraine,5.2,4,Yes,Sometimes,Travel_Rarely,1,4,4,3,No,3,2,2,2,7,7,1,7,13,55.0,5,5,0,3,32,No,Low,1,1
40,Female,Married,Mumbai,CEO,14.3,570057,Large,Marketing,60,2.4,Partial,18,40,High,Back Pain,5.0,3,Yes,Often,Travel_Rarely,20,3,4,4,No,4,4,6,3,11,10,11,1,77,48.7,7,6,0,0,62,No,Low,1,1
30,Female,Married,Delhi,Developer,3.4,105515,Large,HR,47,2.7,Yes,20,43,Medium,,5.0,5,Yes,Sometimes,Travel_Frequently,4,1,4,9,Yes,4,3,4,3,1,0,0,0,1,42.9,7,6,0,3,23,No,High,1,1
26,Other,Single,Pune,Analyst,1.1,53411,Small,HR,44,1.4,No,16,39,Medium,,6.2,5,No,Sometimes,Travel_Rarely,25,1,3,1,No,3,3,2,2,1,0,0,1,118,52.7,3,4,3,1,32,Yes,High,1,1
36,Male,Married,Bangalore,Manager,14.2,240239,Small,Marketing,58,2.8,Partial,8,24,High,Arthritis,5.0,3,Yes,Often,Travel_Rarely,12,3,4,0,No,3,2,2,2,14,8,7,8,36,40.9,5,3,1,5,22,No,High,1,1
31,Other,Married,Delhi,Analyst,5.3,52398,Large,Operations,40,1.9,Yes,9,38,Medium,,5.0,4,No,Sometimes,Travel_Rarely,26,1,3,1,No,3,4,1,2,5,2,4,3,68,51.8,5,6,0,2,51,Yes,Low,1,1
24,Male,Divorced,Pune,Developer,3.6,101390,Medium,HR,46,1.1,No,11,27,Low,Migraine,6.2,5,Yes,Sometimes,Travel_Rarely,3,2,3,0,No,4,1,2,2,3,2,0,2,165,54.9,5,5,0,3,18,No,Medium,1,1
27,Male,Married,Bangalore,Analyst,5.7,54051,Large,Operations,43,2.0,Partial,10,6,Low,,5.0,4,Yes,Sometimes,Travel_Rarely,2,1,2,9,No,3,4,3,3,2,2,2,2,40,47.8,5,3,1,5,30,Yes,Low,1,1
25,Other,Married,Delhi,Developer,4.1,93819,Medium,Marketing,44,2.7,Yes,11,46,Low,,5.7,5,Yes,Sometimes,Travel_Rarely,8,2,2,0,No,4,3,4,3,3,2,1,2,61,43.7,8,6,0,4,5,No,Low,1,1
31,Male,Single,Hyderabad,Analyst,6.4,51032,Medium,Marketing,40,0.5,No,20,6,Low,Migraine,5.0,4,No,Sometimes,Non-Travel,1,2,3,0,No,3,4,2,3,5,4,1,4,59,30.0,2,5,0,2,24,No,Low,1,1
30,Male,Divorced,Pune,Designer,2.8,41449,Medium,HR,40,1.4,No,11,32,Low,Migraine,5.2,5,No,Rarely,Travel_Frequently,4,1,4,9,Yes,4,3,4,3,1,0,0,0,124,61.4,6,3,0,2,68,Yes,Low,1,1
20,Female,Married,Pune,Intern,0.0,19603,Medium,Operations,26,0.7,No,6,43,Medium,Migraine,7.2,3,No,Rarely,Travel_Rarely,15,1,4,1,No,3,4,6,3,0,0,0,0,110,54.0,6,4,1,2,71,No,High,1,1
31,Other,Married,Delhi,Manager,10.5,297343,Large,HR,53,1.9,Partial,14,38,High,Hypertension,5.0,3,Yes,Often,Travel_Rarely,7,2,4,3,No,4,4,3,2,7,7,1,7,13,54.3,6,7,0,2,48,No,Low,1,1
34,Male,Single,Bangalore,Analyst,7.9,49680,Medium,Marketing,45,2.5,Partial,13,34,Low,,5.0,4,No,Sometimes,Travel_Rarely,6,1,1,2,No,3,3,2,3,4,2,1,3,83,34.4,1,5,0,2,44,Yes,Medium,1,1
35,Other,Divorced,Bangalore,Designer,4.5,46116,Small,Marketing,40,2.4,Partial,13,11,Medium,,5.0,5,Yes,Rarely,Travel_Rarely,23,1,1,3,Yes,3,3,3,3,2,2,2,2,129,63.8,10,5,0,3,22,No,Medium,1,1
33,Female,Married,Mumbai,Analyst,1.3,45259,Medium,Operations,43,1.6,Partial,13,42,Low,Migraine,5.0,5,Yes,Sometimes,Travel_Rarely,5,1,3,1,Yes,3,2,2,3,1,0,0,0,69,45.3,5,5,0,2,39,No,Low,1,1
20,Other,Single,Bangalore,Intern,0.5,16420,Small,Operations,28,2.9,Partial,11,26,Medium,,6.0,4,No,Rarely,Travel_Frequently,6,1,4,1,Yes,3,2,5,3,1,0,1,0,144,47.1,3,4,0,2,38,Yes,High,1,1
29,Other,Married,Delhi,Analyst,3.8,49211,Medium,Operations,40,2.1,Partial,8,15,Medium,,5.7,5,Yes,Sometimes,Travel_Rarely,18,1,4,1,Yes,3,3,3,2,4,3,0,1,122,39.3,0,4,1,4,35,Yes,Low,1,1
53,Male,Single,Pune,CEO,16.6,526176,Medium,Engineering,68,1.1,No,10,49,High,Arthritis,5.0,2,Yes,Often,Travel_Rarely,1,2,1,7,No,4,4,2,4,14,7,8,10,88,32.1,7,5,0,2,51,No,High,1,1
34,Other,Single,Hyderabad,Designer,6.7,40165,Medium,Engineering,43,1.3,No,8,12,Medium,Migraine,5.0,4,No,Rarely,Travel_Rarely,8,2,1,3,No,3,3,3,3,0,0,0,0,27,61.6,4,3,0,2,16,No,High,1,1
21,Male,Divorced,Bangalore,Intern,0.7,18514,Medium,Marketing,33,3.0,Partial,19,31,Medium,,6.0,4,Yes,Rarely,Travel_Rarely,12,1,2,1,No,3,4,0,3,1,0,0,0,65,62.9,6,5,0,0,86,Yes,High,1,1
27,Female,Single,Kolkata,Analyst,4.5,53187,Medium,Marketing,42,0.8,Partial,7,32,Medium,Migraine,6.5,5,Yes,Sometimes,Travel_Rarely,5,1,2,1,Yes,3,2,2,2,4,3,1,2,162,48.3,4,6,0,2,67,No,Medium,1,1
33,Other,Single,Bangalore,Designer,7.4,41955,Small,HR,41,1.8,Partial,7,50,Medium,,5.0,4,Yes,Rarely,Travel_Rarely,2,1,4,4,No,3,4,3,3,1,1,0,0,4,43.2,2,6,2,7,19,No,Low,1,1
21,Male,Married,Delhi,Intern,0.5,19045,Small,Marketing,31,1.9,Yes,9,22,Low,,6.7,5,No,Rarely,Travel_Rarely,15,1,4,1,No,3,4,6,3,0,0,0,0,167,46.2,4,6,1,2,37,No,Low,1,1
46,Female,Single,Hyderabad,CEO,16.4,597951,Large,Engineering,69,1.5,Partial,13,33,High,Diabetes,5.0,2,No,Often,Travel_Rarely,5,2,2,8,Yes,4,4,2,3,4,2,0,2,163,46.5,9,8,0,1,23,No,Medium,1,1
35,Male,Single,Delhi,Designer,3.7,54405,Small,HR,47,1.6,Yes,5,39,Low,Migraine,5.0,5,Yes,Rarely,Travel_Rarely,23,1,1,3,Yes,3,3,3,3,2,2,2,2,44,38.0,4,5,1,3,48,Yes,Medium,1,1
33,Female,Married,Bangalore,Designer,7.7,43333,Small,Engineering,46,2.7,Yes,10,44,Medium,,5.0,4,Yes,Rarely,Travel_Frequently,3,1,3,1,Yes,3,3,3,3,8,7,3,0,150,47.1,5,3,1,2,33,Yes,High,1,1
20,Female,Single,Kolkata,Intern,0.2,17431,Large,Marketing,31,0.5,Partial,10,7,Medium,Migraine,7.5,5,No,Rarely,Travel_Frequently,6,1,4,1,Yes,3,2,5,3,1,0,1,0,46,51.5,8,5,3,6,0,Yes,Medium,1,1
34,Female,Divorced,Pune,Analyst,3.6,48249,Medium,Operations,40,0.7,No,8,18,Medium,Migraine,5.2,5,No,Sometimes,Travel_Rarely,3,1,4,0,No,3,3,1,1,3,2,0,2,30,60.2,2,5,0,1,17,No,Low,1,1
35,Other,Single,Hyderabad,Manager,3.0,203178,Small,Operations,52,1.3,No,14,32,Low,Migraine,5.0,5,No,Often,Travel_Rarely,8,1,4,1,No,3,2,1,2,3,2,0,2,138,50.1,2,4,0,2,62,No,Low,1,1
45,Female,Single,Hyderabad,Manager,12.1,210908,Large,Marketing,57,0.9,No,6,32,High,Back Pain,5.0,3,No,Often,Travel_Rarely,8,2,4,9,No,3,1,3,3,10,9,9,8,9,34.2,5,6,2,3,31,No,Low,1,1
22,Male,Divorced,Delhi,Developer,1.5,85791,Small,HR,45,1.7,Yes,13,25,Medium,Migraine,5.7,5,No,Sometimes,Non-Travel,16,1,4,1,Yes,3,2,2,2,1,0,0,0,117,53.5,4,4,1,3,30,No,Medium,1,1
42,Other,Single,Pune,CEO,6.0,510896,Large,Operations,68,1.2,No,6,32,Medium,Diabetes,5.0,4,Yes,Often,Travel_Rarely,2,1,3,1,No,3,4,3,2,5,3,1,4,13,47.4,8,6,0,2,48,No,Low,1,1
31,Female,Married,Pune,Designer,1.1,54112,Small,HR,41,1.4,No,8,50,Medium,Migraine,5.2,5,Yes,Rarely,Travel_Rarely,1,1,2,1,No,3,2,4,3,1,1,1,0,79,63.7,6,7,0,3,54,Yes,Medium,1,1
21,Other,Married,Bangalore,Intern,0.6,15989,Large,Engineering,35,1.6,Partial,11,30,Low,,6.0,4,No,Rarely,Travel_Rarely,12,1,2,1,No,3,4,0,3,1,0,0,0,92,64.3,9,1,2,4,33,No,Medium,1,1
20,Female,Divorced,Hyderabad,Intern,0.0,18929,Small,Marketing,31,1.3,Partial,7,31,Medium,,6.5,4,Yes,Rarely,Travel_Rarely,15,1,4,1,No,3,4,6,3,0,0,0,0,9,64.6,7,4,2,3,0,Yes,Low,1,1
23,Male,Divorced,Kolkata,Developer,1.0,89031,Medium,Engineering,43,1.2,No,10,35,Low,Migraine,6.5,5,No,Sometimes,Travel_Rarely,6,1,1,1,Yes,4,3,2,3,0,0,0,0,75,44.4,2,6,1,1,19,No,Medium,1,1
30,Male,Divorced,Kolkata,Designer,8.8,43935,Medium,Engineering,43,1.3,No,19,23,Medium,Migraine,5.5,4,Yes,Rarely,Travel_Frequently,26,2,1,5,No,3,3,5,2,6,3,0,1,93,69.9,8,7,1,4,0,No,Medium,1,1
38,Male,Married,Mumbai,Manager,3.3,238897,Small,Marketing,55,2.3,Yes,11,24,Low,Migraine,5.0,5,Yes,Often,Travel_Rarely,9,1,2,0,No,3,4,3,3,2,2,1,2,104,53.5,3,5,0,4,7,No,Medium,1,1
23,Female,Married,Pune,Intern,2.0,19114,Large,HR,26,0.5,No,6,49,Low,,7.2,4,No,Rarely,Travel_Rarely,10,1,3,1,No,3,4,3,3,2,2,0,2,0,66.3,5,5,2,4,37,No,High,1,1
26,Other,Divorced,Bangalore,Developer,1.3,104161,Small,Marketing,41,2.8,Partial,13,20,Medium,,5.0,5,No,Sometimes,Travel_Rarely,25,1,3,1,No,3,3,2,2,1,0,0,1,132,45.0,4,6,2,2,36,Yes,Low,1,1
31,Other,Divorced,Pune,Analyst,2.8,52117,Small,Marketing,44,1.4,No,6,49,Low,Migraine,5.2,5,No,Sometimes,Travel_Rarely,2,1,4,0,Yes,3,2,2,1,2,2,2,2,19,47.0,5,4,1,6,61,Yes,Medium,1,1
30,Male,Married,Delhi,Designer,6.6,50501,Large,Engineering,49,2.5,Partial,18,49,Low,Migraine,5.0,4,No,Rarely,Travel_Rarely,1,1,3,3,No,4,3,2,3,2,2,0,2,7,52.7,4,3,0,3,34,No,High,1,1
40,Male,Divorced,Mumbai,Manager,14.0,278153,Medium,Marketing,58,2.4,Partial,11,26,High,Hypertension,5.0,3,No,Often,Travel_Rarely,20,3,4,4,No,4,4,6,3,11,10,11,1,170,51.5,8,2,0,0,17,No,Medium,1,1
25,Other,Single,Pune,Analyst,3.5,59168,Large,Marketing,45,0.8,No,10,12,Medium,,6.2,5,Yes,Sometimes,Travel_Rarely,8,2,2,0,No,4,3,4,3,3,2,1,2,0,62.5,0,6,0,4,59,Yes,Medium,1,1
33,Female,Married,Mumbai,Designer,3.0,54444,Large,Operations,46,2.2,Partial,13,11,Low,Migraine,5.0,5,Yes,Rarely,Non-Travel,8,1,4,0,No,3,4,2,2,2,2,2,2,56,47.7,7,4,0,2,70,Yes,Medium,1,1
45,Male,Single,Mumbai,CEO,10.2,556991,Large,Marketing,66,1.7,Partial,9,15,High,Diabetes,5.0,3,No,Often,Travel_Rarely,29,3,4,4,Yes,3,4,4,4,3,1,1,2,63,61.6,4,9,0,1,53,Yes,Medium,1,1
35,Female,Single,Bangalore,Designer,12.4,45555,Large,Engineering,50,2.0,Partial,7,36,High,Back Pain,5.0,3,No,Rarely,Travel_Rarely,16,3,2,0,No,3,3,3,2,11,9,6,9,117,57.3,5,3,0,0,34,No,Low,1,1
23,Other,Divorced,Mumbai,Developer,2.9,114459,Medium,Operations,47,2.2,Yes,17,13,Medium,Migraine,5.2,5,Yes,Sometimes,Travel_Rarely,2,1,1,3,No,3,3,3,3,0,0,0,0,27,47.9,2,6,2,2,29,No,Medium,1,1
49,Female,Single,Bangalore,CEO,7.7,565778,Medium,Engineering,61,2.4,Yes,18,45,Medium,Back Pain,5.0,4,Yes,Often,Travel_Rarely,11,2,4,3,No,3,3,1,4,5,1,0,4,120,56.5,3,5,0,3,11,No,Low,1,1
54,Male,Single,Pune,CEO,16.2,591560,Small,Engineering,63,0.8,Partial,9,16,High,Diabetes,5.0,2,Yes,Often,Travel_Rarely,2,3,3,9,No,3,1,5,1,4,3,0,3,106,45.3,3,5,1,1,19,No,Medium,1,1
47,Male,Divorced,Kolkata,CEO,21.4,559458,Small,Operations,70,0.7,Partial,10,32,High,Arthritis,5.0,1,No,Often,Travel_Rarely,5,5,3,4,No,3,2,2,3,3,2,1,1,164,73.5,1,8,1,1,26,No,Medium,1,1
23,Other,Married,Delhi,Intern,0.9,17159,Medium,Engineering,28,2.4,Partial,7,10,Low,,6.7,5,Yes,Rarely,Travel_Rarely,6,1,1,1,Yes,4,3,2,3,0,0,0,0,174,30.0,3,5,1,4,9,Yes,Medium,1,1
37,Other,Married,Mumbai,Manager,2.4,273536,Large,HR,57,1.9,Partial,8,39,Low,,5.0,5,Yes,Often,Travel_Rarely,9,1,3,0,Yes,3,1,0,2,1,0,0,0,164,56.7,4,8,3,2,28,No,Medium,1,1
20,Male,Married,Delhi,Intern,0.2,15691,Medium,Marketing,29,2.0,Partial,20,12,Medium,Migraine,6.7,3,No,Rarely,Travel_Frequently,6,1,4,1,Yes,3,2,5,3,1,0,1,0,48,32.4,4,4,0,0,29,No,Low,1,1
59,Other,Married,Pune,CEO,27.3,515463,Large,Operations,70,1.1,Partial,12,49,High,Diabetes,5.0,1,Yes,Often,Travel_Rarely,25,3,1,7,No,3,4,3,2,21,16,7,9,119,47.7,7,7,3,3,60,Yes,Low,1,1
20,Male,Divorced,Delhi,Intern,0.4,15538,Medium,Operations,35,2.7,Partial,19,45,Medium,Migraine,6.7,5,Yes,Rarely,Travel_Frequently,6,1,4,1,Yes,3,2,5,3,1,0,1,0,43,49.1,9,9,3,4,3,No,Medium,1,1
25,Female,Single,Kolkata,Designer,4.8,45994,Small,Marketing,47,1.2,Partial,6,14,Medium,,6.5,5,No,Rarely,Travel_Rarely,1,2,3,0,No,3,4,3,3,4,2,1,2,55,65.1,1,7,1,1,38,No,Low,1,1
51,Male,Single,Kolkata,CEO,19.9,582354,Medium,Operations,61,1.0,Partial,8,42,High,Arthritis,5.0,2,Yes,Often,Travel_Rarely,3,4,2,3,No,3,3,6,3,7,7,1,0,155,43.1,3,5,1,2,8,No,Medium,1,1
30,Other,Married,Mumbai,Designer,6.6,41372,Small,Operations,50,2.5,Yes,19,34,Low,,5.0,4,Yes,Rarely,Travel_Rarely,1,1,3,3,No,4,3,2,3,2,2,0,2,110,63.1,5,6,1,4,0,No,Medium,1,1
25,Female,Single,Hyderabad,Designer,2.1,54812,Medium,Engineering,47,0.6,No,6,12,Low,Migraine,5.5,5,No,Rarely,Travel_Rarely,7,1,4,1,No,3,3,2,3,2,2,2,1,133,38.2,1,4,3,0,25,No,Low,1,1
23,Female,Divorced,Hyderabad,Developer,0.6,109414,Medium,Marketing,44,0.6,Partial,5,18,Low,Migraine,5.5,5,Yes,Sometimes,Travel_Rarely,6,1,1,1,Yes,4,3,2,3,0,0,0,0,107,63.5,3,2,0,5,35,No,High,1,1
25,Other,Married,Hyderabad,Developer,3.0,113133,Large,Operations,48,0.7,Partial,16,2,Medium,Migraine,5.5,5,Yes,Sometimes,Travel_Rarely,7,1,4,1,No,3,3,2,3,2,2,2,1,147,45.3,5,2,0,4,60,No,Medium,1,1
48,Other,Married,Delhi,CEO,19.2,547365,Large,Engineering,68,1.8,Yes,14,44,High,Arthritis,5.0,2,Yes,Often,Travel_Rarely,6,2,3,2,No,3,4,0,3,2,2,2,2,113,50.7,7,4,0,1,30,No,Low,1,1
32,Other,Married,Delhi,Designer,2.1,51677,Medium,Marketing,49,2.3,Yes,18,28,Medium,Migraine,5.0,5,Yes,Rarely,Travel_Frequently,13,1,2,1,No,4,3,2,3,2,2,2,2,77,46.6,4,7,2,3,24,Yes,Low,1,1
25,Other,Divorced,Mumbai,Developer,2.1,85070,Large,Operations,42,2.6,Yes,8,20,Medium,,5.2,5,Yes,Sometimes,Travel_Rarely,7,1,4,1,No,3,3,2,3,2,2,2,1,129,62.8,6,3,0,3,21,No,Medium,1,1
38,Female,Divorced,Pune,Manager,16.7,205457,Large,Operations,58,0.6,Partial,14,20,High,Arthritis,5.0,2,No,Often,Non-Travel,6,2,4,7,Yes,3,4,3,3,13,11,1,9,36,60.9,4,2,0,2,25,Yes,Low,1,1
32,Female,Divorced,Mumbai,Analyst,6.3,46621,Large,Marketing,43,2.3,Partial,11,15,Low,Migraine,5.0,4,No,Sometimes,Travel_Rarely,4,1,2,2,No,3,1,5,3,4,3,1,2,19,54.4,3,3,3,1,0,No,High,1,1
59,Male,Divorced,Hyderabad,CEO,25.9,522538,Medium,Marketing,63,1.4,Partial,10,18,High,Arthritis,5.0,1,Yes,Often,Travel_Rarely,18,3,4,6,No,3,4,6,2,9,7,5,4,25,38.5,5,6,1,2,19,No,Medium,1,1
26,Male,Divorced,Mumbai,Analyst,3.6,47476,Large,Operations,42,2.6,Partial,9,6,Low,Migraine,5.2,5,No,Sometimes,Travel_Rarely,23,1,4,1,No,4,2,3,1,3,2,0,2,28,42.8,4,4,1,1,51,Yes,High,1,1
39,Female,Divorced,Delhi,Manager,10.9,262384,Large,HR,56,2.9,Partial,16,10,High,Diabetes,5.0,3,No,Often,Non-Travel,2,1,1,2,Yes,4,2,2,4,1,0,0,0,0,39.7,4,4,0,3,0,No,Low,1,1
